/*******************************************************************************
 * Size: 14 px
 * Bpp: 4
 * Opts: --bpp 4 --size 14 --no-compress --stride 1 --align 1 --font MursGothic-WideDark.ttf --range 0-65535 --format lvgl -o Murs.c
 ******************************************************************************/

#ifdef __has_include
    #if __has_include("lvgl.h")
        #ifndef LV_LVGL_H_INCLUDE_SIMPLE
            #define LV_LVGL_H_INCLUDE_SIMPLE
        #endif
    #endif
#endif

#ifdef LV_LVGL_H_INCLUDE_SIMPLE
    #include "lvgl.h"
#else
    #include "lvgl/lvgl.h"
#endif



#ifndef MURS
#define MURS 1
#endif

#if MURS

/*-----------------
 *    BITMAPS
 *----------------*/

/*Store the image of the glyphs*/
static LV_ATTRIBUTE_LARGE_CONST const uint8_t glyph_bitmap[] = {
    /* U+0020 " " */

    /* U+0021 "!" */
    0x5f, 0xfe, 0x3f, 0xfc, 0xf, 0xfa, 0xe, 0xf8,
    0xc, 0xf6, 0x9, 0xe3, 0x0, 0x0, 0x5d, 0xdd,
    0x6f, 0xff, 0x6f, 0xff,

    /* U+0022 "\"" */
    0x5, 0xff, 0xd3, 0xff, 0xe0, 0x9, 0xff, 0x57,
    0xff, 0x60, 0xe, 0xfc, 0xc, 0xfe, 0x0, 0x3f,
    0xf4, 0x1f, 0xf6, 0x0, 0x39, 0x70, 0x29, 0x80,
    0x0,

    /* U+0023 "#" */
    0x0, 0x0, 0xe, 0xff, 0x11, 0xff, 0xd0, 0x0,
    0x0, 0x5f, 0xf9, 0x8, 0xff, 0x70, 0xd, 0xee,
    0xff, 0xff, 0xef, 0xff, 0xfa, 0xe, 0xff, 0xff,
    0xff, 0xff, 0xff, 0xfb, 0x0, 0x9, 0xff, 0x50,
    0xcf, 0xf2, 0x0, 0x0, 0xe, 0xff, 0x1, 0xff,
    0xd0, 0x0, 0x8f, 0xff, 0xff, 0xff, 0xff, 0xff,
    0xf1, 0x7e, 0xff, 0xfe, 0xef, 0xff, 0xee, 0xe1,
    0x3, 0xff, 0xb0, 0x6f, 0xf8, 0x0, 0x0, 0xb,
    0xff, 0x40, 0xdf, 0xf1, 0x0, 0x0,

    /* U+0024 "$" */
    0x0, 0x0, 0xd, 0x30, 0x0, 0x0, 0x18, 0xdf,
    0xff, 0xe9, 0x10, 0xc, 0xff, 0xdf, 0xdf, 0xfd,
    0x4, 0xff, 0xf3, 0xd3, 0x66, 0x40, 0x4f, 0xff,
    0xef, 0xa5, 0x10, 0x0, 0xef, 0xff, 0xff, 0xff,
    0xa0, 0x2, 0xcf, 0xff, 0xff, 0xff, 0x80, 0x0,
    0x14, 0xeb, 0xff, 0xfc, 0x4, 0x8c, 0x2d, 0x3c,
    0xff, 0xb4, 0xff, 0xff, 0xfe, 0xff, 0xf4, 0x2,
    0x9d, 0xff, 0xfe, 0xb4, 0x0, 0x0, 0x0, 0xd3,
    0x0, 0x0, 0x0, 0x0, 0x5, 0x10, 0x0, 0x0,

    /* U+0025 "%" */
    0x7, 0xdf, 0xeb, 0x30, 0x0, 0x5, 0xff, 0x50,
    0x7, 0xff, 0x6b, 0xff, 0x10, 0x6, 0xff, 0x40,
    0x0, 0xcf, 0xe0, 0x5f, 0xf4, 0x7, 0xff, 0x40,
    0x0, 0x9, 0xff, 0x39, 0xff, 0x28, 0xfe, 0x30,
    0x0, 0x0, 0x1b, 0xff, 0xff, 0x69, 0xfe, 0x20,
    0x10, 0x0, 0x0, 0x2, 0x43, 0xa, 0xfd, 0x3a,
    0xff, 0xfc, 0x30, 0x0, 0x0, 0xb, 0xfd, 0x1a,
    0xff, 0x5c, 0xfe, 0x0, 0x0, 0xb, 0xfc, 0x10,
    0xdf, 0xc0, 0x7f, 0xf2, 0x0, 0x1c, 0xfc, 0x0,
    0x9, 0xff, 0x5c, 0xfe, 0x0, 0x1d, 0xfb, 0x0,
    0x0, 0x8, 0xef, 0xea, 0x20,

    /* U+0026 "&" */
    0x0, 0x3b, 0xef, 0xfc, 0x60, 0x0, 0x0, 0x1e,
    0xff, 0xaa, 0xff, 0x40, 0x0, 0x4, 0xff, 0xf0,
    0xf, 0xf6, 0x0, 0x0, 0x1f, 0xff, 0xbc, 0xfc,
    0x0, 0x0, 0x0, 0x9f, 0xff, 0xf6, 0x8, 0xb5,
    0x1, 0xdf, 0xff, 0xff, 0xc5, 0xff, 0xf3, 0xaf,
    0xf9, 0x3f, 0xff, 0xff, 0xf4, 0xc, 0xff, 0xa0,
    0x3f, 0xff, 0xfb, 0x52, 0x7f, 0xff, 0xee, 0xff,
    0xff, 0xff, 0x70, 0x6c, 0xff, 0xea, 0x36, 0xcf,
    0xf4,

    /* U+0027 "'" */
    0x5, 0xff, 0xd0, 0x9, 0xff, 0x50, 0xe, 0xfc,
    0x0, 0x3f, 0xf4, 0x0, 0x39, 0x80, 0x0,

    /* U+0028 "(" */
    0x0, 0xc, 0xf6, 0x0, 0x9f, 0xe0, 0x3, 0xff,
    0x80, 0xb, 0xff, 0x30, 0x1f, 0xff, 0x0, 0x3f,
    0xfe, 0x0, 0x5f, 0xfd, 0x0, 0x3f, 0xfe, 0x0,
    0x1f, 0xff, 0x0, 0xb, 0xff, 0x30, 0x3, 0xff,
    0x80, 0x0, 0x9f, 0xe0, 0x0, 0xc, 0xf6,

    /* U+0029 ")" */
    0x8f, 0xa0, 0x0, 0x1f, 0xf7, 0x0, 0xa, 0xff,
    0x10, 0x5, 0xff, 0x80, 0x1, 0xff, 0xe0, 0x0,
    0xff, 0xf1, 0x0, 0xff, 0xf3, 0x0, 0xff, 0xf1,
    0x1, 0xff, 0xe0, 0x5, 0xff, 0x90, 0xa, 0xff,
    0x20, 0x1f, 0xf7, 0x0, 0x8f, 0xb0, 0x0,

    /* U+002A "*" */
    0x0, 0x8f, 0xe0, 0x0, 0x1d, 0x8f, 0xca, 0x70,
    0x6f, 0xff, 0xff, 0xc0, 0x58, 0xff, 0xfb, 0x70,
    0xd, 0xfd, 0xff, 0x40, 0x4, 0xe4, 0xd8, 0x0,
    0x0, 0x0, 0x0, 0x0,

    /* U+002B "+" */
    0x0, 0x0, 0x11, 0x0, 0x0, 0x0, 0x7f, 0xb0,
    0x0, 0x0, 0x7, 0xfb, 0x0, 0xa, 0xff, 0xff,
    0xff, 0xfe, 0xaf, 0xff, 0xff, 0xff, 0xe1, 0x11,
    0x8f, 0xb1, 0x11, 0x0, 0x7, 0xfb, 0x0, 0x0,
    0x0, 0x7f, 0xb0, 0x0,

    /* U+002C "," */
    0x5d, 0xdd, 0x6f, 0xff, 0x6f, 0xff, 0x0, 0xeb,
    0xa, 0xe2, 0x2, 0x10,

    /* U+002D "-" */
    0x0, 0x0, 0x0, 0x6, 0xff, 0xff, 0xf2, 0x6f,
    0xff, 0xff, 0x20,

    /* U+002E "." */
    0x5d, 0xdd, 0x6f, 0xff, 0x6f, 0xff,

    /* U+002F "/" */
    0x0, 0x0, 0xf, 0xfe, 0x0, 0x0, 0x6, 0xff,
    0x90, 0x0, 0x0, 0xcf, 0xf2, 0x0, 0x0, 0x2f,
    0xfc, 0x0, 0x0, 0x8, 0xff, 0x60, 0x0, 0x0,
    0xef, 0xf1, 0x0, 0x0, 0x4f, 0xfa, 0x0, 0x0,
    0xb, 0xff, 0x40, 0x0, 0x1, 0xff, 0xe0, 0x0,
    0x0, 0x7f, 0xf8, 0x0, 0x0, 0xd, 0xff, 0x20,
    0x0, 0x3, 0xff, 0xb0, 0x0, 0x0, 0x9f, 0xf5,
    0x0, 0x0, 0x0,

    /* U+0030 "0" */
    0x0, 0x3a, 0xef, 0xeb, 0x50, 0x0, 0x6f, 0xff,
    0xff, 0xff, 0x90, 0x1f, 0xff, 0xa1, 0x7f, 0xff,
    0x47, 0xff, 0xf2, 0x0, 0xef, 0xfa, 0x9f, 0xff,
    0x0, 0xc, 0xff, 0xc9, 0xff, 0xf0, 0x0, 0xdf,
    0xfc, 0x7f, 0xff, 0x20, 0xf, 0xff, 0xa2, 0xff,
    0xfb, 0x28, 0xff, 0xf4, 0x6, 0xff, 0xff, 0xff,
    0xf9, 0x0, 0x3, 0xae, 0xfe, 0xb5, 0x0,

    /* U+0031 "1" */
    0x0, 0x8, 0xff, 0x60, 0x4, 0xff, 0xf6, 0x8d,
    0xff, 0xff, 0x68, 0xbb, 0xff, 0xf6, 0x0, 0xf,
    0xff, 0x60, 0x0, 0xff, 0xf6, 0x0, 0xf, 0xff,
    0x60, 0x0, 0xff, 0xf6, 0x0, 0xf, 0xff, 0x60,
    0x0, 0xff, 0xf6,

    /* U+0032 "2" */
    0x0, 0x7c, 0xff, 0xeb, 0x50, 0x0, 0xbf, 0xff,
    0xff, 0xff, 0x70, 0x2d, 0xfb, 0x0, 0xdf, 0xfd,
    0x0, 0x0, 0x0, 0x2e, 0xff, 0xb0, 0x0, 0x3,
    0xaf, 0xff, 0xe2, 0x0, 0x2b, 0xff, 0xfe, 0x70,
    0x0, 0x1e, 0xff, 0xd5, 0x0, 0x0, 0x7, 0xff,
    0xf6, 0x44, 0x44, 0x40, 0xaf, 0xff, 0xff, 0xff,
    0xff, 0xa, 0xff, 0xff, 0xff, 0xff, 0xf0,

    /* U+0033 "3" */
    0x0, 0x8d, 0xff, 0xeb, 0x50, 0x0, 0xcf, 0xfe,
    0xef, 0xff, 0x60, 0x3d, 0xf9, 0x0, 0xdf, 0xfd,
    0x0, 0x0, 0x0, 0x1e, 0xff, 0xb0, 0x0, 0x9,
    0xff, 0xff, 0xd2, 0x0, 0x0, 0x8e, 0xff, 0xfe,
    0x40, 0x0, 0x0, 0x0, 0x9f, 0xff, 0x16, 0xcf,
    0x91, 0x1b, 0xff, 0xf2, 0x4f, 0xff, 0xff, 0xff,
    0xfb, 0x0, 0x39, 0xdf, 0xfe, 0xb6, 0x0,

    /* U+0034 "4" */
    0x0, 0x0, 0x1e, 0xff, 0xf3, 0x0, 0x0, 0xd,
    0xff, 0xff, 0x30, 0x0, 0xb, 0xfe, 0xff, 0xf3,
    0x0, 0x9, 0xfe, 0x4f, 0xff, 0x30, 0x7, 0xff,
    0x23, 0xff, 0xf3, 0x4, 0xff, 0x51, 0x4f, 0xff,
    0x41, 0xaf, 0xff, 0xff, 0xff, 0xff, 0xda, 0xff,
    0xff, 0xff, 0xff, 0xfd, 0x0, 0x0, 0x3, 0xff,
    0xf3, 0x0, 0x0, 0x0, 0x3f, 0xff, 0x30,

    /* U+0035 "5" */
    0xe, 0xff, 0xff, 0xff, 0xfa, 0x0, 0xff, 0xff,
    0xff, 0xff, 0xa0, 0x1f, 0xfb, 0x55, 0x55, 0x53,
    0x2, 0xff, 0xa8, 0xcd, 0xc7, 0x0, 0x3f, 0xff,
    0xff, 0xff, 0xfa, 0x1, 0x58, 0x92, 0x1a, 0xff,
    0xf2, 0x0, 0x22, 0x0, 0x5f, 0xff, 0x46, 0xef,
    0xd3, 0x3c, 0xff, 0xf1, 0x2e, 0xff, 0xff, 0xff,
    0xf8, 0x0, 0x19, 0xdf, 0xfe, 0xb5, 0x0,

    /* U+0036 "6" */
    0x0, 0x29, 0xdf, 0xec, 0x60, 0x0, 0x5f, 0xff,
    0xff, 0xff, 0x90, 0x1f, 0xff, 0x90, 0x1e, 0xfc,
    0x6, 0xff, 0xf1, 0x0, 0x10, 0x0, 0x9f, 0xfe,
    0x6c, 0xff, 0xc4, 0x9, 0xff, 0xff, 0xef, 0xff,
    0xf4, 0x7f, 0xff, 0x40, 0x1e, 0xff, 0x92, 0xff,
    0xf6, 0x2, 0xff, 0xf8, 0x6, 0xff, 0xff, 0xff,
    0xfe, 0x10, 0x3, 0xae, 0xff, 0xd8, 0x10,

    /* U+0037 "7" */
    0xaf, 0xff, 0xff, 0xff, 0xfd, 0xaf, 0xff, 0xff,
    0xff, 0xfd, 0x35, 0x55, 0x55, 0xaf, 0xf7, 0x0,
    0x0, 0x7, 0xff, 0x90, 0x0, 0x0, 0x5f, 0xfd,
    0x0, 0x0, 0x2, 0xff, 0xf4, 0x0, 0x0, 0x9,
    0xff, 0xe0, 0x0, 0x0, 0xf, 0xff, 0x90, 0x0,
    0x0, 0x3f, 0xff, 0x70, 0x0, 0x0, 0x6f, 0xff,
    0x40, 0x0,

    /* U+0038 "8" */
    0x1, 0x8c, 0xff, 0xec, 0x70, 0x0, 0xdf, 0xfe,
    0xcf, 0xff, 0xc0, 0x4f, 0xff, 0x10, 0x2f, 0xff,
    0x32, 0xff, 0xf4, 0x6, 0xff, 0xf1, 0x6, 0xff,
    0xff, 0xff, 0xf5, 0x1, 0xcf, 0xfe, 0xbe, 0xff,
    0xb0, 0x8f, 0xfd, 0x0, 0xe, 0xff, 0x79, 0xff,
    0xe1, 0x2, 0xff, 0xf8, 0x3f, 0xff, 0xfe, 0xff,
    0xfe, 0x20, 0x29, 0xdf, 0xff, 0xd9, 0x10,

    /* U+0039 "9" */
    0x1, 0x8d, 0xff, 0xea, 0x30, 0x1, 0xdf, 0xff,
    0xff, 0xff, 0x70, 0x8f, 0xff, 0x30, 0x6f, 0xff,
    0x29, 0xff, 0xf1, 0x3, 0xff, 0xf7, 0x4f, 0xff,
    0xfe, 0xff, 0xff, 0xa0, 0x4c, 0xff, 0xd6, 0xef,
    0xf9, 0x0, 0x1, 0x0, 0x1f, 0xff, 0x71, 0x9e,
    0xd1, 0x9, 0xff, 0xf1, 0xd, 0xff, 0xff, 0xff,
    0xf5, 0x0, 0x18, 0xdf, 0xfd, 0x92, 0x0,

    /* U+003A ":" */
    0x6f, 0xff, 0x6f, 0xff, 0x5c, 0xcc, 0x0, 0x0,
    0x5c, 0xcc, 0x6f, 0xff, 0x6f, 0xff,

    /* U+003B ";" */
    0x6f, 0xff, 0x6f, 0xff, 0x5c, 0xcc, 0x0, 0x0,
    0x5c, 0xcc, 0x6f, 0xff, 0x6f, 0xff, 0x0, 0xeb,
    0xa, 0xe2, 0x2, 0x10,

    /* U+003C "<" */
    0x0, 0x0, 0x0, 0x0, 0x20, 0x0, 0x3, 0x7b,
    0xfe, 0x26, 0xae, 0xff, 0xff, 0xda, 0xff, 0xfc,
    0x95, 0x20, 0xaf, 0xf9, 0x63, 0x0, 0x5, 0xcf,
    0xff, 0xff, 0xc8, 0x0, 0x4, 0x9d, 0xff, 0xe0,
    0x0, 0x0, 0x1, 0x58,

    /* U+003D "=" */
    0x0, 0x0, 0x0, 0x0, 0xa, 0xff, 0xff, 0xff,
    0xfe, 0xaf, 0xff, 0xff, 0xff, 0xe0, 0x0, 0x0,
    0x0, 0x0, 0xaf, 0xff, 0xff, 0xff, 0xea, 0xff,
    0xff, 0xff, 0xfe,

    /* U+003E ">" */
    0x20, 0x0, 0x0, 0x0, 0xa, 0xfc, 0x83, 0x0,
    0x0, 0x9f, 0xff, 0xff, 0xb7, 0x30, 0x15, 0x8b,
    0xef, 0xfe, 0x0, 0x2, 0x59, 0xef, 0xe6, 0xcf,
    0xff, 0xff, 0xd8, 0xaf, 0xfe, 0x95, 0x10, 0x6,
    0x62, 0x0, 0x0, 0x0,

    /* U+003F "?" */
    0x3, 0xae, 0xff, 0xc6, 0x0, 0x4f, 0xff, 0xff,
    0xff, 0x90, 0x9e, 0xf3, 0xb, 0xff, 0xf0, 0x0,
    0x0, 0x2d, 0xff, 0xd0, 0x0, 0x5, 0xff, 0xfe,
    0x40, 0x0, 0xe, 0xff, 0x70, 0x0, 0x0, 0x4,
    0x43, 0x0, 0x0, 0x0, 0x4d, 0xdd, 0x0, 0x0,
    0x0, 0x5f, 0xff, 0x0, 0x0, 0x0, 0x5f, 0xff,
    0x0, 0x0,

    /* U+0040 "@" */
    0x0, 0x0, 0x4a, 0xdf, 0xfd, 0x93, 0x0, 0x0,
    0x0, 0x1b, 0xd7, 0x31, 0x13, 0x8e, 0xa0, 0x0,
    0x0, 0xda, 0x0, 0x0, 0x0, 0x1, 0xcb, 0x0,
    0x8, 0xc0, 0x1b, 0xfd, 0x6f, 0xf8, 0x1e, 0x60,
    0xe, 0x50, 0xbf, 0xfb, 0xdf, 0xf8, 0x7, 0xc0,
    0xf, 0x20, 0xff, 0xf0, 0x2f, 0xf8, 0x4, 0xf0,
    0x1f, 0x20, 0xff, 0xf0, 0x1f, 0xf8, 0x3, 0xf0,
    0xe, 0x50, 0xdf, 0xf5, 0x8f, 0xfc, 0x2a, 0xb0,
    0x9, 0xb0, 0x4f, 0xff, 0x97, 0xff, 0xfd, 0x20,
    0x1, 0xe8, 0x1, 0x42, 0x0, 0x24, 0x30, 0x0,
    0x0, 0x2d, 0xc5, 0x10, 0x1, 0x50, 0x0, 0x0,
    0x0, 0x0, 0x6c, 0xff, 0xff, 0xb0, 0x0, 0x0,
    0x0, 0x0, 0x0, 0x1, 0x10, 0x0, 0x0, 0x0,

    /* U+0041 "A" */
    0x0, 0x0, 0xbf, 0xff, 0xe0, 0x0, 0x0, 0x0,
    0x1f, 0xff, 0xff, 0x40, 0x0, 0x0, 0x7, 0xff,
    0xff, 0xfa, 0x0, 0x0, 0x0, 0xcf, 0xf7, 0xff,
    0xf0, 0x0, 0x0, 0x2f, 0xfb, 0x1f, 0xff, 0x50,
    0x0, 0x8, 0xff, 0x60, 0xcf, 0xfb, 0x0, 0x0,
    0xdf, 0xfe, 0xdf, 0xff, 0xf1, 0x0, 0x3f, 0xff,
    0xff, 0xff, 0xff, 0x60, 0x9, 0xff, 0x60, 0x0,
    0xdf, 0xfc, 0x0, 0xef, 0xf1, 0x0, 0x8, 0xff,
    0xf2,

    /* U+0042 "B" */
    0x5f, 0xff, 0xff, 0xff, 0xd7, 0x0, 0x5f, 0xff,
    0xdd, 0xef, 0xff, 0x70, 0x5f, 0xff, 0x0, 0xa,
    0xff, 0xc0, 0x5f, 0xff, 0x0, 0xa, 0xff, 0xb0,
    0x5f, 0xff, 0xdd, 0xdf, 0xfe, 0x30, 0x5f, 0xff,
    0xff, 0xff, 0xfd, 0x40, 0x5f, 0xff, 0x0, 0x8,
    0xff, 0xe0, 0x5f, 0xff, 0x0, 0x7, 0xff, 0xf1,
    0x5f, 0xff, 0xee, 0xef, 0xff, 0xd0, 0x5f, 0xff,
    0xff, 0xff, 0xea, 0x20,

    /* U+0043 "C" */
    0x0, 0x29, 0xdf, 0xfd, 0x91, 0x0, 0x5f, 0xff,
    0xff, 0xff, 0xe1, 0x1f, 0xff, 0xe2, 0xb, 0xff,
    0x87, 0xff, 0xf8, 0x0, 0x12, 0x10, 0x9f, 0xff,
    0x50, 0x0, 0x0, 0x9, 0xff, 0xf6, 0x0, 0x0,
    0x0, 0x7f, 0xff, 0x90, 0x0, 0x84, 0x1, 0xff,
    0xff, 0x63, 0xaf, 0xfc, 0x5, 0xff, 0xff, 0xff,
    0xfe, 0x30, 0x2, 0x9d, 0xff, 0xd9, 0x20,

    /* U+0044 "D" */
    0x5f, 0xff, 0xff, 0xed, 0x81, 0x0, 0x5f, 0xff,
    0xff, 0xff, 0xff, 0x40, 0x5f, 0xff, 0x32, 0x6e,
    0xff, 0xf1, 0x5f, 0xff, 0x10, 0x6, 0xff, 0xf7,
    0x5f, 0xff, 0x10, 0x3, 0xff, 0xf9, 0x5f, 0xff,
    0x10, 0x3, 0xff, 0xf9, 0x5f, 0xff, 0x10, 0x7,
    0xff, 0xf6, 0x5f, 0xff, 0x32, 0x6f, 0xff, 0xe1,
    0x5f, 0xff, 0xff, 0xff, 0xff, 0x40, 0x5f, 0xff,
    0xff, 0xfd, 0x81, 0x0,

    /* U+0045 "E" */
    0x5f, 0xff, 0xff, 0xff, 0xfc, 0x5f, 0xff, 0xff,
    0xff, 0xfc, 0x5f, 0xff, 0x32, 0x22, 0x21, 0x5f,
    0xff, 0x10, 0x0, 0x0, 0x5f, 0xff, 0xff, 0xff,
    0xb0, 0x5f, 0xff, 0xff, 0xff, 0xb0, 0x5f, 0xff,
    0x10, 0x0, 0x0, 0x5f, 0xff, 0x32, 0x22, 0x21,
    0x5f, 0xff, 0xff, 0xff, 0xfc, 0x5f, 0xff, 0xff,
    0xff, 0xfc,

    /* U+0046 "F" */
    0x5f, 0xff, 0xff, 0xff, 0xf8, 0x5f, 0xff, 0xff,
    0xff, 0xf8, 0x5f, 0xff, 0x32, 0x22, 0x21, 0x5f,
    0xff, 0x10, 0x0, 0x0, 0x5f, 0xff, 0xff, 0xff,
    0x80, 0x5f, 0xff, 0xff, 0xff, 0x80, 0x5f, 0xff,
    0x32, 0x22, 0x10, 0x5f, 0xff, 0x10, 0x0, 0x0,
    0x5f, 0xff, 0x10, 0x0, 0x0, 0x5f, 0xff, 0x10,
    0x0, 0x0,

    /* U+0047 "G" */
    0x0, 0x29, 0xdf, 0xfd, 0x92, 0x0, 0x5, 0xff,
    0xff, 0xff, 0xfe, 0x20, 0x1f, 0xff, 0xd2, 0xb,
    0xff, 0x90, 0x6f, 0xff, 0x60, 0x2, 0x65, 0x30,
    0x9f, 0xff, 0x40, 0x0, 0x0, 0x0, 0xaf, 0xff,
    0x41, 0xff, 0xff, 0xf3, 0x8f, 0xff, 0x61, 0xff,
    0xff, 0xf3, 0x4f, 0xff, 0xe2, 0x4, 0xff, 0xf3,
    0xa, 0xff, 0xff, 0xff, 0xff, 0xf3, 0x0, 0x7d,
    0xff, 0xc5, 0xef, 0xf3,

    /* U+0048 "H" */
    0x5f, 0xff, 0x10, 0x6, 0xff, 0xf0, 0x5f, 0xff,
    0x10, 0x6, 0xff, 0xf0, 0x5f, 0xff, 0x10, 0x6,
    0xff, 0xf0, 0x5f, 0xff, 0x10, 0x6, 0xff, 0xf0,
    0x5f, 0xff, 0xff, 0xff, 0xff, 0xf0, 0x5f, 0xff,
    0xff, 0xff, 0xff, 0xf0, 0x5f, 0xff, 0x32, 0x27,
    0xff, 0xf0, 0x5f, 0xff, 0x10, 0x6, 0xff, 0xf0,
    0x5f, 0xff, 0x10, 0x6, 0xff, 0xf0, 0x5f, 0xff,
    0x10, 0x6, 0xff, 0xf0,

    /* U+0049 "I" */
    0x5f, 0xff, 0x25, 0xff, 0xf2, 0x5f, 0xff, 0x25,
    0xff, 0xf2, 0x5f, 0xff, 0x25, 0xff, 0xf2, 0x5f,
    0xff, 0x25, 0xff, 0xf2, 0x5f, 0xff, 0x25, 0xff,
    0xf2,

    /* U+004A "J" */
    0x0, 0x0, 0x0, 0xef, 0xf9, 0x0, 0x0, 0x0,
    0xef, 0xf9, 0x0, 0x0, 0x0, 0xef, 0xf9, 0x0,
    0x0, 0x0, 0xef, 0xf9, 0x0, 0x0, 0x0, 0xef,
    0xf9, 0x0, 0x0, 0x0, 0xef, 0xf9, 0x2, 0x51,
    0x0, 0xef, 0xf9, 0xbf, 0xfa, 0x37, 0xff, 0xf6,
    0x4f, 0xff, 0xff, 0xff, 0xd0, 0x3, 0xae, 0xff,
    0xd8, 0x0,

    /* U+004B "K" */
    0x5f, 0xff, 0x20, 0x1e, 0xff, 0x70, 0x5f, 0xff,
    0x20, 0xcf, 0xf9, 0x0, 0x5f, 0xff, 0x19, 0xff,
    0xb0, 0x0, 0x5f, 0xff, 0x7f, 0xfd, 0x0, 0x0,
    0x5f, 0xff, 0xff, 0xf5, 0x0, 0x0, 0x5f, 0xff,
    0xff, 0xfe, 0x10, 0x0, 0x5f, 0xff, 0x5f, 0xff,
    0xb0, 0x0, 0x5f, 0xff, 0x18, 0xff, 0xf8, 0x0,
    0x5f, 0xff, 0x20, 0xcf, 0xff, 0x50, 0x5f, 0xff,
    0x20, 0x1e, 0xff, 0xf2,

    /* U+004C "L" */
    0x5f, 0xff, 0x20, 0x0, 0x0, 0x5f, 0xff, 0x20,
    0x0, 0x0, 0x5f, 0xff, 0x20, 0x0, 0x0, 0x5f,
    0xff, 0x20, 0x0, 0x0, 0x5f, 0xff, 0x20, 0x0,
    0x0, 0x5f, 0xff, 0x20, 0x0, 0x0, 0x5f, 0xff,
    0x20, 0x0, 0x0, 0x5f, 0xff, 0x75, 0x55, 0x50,
    0x5f, 0xff, 0xff, 0xff, 0xf0, 0x5f, 0xff, 0xff,
    0xff, 0xf0,

    /* U+004D "M" */
    0x5f, 0xff, 0xfd, 0x0, 0x2, 0xff, 0xff, 0xd5,
    0xff, 0xff, 0xf3, 0x0, 0x9f, 0xff, 0xfd, 0x5f,
    0xff, 0xff, 0xa0, 0xf, 0xff, 0xff, 0xd5, 0xff,
    0xbf, 0xff, 0x16, 0xff, 0xbf, 0xfd, 0x5f, 0xf6,
    0xef, 0xf7, 0xdf, 0xb9, 0xff, 0xd5, 0xff, 0x68,
    0xff, 0xff, 0xf4, 0x9f, 0xfd, 0x5f, 0xf6, 0x2f,
    0xff, 0xfd, 0x9, 0xff, 0xd5, 0xff, 0x60, 0xbf,
    0xff, 0x70, 0x9f, 0xfd, 0x5f, 0xf6, 0x4, 0xff,
    0xf1, 0x9, 0xff, 0xd5, 0xff, 0x60, 0xe, 0xf9,
    0x0, 0x9f, 0xfd,

    /* U+004E "N" */
    0x5f, 0xff, 0xd0, 0x0, 0xaf, 0xf1, 0x5f, 0xff,
    0xf9, 0x0, 0xaf, 0xf1, 0x5f, 0xff, 0xff, 0x50,
    0xaf, 0xf1, 0x5f, 0xff, 0xff, 0xe1, 0xaf, 0xf1,
    0x5f, 0xf9, 0xff, 0xfc, 0xaf, 0xf1, 0x5f, 0xf7,
    0x6f, 0xff, 0xff, 0xf1, 0x5f, 0xf7, 0xb, 0xff,
    0xff, 0xf1, 0x5f, 0xf7, 0x1, 0xef, 0xff, 0xf1,
    0x5f, 0xf7, 0x0, 0x4f, 0xff, 0xf1, 0x5f, 0xf7,
    0x0, 0x9, 0xff, 0xf1,

    /* U+004F "O" */
    0x0, 0x29, 0xdf, 0xfd, 0xa3, 0x0, 0x5, 0xff,
    0xff, 0xff, 0xff, 0x70, 0x1f, 0xff, 0xd2, 0x1c,
    0xff, 0xf3, 0x7f, 0xff, 0x50, 0x3, 0xff, 0xf9,
    0x9f, 0xff, 0x30, 0x1, 0xff, 0xfb, 0x9f, 0xff,
    0x30, 0x1, 0xff, 0xfb, 0x7f, 0xff, 0x50, 0x4,
    0xff, 0xf8, 0x1f, 0xff, 0xd3, 0x3d, 0xff, 0xf2,
    0x5, 0xff, 0xff, 0xff, 0xff, 0x60, 0x0, 0x29,
    0xdf, 0xfd, 0xa3, 0x0,

    /* U+0050 "P" */
    0x5f, 0xff, 0xff, 0xff, 0xe9, 0x0, 0x5f, 0xff,
    0xff, 0xff, 0xff, 0xb0, 0x5f, 0xff, 0x10, 0x9,
    0xff, 0xf1, 0x5f, 0xff, 0x10, 0x9, 0xff, 0xf1,
    0x5f, 0xff, 0xff, 0xff, 0xff, 0xb0, 0x5f, 0xff,
    0xff, 0xff, 0xe8, 0x0, 0x5f, 0xff, 0x10, 0x0,
    0x0, 0x0, 0x5f, 0xff, 0x10, 0x0, 0x0, 0x0,
    0x5f, 0xff, 0x10, 0x0, 0x0, 0x0, 0x5f, 0xff,
    0x10, 0x0, 0x0, 0x0,

    /* U+0051 "Q" */
    0x0, 0x29, 0xdf, 0xfd, 0xa3, 0x0, 0x4, 0xff,
    0xff, 0xff, 0xff, 0x60, 0x1f, 0xff, 0xd2, 0x2c,
    0xff, 0xf2, 0x6f, 0xff, 0x50, 0x4, 0xff, 0xf8,
    0x9f, 0xff, 0x30, 0x1, 0xff, 0xfb, 0xaf, 0xff,
    0x20, 0x1, 0xff, 0xfb, 0x8f, 0xff, 0x50, 0x3,
    0xff, 0xf9, 0x3f, 0xff, 0xc0, 0xb, 0xff, 0xf4,
    0x9, 0xff, 0xff, 0xff, 0xff, 0xa0, 0x0, 0x7e,
    0xff, 0xff, 0xe7, 0x0, 0x0, 0x0, 0x9f, 0xfc,
    0x0, 0x0, 0x0, 0x0, 0x5f, 0xff, 0xe1, 0x0,
    0x0, 0x0, 0x7, 0xdf, 0xf0, 0x0,

    /* U+0052 "R" */
    0x5f, 0xff, 0xff, 0xff, 0xe9, 0x10, 0x5f, 0xff,
    0xff, 0xff, 0xff, 0xc0, 0x5f, 0xff, 0x10, 0x9,
    0xff, 0xf2, 0x5f, 0xff, 0x10, 0x9, 0xff, 0xf1,
    0x5f, 0xff, 0xff, 0xff, 0xff, 0x90, 0x5f, 0xff,
    0xff, 0xff, 0xf7, 0x0, 0x5f, 0xff, 0x10, 0xcf,
    0xfc, 0x0, 0x5f, 0xff, 0x10, 0x6f, 0xff, 0x40,
    0x5f, 0xff, 0x10, 0xe, 0xff, 0xc0, 0x5f, 0xff,
    0x10, 0x8, 0xff, 0xf4,

    /* U+0053 "S" */
    0x1, 0x8d, 0xff, 0xfd, 0x70, 0x1, 0xef, 0xfc,
    0xad, 0xff, 0xa0, 0x7f, 0xff, 0x0, 0x17, 0x54,
    0x8, 0xff, 0xfe, 0xb8, 0x51, 0x0, 0x3f, 0xff,
    0xff, 0xff, 0xf9, 0x0, 0x5d, 0xff, 0xff, 0xff,
    0xf5, 0x0, 0x1, 0x47, 0xaf, 0xff, 0x91, 0x5a,
    0xc1, 0x0, 0xff, 0xf8, 0x7f, 0xff, 0xfd, 0xff,
    0xfe, 0x10, 0x3a, 0xdf, 0xff, 0xd8, 0x10,

    /* U+0054 "T" */
    0xbf, 0xff, 0xff, 0xff, 0xff, 0x3b, 0xff, 0xff,
    0xff, 0xff, 0xf3, 0x24, 0x49, 0xff, 0xf4, 0x44,
    0x0, 0x0, 0x7f, 0xff, 0x0, 0x0, 0x0, 0x7,
    0xff, 0xf0, 0x0, 0x0, 0x0, 0x7f, 0xff, 0x0,
    0x0, 0x0, 0x7, 0xff, 0xf0, 0x0, 0x0, 0x0,
    0x7f, 0xff, 0x0, 0x0, 0x0, 0x7, 0xff, 0xf0,
    0x0, 0x0, 0x0, 0x7f, 0xff, 0x0, 0x0,

    /* U+0055 "U" */
    0x6f, 0xff, 0x10, 0x2, 0xff, 0xd6, 0xff, 0xf1,
    0x0, 0x2f, 0xfd, 0x6f, 0xff, 0x10, 0x2, 0xff,
    0xd6, 0xff, 0xf1, 0x0, 0x2f, 0xfd, 0x6f, 0xff,
    0x10, 0x2, 0xff, 0xd6, 0xff, 0xf1, 0x0, 0x2f,
    0xfd, 0x6f, 0xff, 0x20, 0x3, 0xff, 0xd3, 0xff,
    0xfb, 0x44, 0xcf, 0xfa, 0x9, 0xff, 0xff, 0xff,
    0xfe, 0x20, 0x5, 0xbe, 0xff, 0xd9, 0x10,

    /* U+0056 "V" */
    0xe, 0xff, 0xc0, 0x0, 0x4f, 0xfe, 0x0, 0x9f,
    0xff, 0x10, 0x9, 0xff, 0x90, 0x3, 0xff, 0xf6,
    0x0, 0xef, 0xf3, 0x0, 0xd, 0xff, 0xb0, 0x3f,
    0xfd, 0x0, 0x0, 0x7f, 0xff, 0x18, 0xff, 0x70,
    0x0, 0x2, 0xff, 0xf6, 0xdf, 0xf2, 0x0, 0x0,
    0xc, 0xff, 0xdf, 0xfc, 0x0, 0x0, 0x0, 0x6f,
    0xff, 0xff, 0x60, 0x0, 0x0, 0x1, 0xff, 0xff,
    0xf1, 0x0, 0x0, 0x0, 0xa, 0xff, 0xfa, 0x0,
    0x0,

    /* U+0057 "W" */
    0xe, 0xff, 0xb0, 0x0, 0xbf, 0xf6, 0x0, 0xf,
    0xff, 0x10, 0x9f, 0xff, 0x0, 0xf, 0xff, 0xc0,
    0x4, 0xff, 0xb0, 0x4, 0xff, 0xf4, 0x5, 0xff,
    0xff, 0x10, 0x8f, 0xf6, 0x0, 0xe, 0xff, 0x80,
    0xaf, 0xff, 0xf6, 0xc, 0xff, 0x10, 0x0, 0xaf,
    0xfc, 0xf, 0xfe, 0xff, 0xb1, 0xff, 0xc0, 0x0,
    0x4, 0xff, 0xf6, 0xff, 0x6f, 0xff, 0x6f, 0xf7,
    0x0, 0x0, 0xf, 0xff, 0xef, 0xc0, 0xff, 0xfe,
    0xff, 0x20, 0x0, 0x0, 0xaf, 0xff, 0xf8, 0xa,
    0xff, 0xff, 0xd0, 0x0, 0x0, 0x5, 0xff, 0xff,
    0x30, 0x5f, 0xff, 0xf7, 0x0, 0x0, 0x0, 0xf,
    0xff, 0xe0, 0x0, 0xff, 0xff, 0x20, 0x0,

    /* U+0058 "X" */
    0x7, 0xff, 0xf8, 0x0, 0x4f, 0xff, 0x10, 0xc,
    0xff, 0xf2, 0xd, 0xff, 0x50, 0x0, 0x2f, 0xff,
    0xb7, 0xff, 0xb0, 0x0, 0x0, 0x7f, 0xff, 0xff,
    0xe1, 0x0, 0x0, 0x0, 0xcf, 0xff, 0xf5, 0x0,
    0x0, 0x0, 0xe, 0xff, 0xff, 0x70, 0x0, 0x0,
    0xa, 0xff, 0xef, 0xff, 0x30, 0x0, 0x5, 0xff,
    0xd1, 0xff, 0xfd, 0x0, 0x1, 0xef, 0xf3, 0x7,
    0xff, 0xf9, 0x0, 0xbf, 0xf9, 0x0, 0xe, 0xff,
    0xf4,

    /* U+0059 "Y" */
    0xe, 0xff, 0xe0, 0x0, 0xaf, 0xf9, 0x5, 0xff,
    0xf6, 0x2, 0xff, 0xe1, 0x0, 0xcf, 0xfe, 0xa,
    0xff, 0x60, 0x0, 0x3f, 0xff, 0x9f, 0xfd, 0x0,
    0x0, 0x9, 0xff, 0xff, 0xf4, 0x0, 0x0, 0x1,
    0xff, 0xff, 0xa0, 0x0, 0x0, 0x0, 0x8f, 0xff,
    0x20, 0x0, 0x0, 0x0, 0x6f, 0xff, 0x10, 0x0,
    0x0, 0x0, 0x6f, 0xff, 0x10, 0x0, 0x0, 0x0,
    0x6f, 0xff, 0x10, 0x0,

    /* U+005A "Z" */
    0x4f, 0xff, 0xff, 0xff, 0xff, 0x34, 0xff, 0xff,
    0xff, 0xff, 0xf3, 0x2, 0x22, 0x28, 0xff, 0xfc,
    0x0, 0x0, 0x6, 0xff, 0xfd, 0x10, 0x0, 0x5,
    0xff, 0xfd, 0x10, 0x0, 0x5, 0xff, 0xfe, 0x10,
    0x0, 0x4, 0xff, 0xfe, 0x20, 0x0, 0x4, 0xff,
    0xff, 0x42, 0x22, 0x20, 0x9f, 0xff, 0xff, 0xff,
    0xff, 0x69, 0xff, 0xff, 0xff, 0xff, 0xf6,

    /* U+005B "[" */
    0x5f, 0xff, 0xfe, 0x5f, 0xff, 0xcb, 0x5f, 0xfb,
    0x0, 0x5f, 0xfb, 0x0, 0x5f, 0xfb, 0x0, 0x5f,
    0xfb, 0x0, 0x5f, 0xfb, 0x0, 0x5f, 0xfb, 0x0,
    0x5f, 0xfb, 0x0, 0x5f, 0xfb, 0x0, 0x5f, 0xfb,
    0x0, 0x5f, 0xff, 0xdb, 0x5f, 0xff, 0xfe,

    /* U+005C "\\" */
    0x9f, 0xf5, 0x0, 0x0, 0x3, 0xff, 0xb0, 0x0,
    0x0, 0xd, 0xff, 0x20, 0x0, 0x0, 0x7f, 0xf8,
    0x0, 0x0, 0x1, 0xff, 0xe0, 0x0, 0x0, 0xb,
    0xff, 0x40, 0x0, 0x0, 0x4f, 0xfa, 0x0, 0x0,
    0x0, 0xef, 0xf1, 0x0, 0x0, 0x8, 0xff, 0x60,
    0x0, 0x0, 0x2f, 0xfc, 0x0, 0x0, 0x0, 0xcf,
    0xf2, 0x0, 0x0, 0x6, 0xff, 0x90, 0x0, 0x0,
    0xf, 0xfe, 0x0,

    /* U+005D "]" */
    0x8f, 0xff, 0xfb, 0x6c, 0xdf, 0xfb, 0x0, 0x5f,
    0xfb, 0x0, 0x5f, 0xfb, 0x0, 0x5f, 0xfb, 0x0,
    0x5f, 0xfb, 0x0, 0x5f, 0xfb, 0x0, 0x5f, 0xfb,
    0x0, 0x5f, 0xfb, 0x0, 0x5f, 0xfb, 0x0, 0x5f,
    0xfb, 0x6d, 0xdf, 0xfb, 0x8f, 0xff, 0xfb,

    /* U+005E "^" */
    0x0, 0x6, 0xff, 0xf4, 0x0, 0x0, 0x2, 0xff,
    0xff, 0xe1, 0x0, 0x0, 0xdf, 0xf9, 0xff, 0xb0,
    0x0, 0x9f, 0xf8, 0xb, 0xff, 0x70, 0x5f, 0xfd,
    0x0, 0x1e, 0xff, 0x30,

    /* U+005F "_" */
    0xff, 0xff, 0xff, 0xff, 0x3f, 0xff, 0xff, 0xff,
    0xf4,

    /* U+0060 "`" */
    0x1c, 0xff, 0x40, 0x0, 0xbf, 0xe1,

    /* U+0061 "a" */
    0x1, 0x9d, 0xff, 0xd8, 0x0, 0xc, 0xff, 0xad,
    0xff, 0x80, 0x0, 0x23, 0x6, 0xff, 0xc0, 0x9,
    0xef, 0xff, 0xff, 0xc0, 0x9f, 0xfa, 0x5, 0xff,
    0xc0, 0xaf, 0xfd, 0x8d, 0xff, 0xc0, 0x2b, 0xff,
    0xb6, 0xff, 0xe0,

    /* U+0062 "b" */
    0x6f, 0xfb, 0x0, 0x0, 0x0, 0x6f, 0xfb, 0x0,
    0x0, 0x0, 0x6f, 0xfb, 0x0, 0x0, 0x0, 0x6f,
    0xfa, 0x8e, 0xfb, 0x20, 0x6f, 0xff, 0xee, 0xff,
    0xe0, 0x6f, 0xfd, 0x1, 0xff, 0xf5, 0x6f, 0xf9,
    0x0, 0xef, 0xf7, 0x6f, 0xfc, 0x0, 0xff, 0xf5,
    0x6f, 0xff, 0xab, 0xff, 0xe0, 0x6f, 0xfb, 0xaf,
    0xfb, 0x20,

    /* U+0063 "c" */
    0x1, 0x9d, 0xff, 0xd7, 0x0, 0x1e, 0xff, 0xdc,
    0xff, 0x90, 0x9f, 0xfe, 0x0, 0x76, 0x40, 0xbf,
    0xfc, 0x0, 0x0, 0x0, 0x9f, 0xff, 0x10, 0x9a,
    0x60, 0x2e, 0xff, 0xfe, 0xff, 0xb0, 0x1, 0x9d,
    0xff, 0xd7, 0x0,

    /* U+0064 "d" */
    0x0, 0x0, 0x0, 0xef, 0xf3, 0x0, 0x0, 0x0,
    0xef, 0xf3, 0x0, 0x0, 0x0, 0xef, 0xf3, 0x3,
    0xcf, 0xe8, 0xdf, 0xf3, 0x2f, 0xff, 0xde, 0xff,
    0xf3, 0x8f, 0xfd, 0x1, 0xff, 0xf3, 0xaf, 0xfb,
    0x0, 0xdf, 0xf3, 0x9f, 0xfd, 0x1, 0xff, 0xf3,
    0x3f, 0xff, 0xbd, 0xff, 0xf3, 0x5, 0xdf, 0xe7,
    0xdf, 0xf3,

    /* U+0065 "e" */
    0x1, 0x9d, 0xff, 0xc5, 0x0, 0x1e, 0xff, 0xaa,
    0xff, 0x60, 0x8f, 0xfd, 0x0, 0xef, 0xe0, 0xbf,
    0xff, 0xff, 0xff, 0xf1, 0x9f, 0xfd, 0x22, 0x56,
    0x40, 0x2e, 0xff, 0xec, 0xff, 0xd0, 0x1, 0x9d,
    0xff, 0xd8, 0x0,

    /* U+0066 "f" */
    0x0, 0x3b, 0xef, 0xb0, 0x1f, 0xff, 0xdb, 0x4,
    0xff, 0xd0, 0xb, 0xff, 0xff, 0xfc, 0x7c, 0xff,
    0xfa, 0x80, 0x5f, 0xfd, 0x0, 0x5, 0xff, 0xd0,
    0x0, 0x5f, 0xfd, 0x0, 0x5, 0xff, 0xd0, 0x0,
    0x5f, 0xfd, 0x0,

    /* U+0067 "g" */
    0x0, 0x0, 0x0, 0x0, 0x2, 0x10, 0x0, 0x0,
    0x0, 0x2, 0xe5, 0x0, 0x6c, 0xff, 0xeb, 0xdd,
    0x60, 0x6f, 0xfa, 0x1d, 0xff, 0x40, 0xa, 0xff,
    0x70, 0xbf, 0xf7, 0x0, 0x7f, 0xfa, 0x1e, 0xff,
    0x20, 0x0, 0x8f, 0xff, 0xeb, 0x40, 0x0, 0x2f,
    0xc3, 0x33, 0x21, 0x0, 0x5, 0xff, 0xff, 0xff,
    0xfc, 0x10, 0x1d, 0xff, 0xff, 0xff, 0xf6, 0xe,
    0xf7, 0x11, 0x15, 0xff, 0x40, 0x8d, 0xff, 0xff,
    0xeb, 0x40,

    /* U+0068 "h" */
    0x6f, 0xfb, 0x0, 0x0, 0x6, 0xff, 0xb0, 0x0,
    0x0, 0x6f, 0xfa, 0x0, 0x0, 0x6, 0xff, 0xa6,
    0xdf, 0xd4, 0x6f, 0xff, 0xef, 0xff, 0xd6, 0xff,
    0xc0, 0x3f, 0xff, 0x6f, 0xfb, 0x2, 0xff, 0xf6,
    0xff, 0xb0, 0x2f, 0xff, 0x6f, 0xfb, 0x2, 0xff,
    0xf6, 0xff, 0xb0, 0x2f, 0xff,

    /* U+0069 "i" */
    0x6f, 0xfb, 0x5e, 0xe9, 0x0, 0x0, 0x6f, 0xfb,
    0x6f, 0xfb, 0x6f, 0xfb, 0x6f, 0xfb, 0x6f, 0xfb,
    0x6f, 0xfb, 0x6f, 0xfb,

    /* U+006A "j" */
    0x6, 0xff, 0xb0, 0x5e, 0xe9, 0x0, 0x0, 0x0,
    0x6f, 0xfb, 0x6, 0xff, 0xb0, 0x6f, 0xfb, 0x6,
    0xff, 0xb0, 0x6f, 0xfb, 0x6, 0xff, 0xb0, 0x6f,
    0xfb, 0x8, 0xff, 0x9c, 0xff, 0xf3, 0xbf, 0xc4,
    0x0,

    /* U+006B "k" */
    0x6f, 0xfb, 0x0, 0x0, 0x0, 0x6f, 0xfb, 0x0,
    0x0, 0x0, 0x6f, 0xfb, 0x0, 0x0, 0x0, 0x6f,
    0xfb, 0x3, 0xff, 0xc0, 0x6f, 0xfb, 0x2e, 0xfd,
    0x10, 0x6f, 0xfc, 0xdf, 0xd1, 0x0, 0x6f, 0xff,
    0xff, 0xc0, 0x0, 0x6f, 0xfb, 0xdf, 0xfa, 0x0,
    0x6f, 0xfb, 0x3f, 0xff, 0x70, 0x6f, 0xfb, 0x6,
    0xff, 0xf5,

    /* U+006C "l" */
    0x6f, 0xfb, 0x6f, 0xfb, 0x6f, 0xfb, 0x6f, 0xfb,
    0x6f, 0xfb, 0x6f, 0xfb, 0x6f, 0xfb, 0x6f, 0xfb,
    0x6f, 0xfb, 0x6f, 0xfb,

    /* U+006D "m" */
    0x6f, 0xfa, 0x7d, 0xfc, 0x37, 0xdf, 0xc2, 0x6f,
    0xff, 0xce, 0xff, 0xfc, 0xef, 0xfb, 0x6f, 0xfb,
    0x6, 0xff, 0xc0, 0x5f, 0xfc, 0x6f, 0xfb, 0x6,
    0xff, 0xc0, 0x5f, 0xfd, 0x6f, 0xfb, 0x6, 0xff,
    0xc0, 0x5f, 0xfd, 0x6f, 0xfb, 0x6, 0xff, 0xc0,
    0x5f, 0xfd, 0x6f, 0xfb, 0x6, 0xff, 0xc0, 0x5f,
    0xfd,

    /* U+006E "n" */
    0x6f, 0xfa, 0x7d, 0xfd, 0x46, 0xff, 0xfc, 0xdf,
    0xfd, 0x6f, 0xfb, 0x3, 0xff, 0xf6, 0xff, 0xb0,
    0x2f, 0xff, 0x6f, 0xfb, 0x2, 0xff, 0xf6, 0xff,
    0xb0, 0x2f, 0xff, 0x6f, 0xfb, 0x2, 0xff, 0xf0,

    /* U+006F "o" */
    0x1, 0x9d, 0xff, 0xd8, 0x10, 0x1e, 0xff, 0xcc,
    0xff, 0xd0, 0x9f, 0xfd, 0x0, 0xef, 0xf7, 0xbf,
    0xfb, 0x0, 0xcf, 0xf9, 0x9f, 0xfd, 0x0, 0xef,
    0xf6, 0x2e, 0xff, 0xcd, 0xff, 0xd0, 0x1, 0x9d,
    0xff, 0xd8, 0x10,

    /* U+0070 "p" */
    0x6f, 0xfb, 0x9e, 0xfb, 0x20, 0x6f, 0xff, 0xcc,
    0xff, 0xe0, 0x6f, 0xfc, 0x0, 0xff, 0xf5, 0x6f,
    0xf9, 0x0, 0xef, 0xf7, 0x6f, 0xfd, 0x1, 0xff,
    0xf5, 0x6f, 0xff, 0xdd, 0xff, 0xe0, 0x6f, 0xfb,
    0xaf, 0xeb, 0x20, 0x6f, 0xfa, 0x0, 0x0, 0x0,
    0x6f, 0xfb, 0x0, 0x0, 0x0, 0x6f, 0xfb, 0x0,
    0x0, 0x0,

    /* U+0071 "q" */
    0x4, 0xcf, 0xe8, 0xef, 0xf3, 0x2f, 0xff, 0xac,
    0xff, 0xf3, 0x8f, 0xfd, 0x0, 0xef, 0xf3, 0xaf,
    0xfb, 0x0, 0xdf, 0xf3, 0x9f, 0xfd, 0x2, 0xff,
    0xf3, 0x3f, 0xff, 0xde, 0xff, 0xf3, 0x5, 0xdf,
    0xd6, 0xdf, 0xf3, 0x0, 0x0, 0x0, 0xef, 0xf3,
    0x0, 0x0, 0x0, 0xef, 0xf3, 0x0, 0x0, 0x0,
    0xef, 0xf3,

    /* U+0072 "r" */
    0x0, 0x0, 0x0, 0x6, 0xff, 0xa1, 0xc5, 0x6f,
    0xfa, 0xdf, 0x86, 0xff, 0xfb, 0x72, 0x6f, 0xfb,
    0x0, 0x6, 0xff, 0xb0, 0x0, 0x6f, 0xfb, 0x0,
    0x6, 0xff, 0xb0, 0x0,

    /* U+0073 "s" */
    0x6, 0xcf, 0xfe, 0xb4, 0x6, 0xff, 0x83, 0x8a,
    0x80, 0x8f, 0xfe, 0xa8, 0x50, 0x2, 0xdf, 0xff,
    0xff, 0xe2, 0x0, 0x35, 0x8d, 0xff, 0x65, 0xbf,
    0x85, 0xbf, 0xf4, 0x19, 0xdf, 0xff, 0xc5, 0x0,

    /* U+0074 "t" */
    0x0, 0x0, 0x0, 0x0, 0x29, 0xbb, 0x0, 0x5,
    0xff, 0xd0, 0xb, 0xff, 0xff, 0xfe, 0x7c, 0xff,
    0xfa, 0x90, 0x5f, 0xfd, 0x0, 0x5, 0xff, 0xd0,
    0x0, 0x4f, 0xff, 0x43, 0x1, 0xff, 0xff, 0xe0,
    0x5, 0xdf, 0xfc,

    /* U+0075 "u" */
    0x7f, 0xfa, 0x3, 0xff, 0xe7, 0xff, 0xa0, 0x3f,
    0xfe, 0x7f, 0xfa, 0x3, 0xff, 0xe7, 0xff, 0xa0,
    0x3f, 0xfe, 0x7f, 0xfb, 0x3, 0xff, 0xe5, 0xff,
    0xfb, 0xef, 0xfe, 0xa, 0xff, 0xb5, 0xff, 0xe0,

    /* U+0076 "v" */
    0xd, 0xff, 0x70, 0x2f, 0xf9, 0x7, 0xff, 0xc0,
    0x7f, 0xf3, 0x1, 0xff, 0xf1, 0xcf, 0xc0, 0x0,
    0xaf, 0xf7, 0xff, 0x60, 0x0, 0x4f, 0xff, 0xff,
    0x0, 0x0, 0xd, 0xff, 0xf9, 0x0, 0x0, 0x7,
    0xff, 0xf2, 0x0,

    /* U+0077 "w" */
    0xd, 0xff, 0x60, 0x5f, 0xf5, 0x5, 0xff, 0x50,
    0x8f, 0xfa, 0xa, 0xff, 0xb0, 0xaf, 0xe0, 0x2,
    0xff, 0xf1, 0xff, 0xff, 0x1e, 0xf9, 0x0, 0xc,
    0xff, 0x9f, 0xdf, 0xf9, 0xff, 0x30, 0x0, 0x6f,
    0xff, 0xf4, 0xff, 0xff, 0xd0, 0x0, 0x0, 0xff,
    0xfe, 0xa, 0xff, 0xf7, 0x0, 0x0, 0xa, 0xff,
    0xa0, 0x4f, 0xff, 0x10, 0x0,

    /* U+0078 "x" */
    0x8, 0xff, 0xf1, 0x2f, 0xfb, 0x0, 0xc, 0xff,
    0x9c, 0xfe, 0x10, 0x0, 0x1e, 0xff, 0xff, 0x30,
    0x0, 0x0, 0x8f, 0xff, 0xc0, 0x0, 0x0, 0x2f,
    0xff, 0xff, 0x60, 0x0, 0xd, 0xfd, 0x5f, 0xff,
    0x30, 0xa, 0xff, 0x30, 0xaf, 0xfd, 0x10,

    /* U+0079 "y" */
    0xd, 0xff, 0x70, 0x2f, 0xf9, 0x7, 0xff, 0xb0,
    0x7f, 0xf3, 0x1, 0xff, 0xf0, 0xbf, 0xd0, 0x0,
    0xaf, 0xf6, 0xff, 0x60, 0x0, 0x4f, 0xfe, 0xff,
    0x10, 0x0, 0xd, 0xff, 0xfa, 0x0, 0x0, 0x7,
    0xff, 0xf3, 0x0, 0x0, 0x39, 0xff, 0xc0, 0x0,
    0x0, 0xff, 0xff, 0x30, 0x0, 0x0, 0xde, 0xb2,
    0x0, 0x0,

    /* U+007A "z" */
    0x6f, 0xff, 0xff, 0xfc, 0x4c, 0xcc, 0xff, 0xfb,
    0x0, 0xb, 0xff, 0xd1, 0x0, 0xcf, 0xfd, 0x10,
    0x1c, 0xff, 0xc1, 0x0, 0xaf, 0xff, 0xdc, 0xcb,
    0xaf, 0xff, 0xff, 0xfe,

    /* U+007B "{" */
    0x0, 0x2b, 0xef, 0xc0, 0xc, 0xff, 0xd9, 0x0,
    0xff, 0xf0, 0x0, 0x1f, 0xfe, 0x0, 0x1, 0xff,
    0xe0, 0x0, 0x4f, 0xfb, 0x0, 0x8f, 0xfd, 0x30,
    0x8, 0xff, 0xe4, 0x0, 0x3, 0xff, 0xd0, 0x0,
    0x1f, 0xfe, 0x0, 0x0, 0xff, 0xf0, 0x0, 0xd,
    0xff, 0xe9, 0x0, 0x3c, 0xff, 0xc0,

    /* U+007C "|" */
    0x5f, 0xfa, 0x5f, 0xfb, 0x5f, 0xfb, 0x5f, 0xfb,
    0x5f, 0xfb, 0x5f, 0xfb, 0x5f, 0xfb, 0x5f, 0xfb,
    0x5f, 0xfb, 0x5f, 0xfb, 0x5f, 0xfb, 0x5f, 0xfb,
    0x5f, 0xfb,

    /* U+007D "}" */
    0x8f, 0xfc, 0x30, 0x6, 0xdf, 0xfe, 0x0, 0x0,
    0xbf, 0xf3, 0x0, 0xa, 0xff, 0x50, 0x0, 0xaf,
    0xf5, 0x0, 0x8, 0xff, 0x80, 0x0, 0x1c, 0xff,
    0xc0, 0x2, 0xdf, 0xfc, 0x0, 0x9f, 0xf7, 0x0,
    0xa, 0xff, 0x50, 0x0, 0xbf, 0xf4, 0x6, 0xdf,
    0xff, 0x10, 0x8f, 0xfd, 0x50, 0x0,

    /* U+007E "~" */
    0x8, 0xee, 0xa2, 0x3f, 0xc5, 0xff, 0xff, 0xff,
    0xf8, 0x9f, 0x82, 0x9e, 0xfa, 0x0,

    /* U+00A0 " " */

    /* U+00A1 "¡" */
    0x6f, 0xff, 0x6f, 0xff, 0x4c, 0xcc, 0x0, 0x0,
    0x9, 0xe3, 0xc, 0xf6, 0xe, 0xf8, 0xf, 0xfa,
    0x3f, 0xfc, 0x5f, 0xfe,

    /* U+00A2 "¢" */
    0x0, 0x0, 0x9, 0x70, 0x0, 0x0, 0x0, 0x0,
    0x97, 0x0, 0x0, 0x0, 0x5c, 0xff, 0xfe, 0x91,
    0x0, 0x8f, 0xff, 0xdd, 0xff, 0xd0, 0xf, 0xff,
    0x69, 0x73, 0x53, 0x2, 0xff, 0xf3, 0x97, 0x0,
    0x0, 0xf, 0xff, 0x99, 0x88, 0xc9, 0x20, 0x6f,
    0xff, 0xff, 0xff, 0xc0, 0x0, 0x3a, 0xdf, 0xec,
    0x70, 0x0, 0x0, 0x0, 0x97, 0x0, 0x0,

    /* U+00A3 "£" */
    0x0, 0x3a, 0xef, 0xfd, 0x92, 0x0, 0x3, 0xff,
    0xff, 0xff, 0xfe, 0x20, 0xa, 0xff, 0xe1, 0x8,
    0xfe, 0x70, 0xa, 0xff, 0xc0, 0x0, 0x0, 0x0,
    0x9e, 0xff, 0xfb, 0xb7, 0x0, 0x0, 0xdf, 0xff,
    0xff, 0xf9, 0x0, 0x0, 0x0, 0xef, 0xf9, 0x0,
    0x0, 0x0, 0x27, 0xff, 0xfb, 0x35, 0xfc, 0x80,
    0xdf, 0xff, 0xff, 0xff, 0xff, 0xb0, 0xdf, 0xd9,
    0x38, 0xdf, 0xea, 0x10,

    /* U+00A4 "¤" */
    0x0, 0x10, 0x0, 0x0, 0x10, 0x0, 0x6f, 0x50,
    0x10, 0x3e, 0xa0, 0xb, 0xff, 0xff, 0xff, 0xfc,
    0x10, 0xd, 0xff, 0xff, 0xff, 0x10, 0x0, 0xff,
    0xb0, 0x8f, 0xf3, 0x0, 0xf, 0xfc, 0x3a, 0xff,
    0x20, 0x0, 0xdf, 0xff, 0xff, 0xf2, 0x0, 0xcf,
    0xfd, 0xfe, 0xef, 0xe1, 0x5, 0xe3, 0x0, 0x1,
    0xd7, 0x0, 0x0, 0x0, 0x0, 0x0, 0x0,

    /* U+00A5 "¥" */
    0xb, 0xff, 0xf2, 0x0, 0x4f, 0xfe, 0x0, 0x2f,
    0xff, 0xa0, 0xd, 0xff, 0x50, 0x0, 0x8f, 0xff,
    0x26, 0xff, 0xb0, 0x0, 0x0, 0xdf, 0xfb, 0xef,
    0xf2, 0x0, 0x0, 0xad, 0xff, 0xff, 0xfe, 0xa1,
    0x0, 0xf, 0xff, 0xff, 0xff, 0xff, 0x20, 0x0,
    0x0, 0x2f, 0xff, 0x50, 0x0, 0x0, 0xf, 0xff,
    0xff, 0xff, 0xff, 0x20, 0x0, 0xaa, 0xbf, 0xff,
    0xca, 0xa1, 0x0, 0x0, 0x2, 0xff, 0xf5, 0x0,
    0x0,

    /* U+00A6 "¦" */
    0x5f, 0xfb, 0x5f, 0xfb, 0x5f, 0xfb, 0x5f, 0xfb,
    0x5f, 0xfb, 0x27, 0x74, 0x0, 0x0, 0x27, 0x75,
    0x5f, 0xfb, 0x5f, 0xfb, 0x5f, 0xfb, 0x5f, 0xfb,
    0x5f, 0xfb,

    /* U+00A7 "§" */
    0x3, 0xbe, 0xff, 0xc7, 0x0, 0x1f, 0xfc, 0x36,
    0xb9, 0x10, 0x3f, 0xff, 0xa6, 0x20, 0x0, 0xc,
    0xff, 0xff, 0xfd, 0x30, 0x1a, 0xfa, 0xdf, 0xff,
    0xf0, 0x9f, 0xf3, 0x1, 0xdf, 0xf1, 0x9f, 0xff,
    0xd9, 0xdf, 0x60, 0x1c, 0xff, 0xff, 0xfe, 0x30,
    0x0, 0x26, 0xae, 0xff, 0x90, 0x16, 0xb8, 0x26,
    0xff, 0x80, 0x1a, 0xff, 0xff, 0xfa, 0x0, 0x0,
    0x3, 0x43, 0x10, 0x0,

    /* U+00A8 "¨" */
    0x3e, 0xe6, 0x7e, 0xe2, 0x3f, 0xf7, 0x8f, 0xf2,

    /* U+00A9 "©" */
    0x0, 0x2, 0x8d, 0xee, 0xd9, 0x20, 0x0, 0x0,
    0x7e, 0x72, 0x1, 0x27, 0xe7, 0x0, 0x5, 0xd1,
    0x4c, 0xff, 0xe7, 0x1d, 0x50, 0xd, 0x43, 0xff,
    0xc5, 0xdc, 0x24, 0xd0, 0xf, 0x7, 0xff, 0x60,
    0x0, 0x0, 0xf1, 0xf, 0x5, 0xff, 0xa1, 0x98,
    0x20, 0xf1, 0xd, 0x40, 0xcf, 0xff, 0xfe, 0x14,
    0xd0, 0x5, 0xd1, 0x4, 0x77, 0x50, 0x1d, 0x50,
    0x0, 0x7e, 0x72, 0x0, 0x27, 0xe7, 0x0, 0x0,
    0x2, 0x9d, 0xef, 0xd9, 0x20, 0x0,

    /* U+00AA "ª" */
    0x0, 0x0, 0x0, 0x0, 0x6d, 0xff, 0xc2, 0x9,
    0xa5, 0xdf, 0xa0, 0x8b, 0xdf, 0xfc, 0x9f, 0xe2,
    0xdf, 0xc7, 0xff, 0xed, 0xfc, 0x2, 0x20, 0x23,
    0x30,

    /* U+00AB "«" */
    0x0, 0x1d, 0xfd, 0x6, 0xff, 0x60, 0x1d, 0xfe,
    0x16, 0xff, 0x90, 0x1d, 0xff, 0x35, 0xff, 0xc0,
    0x0, 0xaf, 0xf6, 0x3e, 0xfe, 0x10, 0x0, 0xaf,
    0xf3, 0x3e, 0xfc, 0x0, 0x0, 0x9c, 0xa0, 0x3c,
    0xc5,

    /* U+00AC "¬" */
    0xaf, 0xff, 0xff, 0xff, 0xea, 0xff, 0xff, 0xff,
    0xfe, 0x11, 0x11, 0x11, 0x5f, 0xe0, 0x0, 0x0,
    0x4, 0xfe, 0x0, 0x0, 0x0, 0x4f, 0xe0,

    /* U+00AE "®" */
    0x0, 0x2, 0x8d, 0xee, 0xd9, 0x20, 0x0, 0x0,
    0x7e, 0x72, 0x0, 0x27, 0xe7, 0x0, 0x5, 0xd1,
    0xff, 0xff, 0xe8, 0x1d, 0x50, 0xd, 0x40, 0xff,
    0x56, 0xff, 0x14, 0xd0, 0xf, 0x0, 0xff, 0xff,
    0xf7, 0x0, 0xf1, 0xf, 0x0, 0xff, 0x5d, 0xf4,
    0x0, 0xf1, 0xd, 0x40, 0xff, 0x37, 0xfc, 0x4,
    0xd0, 0x5, 0xd1, 0x44, 0x1, 0x44, 0x1d, 0x50,
    0x0, 0x7e, 0x72, 0x0, 0x27, 0xe7, 0x0, 0x0,
    0x2, 0x9d, 0xef, 0xd9, 0x20, 0x0,

    /* U+00AF "¯" */
    0x18, 0x88, 0x88, 0x81, 0x3f, 0xff, 0xff, 0xf3,

    /* U+00B0 "°" */
    0x0, 0x69, 0x82, 0x0, 0xcf, 0xff, 0xf3, 0x3f,
    0xd1, 0x6f, 0xb4, 0xfb, 0x3, 0xfb, 0xe, 0xfb,
    0xef, 0x60, 0x3c, 0xfe, 0x70,

    /* U+00B1 "±" */
    0x0, 0x6, 0xd8, 0x0, 0x0, 0x0, 0x7f, 0xb0,
    0x0, 0xaf, 0xff, 0xff, 0xff, 0xea, 0xff, 0xff,
    0xff, 0xfe, 0x1, 0x18, 0xfb, 0x11, 0x10, 0x0,
    0x7f, 0xb0, 0x0, 0x1, 0x11, 0x11, 0x11, 0x1a,
    0xff, 0xff, 0xff, 0xfe, 0xaf, 0xff, 0xff, 0xff,
    0xe0,

    /* U+00B2 "²" */
    0x1a, 0xef, 0xe9, 0x3, 0xa7, 0x7f, 0xf2, 0x6,
    0xcf, 0xc5, 0x7, 0xff, 0x97, 0x72, 0xaf, 0xff,
    0xff, 0x40,

    /* U+00B3 "³" */
    0x1a, 0xff, 0xe8, 0x3, 0x85, 0x5f, 0xf1, 0x0,
    0x8f, 0xfb, 0x4, 0x76, 0x7f, 0xf4, 0x3c, 0xff,
    0xea, 0x0,

    /* U+00B4 "´" */
    0x5, 0xff, 0xb1, 0x2f, 0xfb, 0x0,

    /* U+00B5 "µ" */
    0x6f, 0xfb, 0x2, 0xff, 0xf0, 0x6f, 0xfb, 0x2,
    0xff, 0xf0, 0x6f, 0xfb, 0x2, 0xff, 0xf0, 0x6f,
    0xfb, 0x2, 0xff, 0xf0, 0x6f, 0xfb, 0x2, 0xff,
    0xf0, 0x6f, 0xff, 0xbe, 0xff, 0xf0, 0x6f, 0xff,
    0xd5, 0xff, 0xf1, 0x6f, 0xfb, 0x0, 0x0, 0x0,
    0x6f, 0xfb, 0x0, 0x0, 0x0, 0x6f, 0xfb, 0x0,
    0x0, 0x0,

    /* U+00B6 "¶" */
    0x2, 0xad, 0xff, 0xff, 0xff, 0xfb, 0x1e, 0xff,
    0xff, 0xff, 0xff, 0xfb, 0x8f, 0xff, 0xff, 0x71,
    0xff, 0xb1, 0xaf, 0xff, 0xff, 0x60, 0xff, 0xb0,
    0x7f, 0xff, 0xff, 0x60, 0xff, 0xb0, 0x1e, 0xff,
    0xff, 0x60, 0xff, 0xb0, 0x2, 0xae, 0xff, 0x60,
    0xff, 0xb0, 0x0, 0x4, 0xff, 0x60, 0xff, 0xb0,
    0x0, 0x4, 0xff, 0x60, 0xff, 0xb0, 0x0, 0x4,
    0xff, 0x60, 0xff, 0xb0, 0x0, 0x4, 0xff, 0x60,
    0xff, 0xb0, 0x0, 0x4, 0xff, 0x60, 0xff, 0xb0,
    0x0, 0x4, 0xff, 0x60, 0xff, 0xb0,

    /* U+00B7 "·" */
    0x5d, 0xdd, 0x6f, 0xff, 0x6f, 0xff,

    /* U+00B8 "¸" */
    0x0, 0x0, 0x0, 0x7, 0xfc, 0x20, 0x3, 0x5b,
    0xf2, 0x1b, 0xee, 0xa0,

    /* U+00B9 "¹" */
    0x5, 0xff, 0x1c, 0xff, 0xf1, 0x5, 0xff, 0x10,
    0x5f, 0xf1, 0x5, 0xff, 0x10,

    /* U+00BA "º" */
    0x0, 0x0, 0x0, 0x0, 0x7, 0xef, 0xfc, 0x40,
    0x6f, 0xf7, 0xaf, 0xf2, 0xaf, 0xf0, 0x5f, 0xf5,
    0x8f, 0xf4, 0x9f, 0xf2, 0xb, 0xff, 0xff, 0x70,
    0x0, 0x14, 0x30, 0x0,

    /* U+00BB "»" */
    0x1d, 0xfc, 0x6, 0xff, 0x50, 0x0, 0x2f, 0xfc,
    0x9, 0xff, 0x60, 0x0, 0x5f, 0xfc, 0xc, 0xff,
    0x60, 0x8, 0xff, 0x91, 0xef, 0xe3, 0x5, 0xff,
    0x90, 0xcf, 0xe3, 0x1, 0xbc, 0x80, 0x6c, 0xc2,
    0x0,

    /* U+00BC "¼" */
    0x0, 0x2c, 0xc0, 0x0, 0x0, 0x4c, 0xc3, 0x0,
    0x9f, 0xff, 0x10, 0x0, 0x5f, 0xf6, 0x0, 0x2,
    0x6f, 0xf1, 0x0, 0x6f, 0xf5, 0x0, 0x0, 0x5,
    0xff, 0x10, 0x7f, 0xf4, 0x0, 0x0, 0x0, 0x5f,
    0xf1, 0x8f, 0xf3, 0x0, 0x0, 0x0, 0x0, 0x0,
    0x8f, 0xe3, 0x2e, 0xff, 0x10, 0x0, 0x0, 0x9f,
    0xe2, 0x2e, 0xdf, 0xf1, 0x0, 0x0, 0xaf, 0xd2,
    0x2e, 0xb4, 0xff, 0x20, 0x0, 0xbf, 0xd1, 0x8,
    0xff, 0xff, 0xff, 0x10, 0xbf, 0xc1, 0x0, 0x24,
    0x46, 0xff, 0x50, 0x14, 0x40, 0x0, 0x0, 0x0,
    0x4, 0x40, 0x0,

    /* U+00BD "½" */
    0x1, 0x7f, 0xf1, 0x0, 0x0, 0x8f, 0xe3, 0x0,
    0x8c, 0xff, 0x10, 0x0, 0xaf, 0xd2, 0x0, 0x0,
    0x5f, 0xf1, 0x1, 0xcf, 0xc1, 0x0, 0x0, 0x5,
    0xff, 0x12, 0xdf, 0xb0, 0x0, 0x0, 0x0, 0x3c,
    0xc4, 0xef, 0xaa, 0xef, 0xe8, 0x0, 0x0, 0x4,
    0xff, 0x73, 0xa7, 0x7f, 0xf2, 0x0, 0x6, 0xff,
    0x50, 0x5, 0xbf, 0xf9, 0x0, 0x8, 0xfe, 0x30,
    0x6, 0xff, 0x83, 0x20, 0xa, 0xfd, 0x20, 0x0,
    0xbf, 0xff, 0xff, 0x32, 0x55, 0x10, 0x0, 0x3,
    0x55, 0x55, 0x51,

    /* U+00BE "¾" */
    0x1a, 0xee, 0xd7, 0x0, 0x0, 0x1c, 0xfa, 0x3,
    0x95, 0x5f, 0xf1, 0x0, 0x1d, 0xfa, 0x0, 0x0,
    0x7f, 0xfb, 0x0, 0x2e, 0xfa, 0x0, 0x2, 0x54,
    0x3f, 0xf4, 0x2e, 0xf9, 0x0, 0x0, 0x5f, 0xff,
    0xfc, 0x4e, 0xf9, 0x0, 0x0, 0x0, 0x2, 0x21,
    0x3e, 0xf8, 0x7, 0xee, 0x80, 0x0, 0x0, 0x3f,
    0xf7, 0x8, 0xfe, 0xfa, 0x0, 0x0, 0x4f, 0xf7,
    0x8, 0xf5, 0xcf, 0xa0, 0x0, 0x4f, 0xf6, 0x0,
    0xff, 0xff, 0xff, 0x90, 0x5f, 0xf5, 0x0, 0x4,
    0x44, 0xcf, 0xb2, 0x3, 0x42, 0x0, 0x0, 0x0,
    0x2, 0x42, 0x0,

    /* U+00BF "¿" */
    0x0, 0xc, 0xff, 0xa0, 0x0, 0x0, 0xc, 0xff,
    0xa0, 0x0, 0x0, 0x9, 0xcc, 0x80, 0x0, 0x0,
    0x2, 0x44, 0x10, 0x0, 0x0, 0x5d, 0xff, 0x20,
    0x0, 0x1c, 0xff, 0xf8, 0x0, 0x0, 0x9f, 0xff,
    0x40, 0x0, 0x0, 0xaf, 0xfe, 0x1, 0xdf, 0xc0,
    0x4f, 0xff, 0xff, 0xff, 0x80, 0x4, 0xbe, 0xfe,
    0xc5, 0x0,

    /* U+00C0 "À" */
    0x0, 0x9, 0xff, 0xa0, 0x0, 0x0, 0x0, 0x0,
    0x5, 0xee, 0x80, 0x0, 0x0, 0x0, 0x0, 0xbf,
    0xff, 0xe0, 0x0, 0x0, 0x0, 0x1f, 0xff, 0xff,
    0x40, 0x0, 0x0, 0x7, 0xff, 0xff, 0xfa, 0x0,
    0x0, 0x0, 0xcf, 0xf7, 0xff, 0xf0, 0x0, 0x0,
    0x2f, 0xfb, 0x1f, 0xff, 0x50, 0x0, 0x8, 0xff,
    0x60, 0xcf, 0xfb, 0x0, 0x0, 0xdf, 0xfe, 0xdf,
    0xff, 0xf1, 0x0, 0x3f, 0xff, 0xff, 0xff, 0xff,
    0x60, 0x9, 0xff, 0x60, 0x0, 0xdf, 0xfc, 0x0,
    0xef, 0xf1, 0x0, 0x8, 0xff, 0xf2,

    /* U+00C1 "Á" */
    0x0, 0x0, 0x0, 0x7f, 0xfb, 0x10, 0x0, 0x0,
    0x0, 0x5e, 0xe7, 0x0, 0x0, 0x0, 0x0, 0xbf,
    0xff, 0xe0, 0x0, 0x0, 0x0, 0x1f, 0xff, 0xff,
    0x40, 0x0, 0x0, 0x7, 0xff, 0xff, 0xfa, 0x0,
    0x0, 0x0, 0xcf, 0xf7, 0xff, 0xf0, 0x0, 0x0,
    0x2f, 0xfb, 0x1f, 0xff, 0x50, 0x0, 0x8, 0xff,
    0x60, 0xcf, 0xfb, 0x0, 0x0, 0xdf, 0xfe, 0xdf,
    0xff, 0xf1, 0x0, 0x3f, 0xff, 0xff, 0xff, 0xff,
    0x60, 0x9, 0xff, 0x60, 0x0, 0xdf, 0xfc, 0x0,
    0xef, 0xf1, 0x0, 0x8, 0xff, 0xf2,

    /* U+00C2 "Â" */
    0x0, 0x0, 0x8f, 0xff, 0xa0, 0x0, 0x0, 0x0,
    0x8e, 0xb4, 0xae, 0xa0, 0x0, 0x0, 0x0, 0xbf,
    0xff, 0xe0, 0x0, 0x0, 0x0, 0x1f, 0xff, 0xff,
    0x40, 0x0, 0x0, 0x7, 0xff, 0xff, 0xfa, 0x0,
    0x0, 0x0, 0xcf, 0xf7, 0xff, 0xf0, 0x0, 0x0,
    0x2f, 0xfb, 0x1f, 0xff, 0x50, 0x0, 0x8, 0xff,
    0x60, 0xcf, 0xfb, 0x0, 0x0, 0xdf, 0xfe, 0xdf,
    0xff, 0xf1, 0x0, 0x3f, 0xff, 0xff, 0xff, 0xff,
    0x60, 0x9, 0xff, 0x60, 0x0, 0xdf, 0xfc, 0x0,
    0xef, 0xf1, 0x0, 0x8, 0xff, 0xf2,

    /* U+00C3 "Ã" */
    0x0, 0x0, 0x1, 0x11, 0x11, 0x0, 0x0, 0x0,
    0x8f, 0xff, 0xff, 0xd0, 0x0, 0x0, 0x4, 0x44,
    0x44, 0x40, 0x0, 0x0, 0x0, 0xb, 0xff, 0xfe,
    0x0, 0x0, 0x0, 0x1, 0xff, 0xff, 0xf4, 0x0,
    0x0, 0x0, 0x7f, 0xff, 0xff, 0xa0, 0x0, 0x0,
    0xc, 0xff, 0x7f, 0xff, 0x0, 0x0, 0x2, 0xff,
    0xb1, 0xff, 0xf5, 0x0, 0x0, 0x8f, 0xf6, 0xc,
    0xff, 0xb0, 0x0, 0xd, 0xff, 0xed, 0xff, 0xff,
    0x10, 0x3, 0xff, 0xff, 0xff, 0xff, 0xf6, 0x0,
    0x9f, 0xf6, 0x0, 0xd, 0xff, 0xc0, 0xe, 0xff,
    0x10, 0x0, 0x8f, 0xff, 0x20,

    /* U+00C4 "Ä" */
    0x0, 0xb, 0xff, 0x1e, 0xfe, 0x0, 0x0, 0x0,
    0x8c, 0xc0, 0xbc, 0xb0, 0x0, 0x0, 0x0, 0xbf,
    0xff, 0xe0, 0x0, 0x0, 0x0, 0x1f, 0xff, 0xff,
    0x40, 0x0, 0x0, 0x7, 0xff, 0xff, 0xfa, 0x0,
    0x0, 0x0, 0xcf, 0xf7, 0xff, 0xf0, 0x0, 0x0,
    0x2f, 0xfb, 0x1f, 0xff, 0x50, 0x0, 0x8, 0xff,
    0x60, 0xcf, 0xfb, 0x0, 0x0, 0xdf, 0xfe, 0xdf,
    0xff, 0xf1, 0x0, 0x3f, 0xff, 0xff, 0xff, 0xff,
    0x60, 0x9, 0xff, 0x60, 0x0, 0xdf, 0xfc, 0x0,
    0xef, 0xf1, 0x0, 0x8, 0xff, 0xf2,

    /* U+00C5 "Å" */
    0x0, 0x0, 0x8d, 0xee, 0x90, 0x0, 0x0, 0x0,
    0x2f, 0xd0, 0xbf, 0x50, 0x0, 0x0, 0x0, 0x7d,
    0xed, 0x90, 0x0, 0x0, 0x0, 0xb, 0xff, 0xfe,
    0x0, 0x0, 0x0, 0x1, 0xff, 0xff, 0xf4, 0x0,
    0x0, 0x0, 0x7f, 0xff, 0xff, 0xa0, 0x0, 0x0,
    0xc, 0xff, 0x7f, 0xff, 0x0, 0x0, 0x2, 0xff,
    0xb1, 0xff, 0xf5, 0x0, 0x0, 0x8f, 0xf6, 0xc,
    0xff, 0xb0, 0x0, 0xd, 0xff, 0xed, 0xff, 0xff,
    0x10, 0x3, 0xff, 0xff, 0xff, 0xff, 0xf6, 0x0,
    0x9f, 0xf6, 0x0, 0xd, 0xff, 0xc0, 0xe, 0xff,
    0x10, 0x0, 0x8f, 0xff, 0x20,

    /* U+00C6 "Æ" */
    0x0, 0x0, 0x0, 0xdf, 0xff, 0xff, 0xff, 0xff,
    0xfc, 0x0, 0x0, 0x6, 0xff, 0xff, 0xff, 0xff,
    0xff, 0xfc, 0x0, 0x0, 0x1e, 0xff, 0x5f, 0xff,
    0x62, 0x22, 0x22, 0x0, 0x0, 0x8f, 0xf9, 0x2f,
    0xff, 0x40, 0x0, 0x0, 0x0, 0x2, 0xff, 0xf1,
    0x2f, 0xff, 0xff, 0xff, 0xb0, 0x0, 0xb, 0xff,
    0x80, 0x2f, 0xff, 0xff, 0xff, 0xb0, 0x0, 0x4f,
    0xff, 0xee, 0xef, 0xff, 0x50, 0x0, 0x0, 0x0,
    0xdf, 0xff, 0xff, 0xff, 0xff, 0x62, 0x22, 0x22,
    0x6, 0xff, 0xd0, 0x0, 0x2f, 0xff, 0xff, 0xff,
    0xfc, 0xe, 0xff, 0x50, 0x0, 0x2f, 0xff, 0xff,
    0xff, 0xfc,

    /* U+00C7 "Ç" */
    0x0, 0x29, 0xdf, 0xfd, 0x81, 0x0, 0x5f, 0xff,
    0xff, 0xff, 0xe1, 0x1f, 0xff, 0xe2, 0xb, 0xff,
    0x87, 0xff, 0xf8, 0x0, 0x13, 0x10, 0x9f, 0xff,
    0x50, 0x0, 0x0, 0xa, 0xff, 0xf6, 0x0, 0x0,
    0x0, 0x7f, 0xff, 0x90, 0x0, 0x62, 0x2, 0xff,
    0xff, 0x40, 0x8f, 0xfb, 0x8, 0xff, 0xff, 0xff,
    0xff, 0x50, 0x5, 0xcf, 0xff, 0xfc, 0x40, 0x0,
    0x0, 0x7f, 0xe6, 0x0, 0x0, 0x0, 0x1, 0x39,
    0xf4, 0x0, 0x0, 0x0, 0xae, 0xfb, 0x0, 0x0,

    /* U+00C8 "È" */
    0x2, 0xdf, 0xf5, 0x0, 0x0, 0x0, 0x9, 0xee,
    0x30, 0x0, 0x5f, 0xff, 0xff, 0xff, 0xfc, 0x5f,
    0xff, 0xff, 0xff, 0xfc, 0x5f, 0xff, 0x32, 0x22,
    0x21, 0x5f, 0xff, 0x10, 0x0, 0x0, 0x5f, 0xff,
    0xff, 0xff, 0xb0, 0x5f, 0xff, 0xff, 0xff, 0xb0,
    0x5f, 0xff, 0x20, 0x0, 0x0, 0x5f, 0xff, 0x32,
    0x22, 0x21, 0x5f, 0xff, 0xff, 0xff, 0xfc, 0x5f,
    0xff, 0xff, 0xff, 0xfc,

    /* U+00C9 "É" */
    0x0, 0x0, 0xc, 0xff, 0x70, 0x0, 0x0, 0xae,
    0xd3, 0x0, 0x5f, 0xff, 0xff, 0xff, 0xfc, 0x5f,
    0xff, 0xff, 0xff, 0xfc, 0x5f, 0xff, 0x32, 0x22,
    0x21, 0x5f, 0xff, 0x10, 0x0, 0x0, 0x5f, 0xff,
    0xff, 0xff, 0xb0, 0x5f, 0xff, 0xff, 0xff, 0xb0,
    0x5f, 0xff, 0x20, 0x0, 0x0, 0x5f, 0xff, 0x32,
    0x22, 0x21, 0x5f, 0xff, 0xff, 0xff, 0xfc, 0x5f,
    0xff, 0xff, 0xff, 0xfc,

    /* U+00CA "Ê" */
    0x0, 0x1c, 0xff, 0xf5, 0x0, 0x1, 0xce, 0x85,
    0xce, 0x60, 0x5f, 0xff, 0xff, 0xff, 0xfc, 0x5f,
    0xff, 0xff, 0xff, 0xfc, 0x5f, 0xff, 0x32, 0x22,
    0x21, 0x5f, 0xff, 0x10, 0x0, 0x0, 0x5f, 0xff,
    0xff, 0xff, 0xb0, 0x5f, 0xff, 0xff, 0xff, 0xb0,
    0x5f, 0xff, 0x20, 0x0, 0x0, 0x5f, 0xff, 0x32,
    0x22, 0x21, 0x5f, 0xff, 0xff, 0xff, 0xfc, 0x5f,
    0xff, 0xff, 0xff, 0xfc,

    /* U+00CB "Ë" */
    0x1, 0xff, 0xb4, 0xff, 0x80, 0x0, 0xcc, 0x83,
    0xcc, 0x60, 0x5f, 0xff, 0xff, 0xff, 0xfc, 0x5f,
    0xff, 0xff, 0xff, 0xfc, 0x5f, 0xff, 0x32, 0x22,
    0x21, 0x5f, 0xff, 0x10, 0x0, 0x0, 0x5f, 0xff,
    0xff, 0xff, 0xb0, 0x5f, 0xff, 0xff, 0xff, 0xb0,
    0x5f, 0xff, 0x20, 0x0, 0x0, 0x5f, 0xff, 0x32,
    0x22, 0x21, 0x5f, 0xff, 0xff, 0xff, 0xfc, 0x5f,
    0xff, 0xff, 0xff, 0xfc,

    /* U+00CC "Ì" */
    0x1b, 0xff, 0x80, 0x0, 0x7, 0xee, 0x50, 0x0,
    0x5f, 0xff, 0x20, 0x5, 0xff, 0xf2, 0x0, 0x5f,
    0xff, 0x20, 0x5, 0xff, 0xf2, 0x0, 0x5f, 0xff,
    0x20, 0x5, 0xff, 0xf2, 0x0, 0x5f, 0xff, 0x20,
    0x5, 0xff, 0xf2, 0x0, 0x5f, 0xff, 0x20, 0x5,
    0xff, 0xf2,

    /* U+00CD "Í" */
    0x0, 0xaf, 0xf9, 0x0, 0x8e, 0xe5, 0x0, 0x5f,
    0xff, 0x20, 0x5, 0xff, 0xf2, 0x0, 0x5f, 0xff,
    0x20, 0x5, 0xff, 0xf2, 0x0, 0x5f, 0xff, 0x20,
    0x5, 0xff, 0xf2, 0x0, 0x5f, 0xff, 0x20, 0x5,
    0xff, 0xf2, 0x0, 0x5f, 0xff, 0x20, 0x5, 0xff,
    0xf2, 0x0,

    /* U+00CE "Î" */
    0x0, 0xaf, 0xff, 0x80, 0x0, 0xae, 0xa4, 0xbe,
    0x80, 0x0, 0x5f, 0xff, 0x20, 0x0, 0x5, 0xff,
    0xf2, 0x0, 0x0, 0x5f, 0xff, 0x20, 0x0, 0x5,
    0xff, 0xf2, 0x0, 0x0, 0x5f, 0xff, 0x20, 0x0,
    0x5, 0xff, 0xf2, 0x0, 0x0, 0x5f, 0xff, 0x20,
    0x0, 0x5, 0xff, 0xf2, 0x0, 0x0, 0x5f, 0xff,
    0x20, 0x0, 0x5, 0xff, 0xf2, 0x0,

    /* U+00CF "Ï" */
    0xef, 0xe1, 0xff, 0xbb, 0xcb, 0x1c, 0xc8, 0x5,
    0xff, 0xf2, 0x0, 0x5f, 0xff, 0x20, 0x5, 0xff,
    0xf2, 0x0, 0x5f, 0xff, 0x20, 0x5, 0xff, 0xf2,
    0x0, 0x5f, 0xff, 0x20, 0x5, 0xff, 0xf2, 0x0,
    0x5f, 0xff, 0x20, 0x5, 0xff, 0xf2, 0x0, 0x5f,
    0xff, 0x20,

    /* U+00D0 "Ð" */
    0x7, 0xff, 0xff, 0xfe, 0xc7, 0x10, 0x0, 0x7f,
    0xff, 0xff, 0xff, 0xfe, 0x20, 0x7, 0xff, 0xf1,
    0x26, 0xff, 0xfd, 0x0, 0x7f, 0xff, 0x0, 0x9,
    0xff, 0xf4, 0xdf, 0xff, 0xff, 0xa0, 0x5f, 0xff,
    0x6d, 0xff, 0xff, 0xfa, 0x6, 0xff, 0xf6, 0x18,
    0xff, 0xf1, 0x10, 0xaf, 0xff, 0x30, 0x7f, 0xff,
    0x22, 0x7f, 0xff, 0xd0, 0x7, 0xff, 0xff, 0xff,
    0xff, 0xe2, 0x0, 0x7f, 0xff, 0xff, 0xfc, 0x71,
    0x0,

    /* U+00D1 "Ñ" */
    0x0, 0x0, 0x11, 0x11, 0x10, 0x0, 0x0, 0x4f,
    0xff, 0xff, 0xf3, 0x0, 0x0, 0x24, 0x44, 0x44,
    0x10, 0x0, 0x5f, 0xff, 0xd0, 0x0, 0xaf, 0xf1,
    0x5f, 0xff, 0xf9, 0x0, 0xaf, 0xf1, 0x5f, 0xff,
    0xff, 0x50, 0xaf, 0xf1, 0x5f, 0xff, 0xff, 0xe1,
    0xaf, 0xf1, 0x5f, 0xf9, 0xff, 0xfc, 0xaf, 0xf1,
    0x5f, 0xf7, 0x6f, 0xff, 0xff, 0xf1, 0x5f, 0xf7,
    0xb, 0xff, 0xff, 0xf1, 0x5f, 0xf7, 0x1, 0xef,
    0xff, 0xf1, 0x5f, 0xf7, 0x0, 0x4f, 0xff, 0xf1,
    0x5f, 0xf7, 0x0, 0x9, 0xff, 0xf1,

    /* U+00D2 "Ò" */
    0x0, 0x3e, 0xff, 0x30, 0x0, 0x0, 0x0, 0x1,
    0xbe, 0xd1, 0x0, 0x0, 0x0, 0x2a, 0xdf, 0xfe,
    0xa3, 0x0, 0x5, 0xff, 0xff, 0xff, 0xff, 0x70,
    0x2f, 0xff, 0xd2, 0x1b, 0xff, 0xf3, 0x7f, 0xff,
    0x50, 0x3, 0xff, 0xf9, 0xaf, 0xff, 0x20, 0x1,
    0xff, 0xfb, 0xaf, 0xff, 0x20, 0x1, 0xff, 0xfb,
    0x7f, 0xff, 0x50, 0x4, 0xff, 0xf8, 0x2f, 0xff,
    0xd3, 0x2d, 0xff, 0xf2, 0x5, 0xff, 0xff, 0xff,
    0xff, 0x60, 0x0, 0x2a, 0xef, 0xfe, 0xa3, 0x0,

    /* U+00D3 "Ó" */
    0x0, 0x0, 0x2, 0xef, 0xe4, 0x0, 0x0, 0x0,
    0xc, 0xec, 0x20, 0x0, 0x0, 0x2a, 0xdf, 0xfe,
    0xa3, 0x0, 0x5, 0xff, 0xff, 0xff, 0xff, 0x70,
    0x2f, 0xff, 0xd2, 0x1b, 0xff, 0xf3, 0x7f, 0xff,
    0x50, 0x3, 0xff, 0xf9, 0xaf, 0xff, 0x20, 0x1,
    0xff, 0xfb, 0xaf, 0xff, 0x20, 0x1, 0xff, 0xfb,
    0x7f, 0xff, 0x50, 0x4, 0xff, 0xf8, 0x2f, 0xff,
    0xd3, 0x2d, 0xff, 0xf2, 0x5, 0xff, 0xff, 0xff,
    0xff, 0x60, 0x0, 0x2a, 0xef, 0xfe, 0xa3, 0x0,

    /* U+00D4 "Ô" */
    0x0, 0x2, 0xef, 0xfe, 0x30, 0x0, 0x0, 0x3d,
    0xd7, 0x6d, 0xd4, 0x0, 0x0, 0x2a, 0xdf, 0xfe,
    0xa3, 0x0, 0x5, 0xff, 0xff, 0xff, 0xff, 0x70,
    0x2f, 0xff, 0xd2, 0x1b, 0xff, 0xf3, 0x7f, 0xff,
    0x50, 0x3, 0xff, 0xf9, 0xaf, 0xff, 0x20, 0x1,
    0xff, 0xfb, 0xaf, 0xff, 0x20, 0x1, 0xff, 0xfb,
    0x7f, 0xff, 0x50, 0x4, 0xff, 0xf8, 0x2f, 0xff,
    0xd3, 0x2d, 0xff, 0xf2, 0x5, 0xff, 0xff, 0xff,
    0xff, 0x60, 0x0, 0x2a, 0xef, 0xfe, 0xa3, 0x0,

    /* U+00D5 "Õ" */
    0x0, 0x0, 0x11, 0x11, 0x11, 0x0, 0x0, 0x2e,
    0xff, 0xff, 0xf5, 0x0, 0x0, 0x24, 0x44, 0x44,
    0x20, 0x0, 0x0, 0x2a, 0xdf, 0xfe, 0xa3, 0x0,
    0x5, 0xff, 0xff, 0xff, 0xff, 0x70, 0x2f, 0xff,
    0xd2, 0x1b, 0xff, 0xf3, 0x7f, 0xff, 0x50, 0x3,
    0xff, 0xf9, 0xaf, 0xff, 0x20, 0x1, 0xff, 0xfb,
    0xaf, 0xff, 0x20, 0x1, 0xff, 0xfb, 0x7f, 0xff,
    0x50, 0x4, 0xff, 0xf8, 0x2f, 0xff, 0xd3, 0x2d,
    0xff, 0xf2, 0x5, 0xff, 0xff, 0xff, 0xff, 0x60,
    0x0, 0x2a, 0xef, 0xfe, 0xa3, 0x0,

    /* U+00D6 "Ö" */
    0x0, 0x3c, 0xc6, 0x5c, 0xc4, 0x0, 0x0, 0x4f,
    0xf8, 0x7f, 0xf5, 0x0, 0x0, 0x0, 0x0, 0x0,
    0x0, 0x0, 0x0, 0x2a, 0xdf, 0xfe, 0xa3, 0x0,
    0x5, 0xff, 0xff, 0xff, 0xff, 0x70, 0x2f, 0xff,
    0xd2, 0x1b, 0xff, 0xf3, 0x7f, 0xff, 0x50, 0x3,
    0xff, 0xf9, 0xaf, 0xff, 0x20, 0x1, 0xff, 0xfb,
    0xaf, 0xff, 0x20, 0x1, 0xff, 0xfb, 0x7f, 0xff,
    0x50, 0x4, 0xff, 0xf8, 0x2f, 0xff, 0xd3, 0x2d,
    0xff, 0xf2, 0x5, 0xff, 0xff, 0xff, 0xff, 0x60,
    0x0, 0x2a, 0xef, 0xfe, 0xa3, 0x0,

    /* U+00D7 "×" */
    0x6, 0x50, 0x0, 0x28, 0x4, 0xff, 0x50, 0x3e,
    0xf7, 0x9, 0xff, 0x8f, 0xfc, 0x10, 0x9, 0xff,
    0xfc, 0x0, 0x0, 0x4f, 0xff, 0x70, 0x0, 0x4f,
    0xfd, 0xff, 0x70, 0x4f, 0xfb, 0x7, 0xff, 0x70,
    0xba, 0x0, 0x7, 0xd1, 0x0, 0x0, 0x0, 0x0,
    0x0,

    /* U+00D8 "Ø" */
    0x0, 0x0, 0x0, 0x0, 0x38, 0x60, 0x0, 0x29,
    0xdf, 0xfe, 0xef, 0x40, 0x5, 0xff, 0xff, 0xff,
    0xff, 0x70, 0x1f, 0xff, 0xc1, 0x6f, 0xff, 0xf3,
    0x7f, 0xff, 0x41, 0xef, 0xff, 0xf9, 0x9f, 0xff,
    0x2b, 0xf8, 0xff, 0xfb, 0x9f, 0xff, 0x8f, 0xc1,
    0xff, 0xfb, 0x7f, 0xff, 0xff, 0x23, 0xff, 0xf8,
    0x1f, 0xff, 0xf9, 0x2c, 0xff, 0xf2, 0x5, 0xff,
    0xff, 0xff, 0xff, 0x60, 0x3, 0xff, 0xdf, 0xfd,
    0xa3, 0x0, 0x5, 0x84, 0x0, 0x0, 0x0, 0x0,

    /* U+00D9 "Ù" */
    0x0, 0x7f, 0xfc, 0x0, 0x0, 0x0, 0x0, 0x3d,
    0xe9, 0x0, 0x0, 0x6f, 0xff, 0x10, 0x2, 0xff,
    0xd6, 0xff, 0xf1, 0x0, 0x2f, 0xfd, 0x6f, 0xff,
    0x10, 0x2, 0xff, 0xd6, 0xff, 0xf1, 0x0, 0x2f,
    0xfd, 0x6f, 0xff, 0x10, 0x2, 0xff, 0xd6, 0xff,
    0xf1, 0x0, 0x2f, 0xfd, 0x6f, 0xff, 0x20, 0x3,
    0xff, 0xd3, 0xff, 0xfb, 0x34, 0xcf, 0xfa, 0xa,
    0xff, 0xff, 0xff, 0xfe, 0x20, 0x5, 0xbe, 0xff,
    0xd9, 0x10,

    /* U+00DA "Ú" */
    0x0, 0x0, 0x5, 0xff, 0xc2, 0x0, 0x0, 0x3,
    0xee, 0x90, 0x0, 0x6f, 0xff, 0x10, 0x2, 0xff,
    0xd6, 0xff, 0xf1, 0x0, 0x2f, 0xfd, 0x6f, 0xff,
    0x10, 0x2, 0xff, 0xd6, 0xff, 0xf1, 0x0, 0x2f,
    0xfd, 0x6f, 0xff, 0x10, 0x2, 0xff, 0xd6, 0xff,
    0xf1, 0x0, 0x2f, 0xfd, 0x6f, 0xff, 0x20, 0x3,
    0xff, 0xd3, 0xff, 0xfb, 0x34, 0xcf, 0xfa, 0xa,
    0xff, 0xff, 0xff, 0xfe, 0x20, 0x5, 0xbe, 0xff,
    0xd9, 0x10,

    /* U+00DB "Û" */
    0x0, 0x6, 0xff, 0xfc, 0x10, 0x0, 0x7, 0xec,
    0x59, 0xec, 0x10, 0x6f, 0xff, 0x10, 0x2, 0xff,
    0xd6, 0xff, 0xf1, 0x0, 0x2f, 0xfd, 0x6f, 0xff,
    0x10, 0x2, 0xff, 0xd6, 0xff, 0xf1, 0x0, 0x2f,
    0xfd, 0x6f, 0xff, 0x10, 0x2, 0xff, 0xd6, 0xff,
    0xf1, 0x0, 0x2f, 0xfd, 0x6f, 0xff, 0x20, 0x3,
    0xff, 0xd3, 0xff, 0xfb, 0x34, 0xcf, 0xfa, 0xa,
    0xff, 0xff, 0xff, 0xfe, 0x20, 0x5, 0xbe, 0xff,
    0xd9, 0x10,

    /* U+00DC "Ü" */
    0x0, 0x7c, 0xc2, 0x9c, 0xc0, 0x0, 0x9, 0xff,
    0x3b, 0xff, 0x0, 0x0, 0x0, 0x0, 0x0, 0x0,
    0x6, 0xff, 0xf1, 0x0, 0x2f, 0xfd, 0x6f, 0xff,
    0x10, 0x2, 0xff, 0xd6, 0xff, 0xf1, 0x0, 0x2f,
    0xfd, 0x6f, 0xff, 0x10, 0x2, 0xff, 0xd6, 0xff,
    0xf1, 0x0, 0x2f, 0xfd, 0x6f, 0xff, 0x10, 0x2,
    0xff, 0xd6, 0xff, 0xf2, 0x0, 0x3f, 0xfd, 0x3f,
    0xff, 0xb3, 0x4c, 0xff, 0xa0, 0xaf, 0xff, 0xff,
    0xff, 0xe2, 0x0, 0x5b, 0xef, 0xfd, 0x91, 0x0,

    /* U+00DD "Ý" */
    0x0, 0x0, 0x0, 0x8f, 0xfa, 0x10, 0x0, 0x0,
    0x5, 0xee, 0x70, 0x0, 0xe, 0xff, 0xe0, 0x0,
    0xaf, 0xf9, 0x5, 0xff, 0xf6, 0x2, 0xff, 0xe1,
    0x0, 0xcf, 0xfe, 0xa, 0xff, 0x60, 0x0, 0x3f,
    0xff, 0x9f, 0xfd, 0x0, 0x0, 0x9, 0xff, 0xff,
    0xf4, 0x0, 0x0, 0x1, 0xff, 0xff, 0xa0, 0x0,
    0x0, 0x0, 0x8f, 0xff, 0x20, 0x0, 0x0, 0x0,
    0x6f, 0xff, 0x10, 0x0, 0x0, 0x0, 0x6f, 0xff,
    0x10, 0x0, 0x0, 0x0, 0x6f, 0xff, 0x10, 0x0,

    /* U+00DE "Þ" */
    0x5f, 0xff, 0x10, 0x0, 0x0, 0x0, 0x5f, 0xff,
    0x10, 0x0, 0x0, 0x0, 0x5f, 0xff, 0xff, 0xff,
    0xd8, 0x0, 0x5f, 0xff, 0xff, 0xff, 0xff, 0xb0,
    0x5f, 0xff, 0x10, 0x9, 0xff, 0xf1, 0x5f, 0xff,
    0x10, 0x9, 0xff, 0xf1, 0x5f, 0xff, 0xff, 0xff,
    0xff, 0xb0, 0x5f, 0xff, 0xff, 0xff, 0xe8, 0x0,
    0x5f, 0xff, 0x10, 0x0, 0x0, 0x0, 0x5f, 0xff,
    0x10, 0x0, 0x0, 0x0,

    /* U+00DF "ß" */
    0x0, 0x8d, 0xff, 0xea, 0x30, 0xc, 0xff, 0xcb,
    0xff, 0xf2, 0x4f, 0xfd, 0x0, 0xcf, 0xf7, 0x6f,
    0xfb, 0x1, 0xdf, 0xf4, 0x6f, 0xfb, 0x6f, 0xff,
    0x80, 0x6f, 0xfb, 0x4e, 0xff, 0xc2, 0x6f, 0xfb,
    0x0, 0x8f, 0xfb, 0x6f, 0xfb, 0x0, 0x9f, 0xfd,
    0x6f, 0xfb, 0x5f, 0xff, 0xf7, 0x6f, 0xfb, 0x4f,
    0xec, 0x60,

    /* U+00E0 "à" */
    0x2, 0xdf, 0xf3, 0x0, 0x0, 0x0, 0x1b, 0xfd,
    0x0, 0x0, 0x0, 0x0, 0x0, 0x0, 0x0, 0x1,
    0x9e, 0xff, 0xe9, 0x0, 0xc, 0xff, 0xad, 0xff,
    0x80, 0x0, 0x23, 0x5, 0xff, 0xc0, 0x1a, 0xef,
    0xff, 0xff, 0xc0, 0x9f, 0xfa, 0x5, 0xff, 0xc0,
    0xaf, 0xfd, 0x8d, 0xff, 0xc0, 0x2c, 0xff, 0xb6,
    0xff, 0xd0,

    /* U+00E1 "á" */
    0x0, 0x0, 0x3f, 0xfd, 0x20, 0x0, 0x0, 0xdf,
    0xb1, 0x0, 0x0, 0x0, 0x0, 0x0, 0x0, 0x1,
    0x9e, 0xff, 0xe9, 0x0, 0xc, 0xff, 0xad, 0xff,
    0x80, 0x0, 0x23, 0x5, 0xff, 0xc0, 0x1a, 0xef,
    0xff, 0xff, 0xc0, 0x9f, 0xfa, 0x5, 0xff, 0xc0,
    0xaf, 0xfd, 0x8d, 0xff, 0xc0, 0x2c, 0xff, 0xb6,
    0xff, 0xd0,

    /* U+00E2 "â" */
    0x0, 0x1d, 0xff, 0xd1, 0x0, 0x1, 0xdf, 0x88,
    0xfd, 0x10, 0x0, 0x0, 0x0, 0x0, 0x0, 0x1,
    0x9e, 0xff, 0xe9, 0x0, 0xc, 0xff, 0xad, 0xff,
    0x80, 0x0, 0x23, 0x5, 0xff, 0xc0, 0x1a, 0xef,
    0xff, 0xff, 0xc0, 0x9f, 0xfa, 0x5, 0xff, 0xc0,
    0xaf, 0xfd, 0x8d, 0xff, 0xc0, 0x2c, 0xff, 0xb6,
    0xff, 0xd0,

    /* U+00E3 "ã" */
    0x0, 0xbf, 0xc4, 0x2e, 0x60, 0x6, 0xfa, 0xcf,
    0xff, 0x30, 0x2, 0x60, 0x4, 0x73, 0x0, 0x1,
    0x9e, 0xff, 0xe9, 0x0, 0xc, 0xff, 0xad, 0xff,
    0x80, 0x0, 0x23, 0x5, 0xff, 0xc0, 0x1a, 0xef,
    0xff, 0xff, 0xc0, 0x9f, 0xfa, 0x5, 0xff, 0xc0,
    0xaf, 0xfd, 0x8d, 0xff, 0xc0, 0x2c, 0xff, 0xb6,
    0xff, 0xd0,

    /* U+00E4 "ä" */
    0x3, 0xff, 0x88, 0xff, 0x30, 0x2, 0xee, 0x77,
    0xee, 0x20, 0x0, 0x0, 0x0, 0x0, 0x0, 0x1,
    0x9e, 0xff, 0xe9, 0x0, 0xc, 0xff, 0xad, 0xff,
    0x80, 0x0, 0x23, 0x5, 0xff, 0xc0, 0x1a, 0xef,
    0xff, 0xff, 0xc0, 0x9f, 0xfa, 0x5, 0xff, 0xc0,
    0xaf, 0xfd, 0x8d, 0xff, 0xc0, 0x2c, 0xff, 0xb6,
    0xff, 0xd0,

    /* U+00E5 "å" */
    0x0, 0x1a, 0xee, 0xa1, 0x0, 0x0, 0x9f, 0x54,
    0xf9, 0x0, 0x0, 0x9f, 0x55, 0xf9, 0x0, 0x0,
    0x1a, 0xee, 0xa1, 0x0, 0x1, 0x9e, 0xff, 0xe9,
    0x0, 0xc, 0xff, 0xad, 0xff, 0x80, 0x0, 0x23,
    0x5, 0xff, 0xc0, 0x1a, 0xef, 0xff, 0xff, 0xc0,
    0x9f, 0xfa, 0x5, 0xff, 0xc0, 0xaf, 0xfd, 0x8d,
    0xff, 0xc0, 0x2c, 0xff, 0xb6, 0xff, 0xd0,

    /* U+00E6 "æ" */
    0x1, 0x9d, 0xff, 0xd9, 0xcf, 0xfd, 0x70, 0x0,
    0xcf, 0xfa, 0xef, 0xff, 0xda, 0xff, 0xb0, 0x0,
    0x23, 0x6, 0xff, 0xf1, 0xb, 0xff, 0x30, 0x8d,
    0xef, 0xff, 0xff, 0xee, 0xef, 0xf5, 0x8f, 0xfa,
    0x14, 0xff, 0xf2, 0x2, 0x63, 0x9, 0xff, 0xfc,
    0xfd, 0xff, 0xfc, 0xff, 0xe2, 0x1b, 0xff, 0xc4,
    0x6, 0xcf, 0xfe, 0x92, 0x0,

    /* U+00E7 "ç" */
    0x1, 0x9d, 0xff, 0xd7, 0x0, 0x1e, 0xff, 0xdc,
    0xff, 0x90, 0x8f, 0xfe, 0x0, 0x76, 0x40, 0xbf,
    0xfc, 0x0, 0x0, 0x0, 0x9f, 0xff, 0x0, 0x78,
    0x40, 0x2f, 0xff, 0xec, 0xff, 0xc0, 0x2, 0xbf,
    0xff, 0xfa, 0x10, 0x0, 0x5, 0xfe, 0x70, 0x0,
    0x0, 0x0, 0x37, 0xf6, 0x0, 0x0, 0x9, 0xef,
    0xc1, 0x0,

    /* U+00E8 "è" */
    0x2, 0xef, 0xf2, 0x0, 0x0, 0x0, 0x1c, 0xfc,
    0x0, 0x0, 0x0, 0x0, 0x0, 0x0, 0x0, 0x1,
    0x9e, 0xff, 0xc5, 0x0, 0x2e, 0xff, 0xaa, 0xff,
    0x70, 0x9f, 0xfd, 0x0, 0xef, 0xe0, 0xbf, 0xff,
    0xff, 0xff, 0xf1, 0x9f, 0xfd, 0x22, 0x56, 0x40,
    0x2e, 0xff, 0xec, 0xff, 0xd0, 0x1, 0x9d, 0xff,
    0xd8, 0x10,

    /* U+00E9 "é" */
    0x0, 0x0, 0x4f, 0xfc, 0x10, 0x0, 0x1, 0xef,
    0xb0, 0x0, 0x0, 0x0, 0x0, 0x0, 0x0, 0x1,
    0x9e, 0xff, 0xc5, 0x0, 0x2e, 0xff, 0xaa, 0xff,
    0x70, 0x9f, 0xfd, 0x0, 0xef, 0xe0, 0xbf, 0xff,
    0xff, 0xff, 0xf1, 0x9f, 0xfd, 0x22, 0x56, 0x40,
    0x2e, 0xff, 0xec, 0xff, 0xd0, 0x1, 0x9d, 0xff,
    0xd8, 0x10,

    /* U+00EA "ê" */
    0x0, 0x2d, 0xff, 0xc1, 0x0, 0x2, 0xdf, 0x89,
    0xfc, 0x10, 0x0, 0x0, 0x0, 0x0, 0x0, 0x1,
    0x9e, 0xff, 0xc5, 0x0, 0x2e, 0xff, 0xaa, 0xff,
    0x70, 0x9f, 0xfd, 0x0, 0xef, 0xe0, 0xbf, 0xff,
    0xff, 0xff, 0xf1, 0x9f, 0xfd, 0x22, 0x56, 0x40,
    0x2e, 0xff, 0xec, 0xff, 0xd0, 0x1, 0x9d, 0xff,
    0xd8, 0x10,

    /* U+00EB "ë" */
    0x4, 0xff, 0x79, 0xff, 0x20, 0x3, 0xee, 0x68,
    0xee, 0x20, 0x0, 0x0, 0x0, 0x0, 0x0, 0x1,
    0x9e, 0xff, 0xc5, 0x0, 0x2e, 0xff, 0xaa, 0xff,
    0x70, 0x9f, 0xfd, 0x0, 0xef, 0xe0, 0xbf, 0xff,
    0xff, 0xff, 0xf1, 0x9f, 0xfd, 0x22, 0x56, 0x40,
    0x2e, 0xff, 0xec, 0xff, 0xd0, 0x1, 0x9d, 0xff,
    0xd8, 0x10,

    /* U+00EC "ì" */
    0x1c, 0xff, 0x50, 0x0, 0xaf, 0xe2, 0x0, 0x0,
    0x0, 0x0, 0x6f, 0xfb, 0x0, 0x6f, 0xfb, 0x0,
    0x6f, 0xfb, 0x0, 0x6f, 0xfb, 0x0, 0x6f, 0xfb,
    0x0, 0x6f, 0xfb, 0x0, 0x6f, 0xfb,

    /* U+00ED "í" */
    0x2, 0xff, 0xe3, 0xc, 0xfd, 0x20, 0x0, 0x0,
    0x0, 0x6f, 0xfb, 0x0, 0x6f, 0xfb, 0x0, 0x6f,
    0xfb, 0x0, 0x6f, 0xfb, 0x0, 0x6f, 0xfb, 0x0,
    0x6f, 0xfb, 0x0, 0x6f, 0xfb, 0x0,

    /* U+00EE "î" */
    0x0, 0xbf, 0xfe, 0x20, 0xb, 0xfa, 0x7e, 0xe2,
    0x0, 0x0, 0x0, 0x0, 0x0, 0x6f, 0xfb, 0x0,
    0x0, 0x6f, 0xfb, 0x0, 0x0, 0x6f, 0xfb, 0x0,
    0x0, 0x6f, 0xfb, 0x0, 0x0, 0x6f, 0xfb, 0x0,
    0x0, 0x6f, 0xfb, 0x0, 0x0, 0x6f, 0xfb, 0x0,

    /* U+00EF "ï" */
    0xf, 0xfa, 0x6f, 0xf5, 0xe, 0xe9, 0x5e, 0xe4,
    0x0, 0x0, 0x0, 0x0, 0x0, 0x6f, 0xfb, 0x0,
    0x0, 0x6f, 0xfb, 0x0, 0x0, 0x6f, 0xfb, 0x0,
    0x0, 0x6f, 0xfb, 0x0, 0x0, 0x6f, 0xfb, 0x0,
    0x0, 0x6f, 0xfb, 0x0, 0x0, 0x6f, 0xfb, 0x0,

    /* U+00F0 "ð" */
    0x0, 0x0, 0x4, 0x61, 0x50, 0x0, 0x7, 0xff,
    0xff, 0xc1, 0x0, 0x5e, 0xff, 0xff, 0x70, 0x0,
    0x25, 0x18, 0xff, 0xf1, 0x8, 0xef, 0xfd, 0xff,
    0xf6, 0x7f, 0xff, 0x68, 0xff, 0xf9, 0xbf, 0xfa,
    0x0, 0xef, 0xf9, 0xaf, 0xfb, 0x0, 0xff, 0xf5,
    0x3f, 0xff, 0xbd, 0xff, 0xb0, 0x2, 0xae, 0xff,
    0xc7, 0x0,

    /* U+00F1 "ñ" */
    0x2, 0xdf, 0xb2, 0x5e, 0x30, 0x9f, 0x9d, 0xff,
    0xe1, 0x3, 0x50, 0x5, 0x72, 0x6, 0xff, 0xb7,
    0xdf, 0xd4, 0x6f, 0xff, 0xcd, 0xff, 0xe6, 0xff,
    0xb0, 0x2f, 0xff, 0x6f, 0xfb, 0x2, 0xff, 0xf6,
    0xff, 0xb0, 0x2f, 0xff, 0x6f, 0xfb, 0x2, 0xff,
    0xf6, 0xff, 0xb0, 0x2f, 0xff,

    /* U+00F2 "ò" */
    0x2, 0xdf, 0xf3, 0x0, 0x0, 0x0, 0x1c, 0xfd,
    0x0, 0x0, 0x0, 0x0, 0x0, 0x0, 0x0, 0x2,
    0x9e, 0xff, 0xd8, 0x10, 0x2e, 0xff, 0xcc, 0xff,
    0xe1, 0x9f, 0xfd, 0x0, 0xef, 0xf7, 0xbf, 0xfa,
    0x0, 0xcf, 0xf9, 0x9f, 0xfd, 0x0, 0xef, 0xf7,
    0x2e, 0xff, 0xcd, 0xff, 0xd0, 0x1, 0x9e, 0xff,
    0xd8, 0x10,

    /* U+00F3 "ó" */
    0x0, 0x0, 0x4f, 0xfc, 0x10, 0x0, 0x1, 0xef,
    0xb0, 0x0, 0x0, 0x0, 0x0, 0x0, 0x0, 0x2,
    0x9e, 0xff, 0xd8, 0x10, 0x2e, 0xff, 0xcc, 0xff,
    0xe1, 0x9f, 0xfd, 0x0, 0xef, 0xf7, 0xbf, 0xfa,
    0x0, 0xcf, 0xf9, 0x9f, 0xfd, 0x0, 0xef, 0xf7,
    0x2e, 0xff, 0xcd, 0xff, 0xd0, 0x1, 0x9e, 0xff,
    0xd8, 0x10,

    /* U+00F4 "ô" */
    0x0, 0x2d, 0xff, 0xc1, 0x0, 0x2, 0xdf, 0x89,
    0xfc, 0x10, 0x0, 0x0, 0x0, 0x0, 0x0, 0x2,
    0x9e, 0xff, 0xd8, 0x10, 0x2e, 0xff, 0xcc, 0xff,
    0xe1, 0x9f, 0xfd, 0x0, 0xef, 0xf7, 0xbf, 0xfa,
    0x0, 0xcf, 0xf9, 0x9f, 0xfd, 0x0, 0xef, 0xf7,
    0x2e, 0xff, 0xcd, 0xff, 0xd0, 0x1, 0x9e, 0xff,
    0xd8, 0x10,

    /* U+00F5 "õ" */
    0x1, 0xcf, 0xc3, 0x3e, 0x50, 0x7, 0xf9, 0xcf,
    0xff, 0x20, 0x2, 0x60, 0x4, 0x73, 0x0, 0x2,
    0x9e, 0xff, 0xd8, 0x10, 0x2e, 0xff, 0xcc, 0xff,
    0xe1, 0x9f, 0xfd, 0x0, 0xef, 0xf7, 0xbf, 0xfa,
    0x0, 0xcf, 0xf9, 0x9f, 0xfd, 0x0, 0xef, 0xf7,
    0x2e, 0xff, 0xcd, 0xff, 0xd0, 0x1, 0x9e, 0xff,
    0xd8, 0x10,

    /* U+00F6 "ö" */
    0x4, 0xff, 0x79, 0xff, 0x20, 0x3, 0xee, 0x68,
    0xee, 0x20, 0x0, 0x0, 0x0, 0x0, 0x0, 0x2,
    0x9e, 0xff, 0xd8, 0x10, 0x2e, 0xff, 0xcc, 0xff,
    0xe1, 0x9f, 0xfd, 0x0, 0xef, 0xf7, 0xbf, 0xfa,
    0x0, 0xcf, 0xf9, 0x9f, 0xfd, 0x0, 0xef, 0xf7,
    0x2e, 0xff, 0xcd, 0xff, 0xd0, 0x1, 0x9e, 0xff,
    0xd8, 0x10,

    /* U+00F7 "÷" */
    0x0, 0x5, 0x55, 0x0, 0x0, 0x0, 0xef, 0xf1,
    0x0, 0x0, 0xe, 0xff, 0x10, 0x1, 0x11, 0x11,
    0x11, 0x11, 0xaf, 0xff, 0xff, 0xff, 0xea, 0xff,
    0xff, 0xff, 0xfe, 0x0, 0x5, 0x55, 0x0, 0x0,
    0x0, 0xef, 0xf1, 0x0, 0x0, 0xe, 0xff, 0x10,
    0x0,

    /* U+00F8 "ø" */
    0x0, 0x0, 0x0, 0x28, 0x40, 0x1, 0x9d, 0xff,
    0xff, 0x20, 0x1e, 0xff, 0xae, 0xff, 0xd1, 0x9f,
    0xfb, 0x4f, 0xff, 0xf7, 0xbf, 0xf9, 0xec, 0xbf,
    0xf9, 0x9f, 0xff, 0xf2, 0xdf, 0xf6, 0x1e, 0xff,
    0xdc, 0xff, 0xd0, 0x3, 0xfe, 0xff, 0xd8, 0x10,
    0x4, 0x81, 0x0, 0x0, 0x0,

    /* U+00F9 "ù" */
    0x4, 0xff, 0xe1, 0x0, 0x0, 0x3, 0xdf, 0xa0,
    0x0, 0x0, 0x0, 0x0, 0x0, 0x7, 0xff, 0xa0,
    0x3f, 0xfe, 0x7f, 0xfa, 0x3, 0xff, 0xe7, 0xff,
    0xa0, 0x3f, 0xfe, 0x7f, 0xfa, 0x3, 0xff, 0xe7,
    0xff, 0xa0, 0x3f, 0xfe, 0x6f, 0xff, 0xbe, 0xff,
    0xe0, 0xaf, 0xfb, 0x5f, 0xfe,

    /* U+00FA "ú" */
    0x0, 0x0, 0x7f, 0xfa, 0x0, 0x0, 0x3f, 0xf8,
    0x0, 0x0, 0x0, 0x0, 0x0, 0x7, 0xff, 0xa0,
    0x3f, 0xfe, 0x7f, 0xfa, 0x3, 0xff, 0xe7, 0xff,
    0xa0, 0x3f, 0xfe, 0x7f, 0xfa, 0x3, 0xff, 0xe7,
    0xff, 0xa0, 0x3f, 0xfe, 0x6f, 0xff, 0xbe, 0xff,
    0xe0, 0xaf, 0xfb, 0x5f, 0xfe,

    /* U+00FB "û" */
    0x0, 0x4f, 0xff, 0xa0, 0x0, 0x4e, 0xe6, 0xbf,
    0xa0, 0x0, 0x0, 0x0, 0x0, 0x7, 0xff, 0xa0,
    0x3f, 0xfe, 0x7f, 0xfa, 0x3, 0xff, 0xe7, 0xff,
    0xa0, 0x3f, 0xfe, 0x7f, 0xfa, 0x3, 0xff, 0xe7,
    0xff, 0xa0, 0x3f, 0xfe, 0x6f, 0xff, 0xbe, 0xff,
    0xe0, 0xaf, 0xfb, 0x5f, 0xfe,

    /* U+00FC "ü" */
    0x7, 0xff, 0x3c, 0xfe, 0x0, 0x6e, 0xe3, 0xbe,
    0xc0, 0x0, 0x0, 0x0, 0x0, 0x7, 0xff, 0xa0,
    0x3f, 0xfe, 0x7f, 0xfa, 0x3, 0xff, 0xe7, 0xff,
    0xa0, 0x3f, 0xfe, 0x7f, 0xfa, 0x3, 0xff, 0xe7,
    0xff, 0xa0, 0x3f, 0xfe, 0x6f, 0xff, 0xbe, 0xff,
    0xe0, 0xaf, 0xfb, 0x5f, 0xfe,

    /* U+00FD "ý" */
    0x0, 0x0, 0xb, 0xff, 0x70, 0x0, 0x0, 0x7f,
    0xe5, 0x0, 0x0, 0x0, 0x0, 0x0, 0x0, 0xd,
    0xff, 0x70, 0x2f, 0xf9, 0x7, 0xff, 0xb0, 0x7f,
    0xf3, 0x1, 0xff, 0xf1, 0xbf, 0xd0, 0x0, 0xaf,
    0xf6, 0xff, 0x60, 0x0, 0x4f, 0xfe, 0xff, 0x10,
    0x0, 0xd, 0xff, 0xfa, 0x0, 0x0, 0x7, 0xff,
    0xf3, 0x0, 0x0, 0x38, 0xff, 0xc0, 0x0, 0x0,
    0xff, 0xff, 0x30, 0x0, 0x0, 0xde, 0xb3, 0x0,
    0x0,

    /* U+00FE "þ" */
    0x6f, 0xfb, 0x0, 0x0, 0x0, 0x6f, 0xfb, 0x0,
    0x0, 0x0, 0x6f, 0xfb, 0x0, 0x0, 0x0, 0x6f,
    0xfa, 0x8e, 0xfb, 0x20, 0x6f, 0xff, 0xee, 0xff,
    0xe0, 0x6f, 0xfd, 0x1, 0xff, 0xf5, 0x6f, 0xf9,
    0x0, 0xef, 0xf7, 0x6f, 0xfc, 0x1, 0xff, 0xf5,
    0x6f, 0xff, 0xdd, 0xff, 0xe0, 0x6f, 0xfb, 0xaf,
    0xeb, 0x20, 0x6f, 0xfa, 0x0, 0x0, 0x0, 0x6f,
    0xfb, 0x0, 0x0, 0x0, 0x6f, 0xfb, 0x0, 0x0,
    0x0,

    /* U+00FF "ÿ" */
    0x0, 0xbf, 0xf0, 0xff, 0xb0, 0x0, 0x9e, 0xe0,
    0xee, 0x90, 0x0, 0x0, 0x0, 0x0, 0x0, 0xd,
    0xff, 0x70, 0x2f, 0xf9, 0x7, 0xff, 0xb0, 0x7f,
    0xf3, 0x1, 0xff, 0xf1, 0xbf, 0xd0, 0x0, 0xaf,
    0xf6, 0xff, 0x60, 0x0, 0x4f, 0xfe, 0xff, 0x10,
    0x0, 0xd, 0xff, 0xfa, 0x0, 0x0, 0x7, 0xff,
    0xf3, 0x0, 0x0, 0x38, 0xff, 0xc0, 0x0, 0x0,
    0xff, 0xff, 0x30, 0x0, 0x0, 0xde, 0xb3, 0x0,
    0x0,

    /* U+0100 "Ā" */
    0x0, 0xa, 0xff, 0xff, 0xfd, 0x0, 0x0, 0x0,
    0x58, 0x88, 0x88, 0x60, 0x0, 0x0, 0x0, 0xbf,
    0xff, 0xe0, 0x0, 0x0, 0x0, 0x1f, 0xff, 0xff,
    0x40, 0x0, 0x0, 0x7, 0xff, 0xff, 0xfa, 0x0,
    0x0, 0x0, 0xcf, 0xf7, 0xff, 0xf0, 0x0, 0x0,
    0x2f, 0xfb, 0x1f, 0xff, 0x50, 0x0, 0x8, 0xff,
    0x60, 0xcf, 0xfb, 0x0, 0x0, 0xdf, 0xfe, 0xdf,
    0xff, 0xf1, 0x0, 0x3f, 0xff, 0xff, 0xff, 0xff,
    0x60, 0x9, 0xff, 0x60, 0x0, 0xdf, 0xfc, 0x0,
    0xef, 0xf1, 0x0, 0x8, 0xff, 0xf2,

    /* U+0101 "ā" */
    0x3, 0xff, 0xff, 0xff, 0x30, 0x1, 0x88, 0x88,
    0x88, 0x10, 0x0, 0x0, 0x0, 0x0, 0x0, 0x1,
    0x9e, 0xff, 0xe9, 0x0, 0xc, 0xff, 0xad, 0xff,
    0x80, 0x0, 0x23, 0x5, 0xff, 0xc0, 0x1a, 0xef,
    0xff, 0xff, 0xc0, 0x9f, 0xfa, 0x5, 0xff, 0xc0,
    0xaf, 0xfd, 0x8d, 0xff, 0xc0, 0x2c, 0xff, 0xb6,
    0xff, 0xd0,

    /* U+0102 "Ă" */
    0x0, 0x9, 0xb5, 0x14, 0xba, 0x0, 0x0, 0x0,
    0x2a, 0xef, 0xfb, 0x30, 0x0, 0x0, 0x0, 0xbf,
    0xff, 0xe0, 0x0, 0x0, 0x0, 0x1f, 0xff, 0xff,
    0x40, 0x0, 0x0, 0x7, 0xff, 0xff, 0xfa, 0x0,
    0x0, 0x0, 0xcf, 0xf7, 0xff, 0xf0, 0x0, 0x0,
    0x2f, 0xfb, 0x1f, 0xff, 0x50, 0x0, 0x8, 0xff,
    0x60, 0xcf, 0xfb, 0x0, 0x0, 0xdf, 0xfe, 0xdf,
    0xff, 0xf1, 0x0, 0x3f, 0xff, 0xff, 0xff, 0xff,
    0x60, 0x9, 0xff, 0x60, 0x0, 0xdf, 0xfc, 0x0,
    0xef, 0xf1, 0x0, 0x8, 0xff, 0xf2,

    /* U+0103 "ă" */
    0x4, 0xfd, 0x33, 0xdf, 0x40, 0x0, 0x8f, 0xff,
    0xf8, 0x0, 0x0, 0x1, 0x44, 0x10, 0x0, 0x1,
    0x9e, 0xff, 0xe9, 0x0, 0xc, 0xff, 0xad, 0xff,
    0x80, 0x0, 0x23, 0x5, 0xff, 0xc0, 0x1a, 0xef,
    0xff, 0xff, 0xc0, 0x9f, 0xfa, 0x5, 0xff, 0xc0,
    0xaf, 0xfd, 0x8d, 0xff, 0xc0, 0x2c, 0xff, 0xb6,
    0xff, 0xd0,

    /* U+0104 "Ą" */
    0x0, 0x0, 0xbf, 0xff, 0xe0, 0x0, 0x0, 0x0,
    0x1f, 0xff, 0xff, 0x40, 0x0, 0x0, 0x7, 0xff,
    0xff, 0xfa, 0x0, 0x0, 0x0, 0xcf, 0xf7, 0xff,
    0xf0, 0x0, 0x0, 0x2f, 0xfb, 0x1f, 0xff, 0x50,
    0x0, 0x8, 0xff, 0x60, 0xcf, 0xfb, 0x0, 0x0,
    0xdf, 0xfe, 0xdf, 0xff, 0xf1, 0x0, 0x3f, 0xff,
    0xff, 0xff, 0xff, 0x60, 0x9, 0xff, 0x60, 0x0,
    0xdf, 0xfc, 0x0, 0xef, 0xf1, 0x0, 0x8, 0xff,
    0xf2, 0x0, 0x0, 0x0, 0x0, 0xaf, 0xb3, 0x0,
    0x0, 0x0, 0x0, 0xf, 0xf4, 0x62, 0x0, 0x0,
    0x0, 0x0, 0x7e, 0xfd, 0x40,

    /* U+0105 "ą" */
    0x1, 0x9d, 0xff, 0xd9, 0x0, 0xc, 0xff, 0xad,
    0xff, 0x80, 0x0, 0x13, 0x16, 0xff, 0xc0, 0x1a,
    0xff, 0xfe, 0xff, 0xc0, 0x9f, 0xf9, 0x5, 0xff,
    0xc0, 0x9f, 0xfe, 0xbe, 0xff, 0xc0, 0x2b, 0xfe,
    0xa5, 0xff, 0xd0, 0x0, 0x0, 0x1e, 0xf6, 0x0,
    0x0, 0x0, 0x4f, 0xe3, 0x71, 0x0, 0x0, 0xa,
    0xff, 0xb1,

    /* U+0106 "Ć" */
    0x0, 0x0, 0x3, 0xff, 0xd3, 0x0, 0x0, 0x2,
    0xde, 0xa1, 0x0, 0x0, 0x29, 0xdf, 0xfe, 0x92,
    0x0, 0x5f, 0xff, 0xff, 0xff, 0xe1, 0x2f, 0xff,
    0xe2, 0xb, 0xff, 0x97, 0xff, 0xf7, 0x0, 0x12,
    0x10, 0xaf, 0xff, 0x50, 0x0, 0x0, 0xa, 0xff,
    0xf6, 0x0, 0x0, 0x0, 0x7f, 0xff, 0x90, 0x0,
    0x84, 0x2, 0xff, 0xff, 0x63, 0xaf, 0xfc, 0x5,
    0xff, 0xff, 0xff, 0xff, 0x30, 0x3, 0xae, 0xff,
    0xe9, 0x20,

    /* U+0107 "ć" */
    0x0, 0x0, 0x4f, 0xfd, 0x10, 0x0, 0x1, 0xdf,
    0xb0, 0x0, 0x0, 0x0, 0x0, 0x0, 0x0, 0x1,
    0x9d, 0xff, 0xd8, 0x0, 0x2e, 0xff, 0xdb, 0xff,
    0xa0, 0x9f, 0xfe, 0x0, 0x76, 0x40, 0xbf, 0xfc,
    0x0, 0x0, 0x0, 0x9f, 0xff, 0x10, 0x8a, 0x60,
    0x2e, 0xff, 0xfe, 0xff, 0xb0, 0x2, 0x9e, 0xff,
    0xd8, 0x0,

    /* U+0108 "Ĉ" */
    0x0, 0x4, 0xff, 0xfd, 0x20, 0x0, 0x5, 0xed,
    0x57, 0xdd, 0x20, 0x0, 0x29, 0xdf, 0xfe, 0x92,
    0x0, 0x5f, 0xff, 0xff, 0xff, 0xe1, 0x2f, 0xff,
    0xe2, 0xb, 0xff, 0x97, 0xff, 0xf7, 0x0, 0x12,
    0x10, 0xaf, 0xff, 0x50, 0x0, 0x0, 0xa, 0xff,
    0xf6, 0x0, 0x0, 0x0, 0x7f, 0xff, 0x90, 0x0,
    0x84, 0x2, 0xff, 0xff, 0x63, 0xaf, 0xfc, 0x5,
    0xff, 0xff, 0xff, 0xff, 0x30, 0x3, 0xae, 0xff,
    0xe9, 0x20,

    /* U+0109 "ĉ" */
    0x0, 0x1d, 0xff, 0xc1, 0x0, 0x2, 0xdf, 0x89,
    0xfc, 0x10, 0x0, 0x0, 0x0, 0x0, 0x0, 0x1,
    0x9d, 0xff, 0xd8, 0x0, 0x2e, 0xff, 0xdb, 0xff,
    0xa0, 0x9f, 0xfe, 0x0, 0x76, 0x40, 0xbf, 0xfc,
    0x0, 0x0, 0x0, 0x9f, 0xff, 0x10, 0x8a, 0x60,
    0x2e, 0xff, 0xfe, 0xff, 0xb0, 0x2, 0x9e, 0xff,
    0xd8, 0x0,

    /* U+010A "Ċ" */
    0x0, 0x0, 0xbc, 0xc7, 0x0, 0x0, 0x0, 0xe,
    0xff, 0x90, 0x0, 0x0, 0x0, 0x0, 0x0, 0x0,
    0x0, 0x2, 0x9d, 0xff, 0xe9, 0x20, 0x5, 0xff,
    0xff, 0xff, 0xfe, 0x12, 0xff, 0xfe, 0x20, 0xbf,
    0xf9, 0x7f, 0xff, 0x70, 0x1, 0x21, 0xa, 0xff,
    0xf5, 0x0, 0x0, 0x0, 0xaf, 0xff, 0x60, 0x0,
    0x0, 0x7, 0xff, 0xf9, 0x0, 0x8, 0x40, 0x2f,
    0xff, 0xf6, 0x3a, 0xff, 0xc0, 0x5f, 0xff, 0xff,
    0xff, 0xf3, 0x0, 0x3a, 0xef, 0xfe, 0x92, 0x0,

    /* U+010B "ċ" */
    0x0, 0x9, 0xff, 0x80, 0x0, 0x0, 0x8, 0xee,
    0x70, 0x0, 0x0, 0x0, 0x0, 0x0, 0x0, 0x1,
    0x9d, 0xff, 0xd8, 0x0, 0x2e, 0xff, 0xdb, 0xff,
    0xa0, 0x9f, 0xfe, 0x0, 0x76, 0x40, 0xbf, 0xfc,
    0x0, 0x0, 0x0, 0x9f, 0xff, 0x10, 0x8a, 0x60,
    0x2e, 0xff, 0xfe, 0xff, 0xb0, 0x2, 0x9e, 0xff,
    0xd8, 0x0,

    /* U+010C "Č" */
    0x0, 0x5f, 0xe7, 0x9f, 0xd2, 0x0, 0x0, 0x3d,
    0xee, 0xb1, 0x0, 0x0, 0x29, 0xdf, 0xfe, 0x92,
    0x0, 0x5f, 0xff, 0xff, 0xff, 0xe1, 0x2f, 0xff,
    0xe2, 0xb, 0xff, 0x97, 0xff, 0xf7, 0x0, 0x12,
    0x10, 0xaf, 0xff, 0x50, 0x0, 0x0, 0xa, 0xff,
    0xf6, 0x0, 0x0, 0x0, 0x7f, 0xff, 0x90, 0x0,
    0x84, 0x2, 0xff, 0xff, 0x63, 0xaf, 0xfc, 0x5,
    0xff, 0xff, 0xff, 0xff, 0x30, 0x3, 0xae, 0xff,
    0xe9, 0x20,

    /* U+010D "č" */
    0x1, 0xdf, 0x99, 0xfd, 0x10, 0x0, 0x1c, 0xff,
    0xc1, 0x0, 0x0, 0x0, 0x0, 0x0, 0x0, 0x1,
    0x9d, 0xff, 0xd8, 0x0, 0x2e, 0xff, 0xdb, 0xff,
    0xa0, 0x9f, 0xfe, 0x0, 0x76, 0x40, 0xbf, 0xfc,
    0x0, 0x0, 0x0, 0x9f, 0xff, 0x10, 0x8a, 0x60,
    0x2e, 0xff, 0xfe, 0xff, 0xb0, 0x2, 0x9e, 0xff,
    0xd8, 0x0,

    /* U+010E "Ď" */
    0x0, 0x3e, 0xf8, 0x8f, 0xe3, 0x0, 0x0, 0x2,
    0xce, 0xec, 0x20, 0x0, 0x5f, 0xff, 0xff, 0xfd,
    0x92, 0x0, 0x5f, 0xff, 0xff, 0xff, 0xff, 0x50,
    0x5f, 0xff, 0x32, 0x5e, 0xff, 0xf1, 0x5f, 0xff,
    0x10, 0x6, 0xff, 0xf7, 0x5f, 0xff, 0x10, 0x2,
    0xff, 0xf9, 0x5f, 0xff, 0x10, 0x3, 0xff, 0xf9,
    0x5f, 0xff, 0x10, 0x7, 0xff, 0xf6, 0x5f, 0xff,
    0x42, 0x6f, 0xff, 0xf1, 0x5f, 0xff, 0xff, 0xff,
    0xff, 0x40, 0x5f, 0xff, 0xff, 0xfd, 0x92, 0x0,

    /* U+010F "ď" */
    0x0, 0x0, 0x0, 0xef, 0xf3, 0xff, 0xf6, 0x0,
    0x0, 0x0, 0xef, 0xf3, 0xff, 0xf6, 0x0, 0x0,
    0x0, 0xef, 0xf3, 0x9c, 0xf5, 0x3, 0xcf, 0xe9,
    0xef, 0xf3, 0xb, 0xf1, 0x2f, 0xff, 0xde, 0xff,
    0xf3, 0x4f, 0x70, 0x8f, 0xfd, 0x1, 0xff, 0xf3,
    0x4, 0x0, 0xaf, 0xfb, 0x0, 0xdf, 0xf3, 0x0,
    0x0, 0x9f, 0xfd, 0x1, 0xff, 0xf3, 0x0, 0x0,
    0x3f, 0xff, 0xbd, 0xff, 0xf3, 0x0, 0x0, 0x5,
    0xdf, 0xe7, 0xdf, 0xf3, 0x0, 0x0,

    /* U+0110 "Đ" */
    0x7, 0xff, 0xff, 0xff, 0xd8, 0x10, 0x0, 0x7f,
    0xff, 0xff, 0xff, 0xfe, 0x30, 0x7, 0xff, 0xf1,
    0x26, 0xff, 0xfe, 0x0, 0x7f, 0xff, 0x0, 0x8,
    0xff, 0xf4, 0xdf, 0xff, 0xff, 0xa0, 0x5f, 0xff,
    0x7d, 0xff, 0xff, 0xfa, 0x5, 0xff, 0xf6, 0x18,
    0xff, 0xf1, 0x10, 0x9f, 0xff, 0x30, 0x7f, 0xff,
    0x22, 0x7f, 0xff, 0xd0, 0x7, 0xff, 0xff, 0xff,
    0xff, 0xe2, 0x0, 0x7f, 0xff, 0xff, 0xfd, 0x81,
    0x0,

    /* U+0111 "đ" */
    0x0, 0x0, 0x0, 0xef, 0xf3, 0x0, 0x0, 0x6,
    0xff, 0xff, 0xf7, 0x0, 0x0, 0x39, 0xff, 0xfa,
    0x40, 0x3c, 0xfe, 0x8d, 0xff, 0x30, 0x2f, 0xff,
    0xde, 0xff, 0xf3, 0x8, 0xff, 0xd0, 0x1f, 0xff,
    0x30, 0xaf, 0xfb, 0x0, 0xdf, 0xf3, 0x9, 0xff,
    0xd0, 0x1f, 0xff, 0x30, 0x3f, 0xff, 0xbd, 0xff,
    0xf3, 0x0, 0x4d, 0xfe, 0x7d, 0xff, 0x30,

    /* U+0112 "Ē" */
    0x0, 0xff, 0xff, 0xff, 0x70, 0x0, 0x88, 0x88,
    0x88, 0x30, 0x5f, 0xff, 0xff, 0xff, 0xfc, 0x5f,
    0xff, 0xff, 0xff, 0xfc, 0x5f, 0xff, 0x32, 0x22,
    0x21, 0x5f, 0xff, 0x10, 0x0, 0x0, 0x5f, 0xff,
    0xff, 0xff, 0xb0, 0x5f, 0xff, 0xff, 0xff, 0xb0,
    0x5f, 0xff, 0x20, 0x0, 0x0, 0x5f, 0xff, 0x32,
    0x22, 0x21, 0x5f, 0xff, 0xff, 0xff, 0xfc, 0x5f,
    0xff, 0xff, 0xff, 0xfc,

    /* U+0113 "ē" */
    0x4, 0xff, 0xff, 0xff, 0x20, 0x2, 0x88, 0x88,
    0x88, 0x10, 0x0, 0x0, 0x0, 0x0, 0x0, 0x1,
    0x9e, 0xff, 0xc5, 0x0, 0x2e, 0xff, 0xaa, 0xff,
    0x70, 0x9f, 0xfd, 0x0, 0xef, 0xe0, 0xbf, 0xff,
    0xff, 0xff, 0xf1, 0x9f, 0xfd, 0x22, 0x56, 0x40,
    0x2e, 0xff, 0xec, 0xff, 0xd0, 0x1, 0x9d, 0xff,
    0xd8, 0x10,

    /* U+0114 "Ĕ" */
    0x2, 0xba, 0x31, 0x7b, 0x60, 0x0, 0x5c, 0xff,
    0xe9, 0x0, 0x5f, 0xff, 0xff, 0xff, 0xfc, 0x5f,
    0xff, 0xff, 0xff, 0xfc, 0x5f, 0xff, 0x32, 0x22,
    0x21, 0x5f, 0xff, 0x10, 0x0, 0x0, 0x5f, 0xff,
    0xff, 0xff, 0xb0, 0x5f, 0xff, 0xff, 0xff, 0xb0,
    0x5f, 0xff, 0x20, 0x0, 0x0, 0x5f, 0xff, 0x32,
    0x22, 0x21, 0x5f, 0xff, 0xff, 0xff, 0xfc, 0x5f,
    0xff, 0xff, 0xff, 0xfc,

    /* U+0115 "ĕ" */
    0x6, 0xfc, 0x23, 0xef, 0x30, 0x0, 0xaf, 0xff,
    0xf7, 0x0, 0x0, 0x1, 0x44, 0x10, 0x0, 0x1,
    0x9e, 0xff, 0xc5, 0x0, 0x2e, 0xff, 0xaa, 0xff,
    0x70, 0x9f, 0xfd, 0x0, 0xef, 0xe0, 0xbf, 0xff,
    0xff, 0xff, 0xf1, 0x9f, 0xfd, 0x22, 0x56, 0x40,
    0x2e, 0xff, 0xec, 0xff, 0xd0, 0x1, 0x9d, 0xff,
    0xd8, 0x10,

    /* U+0116 "Ė" */
    0x0, 0x8, 0xff, 0xf0, 0x0, 0x0, 0x6, 0xcc,
    0xc0, 0x0, 0x5f, 0xff, 0xff, 0xff, 0xfc, 0x5f,
    0xff, 0xff, 0xff, 0xfc, 0x5f, 0xff, 0x32, 0x22,
    0x21, 0x5f, 0xff, 0x10, 0x0, 0x0, 0x5f, 0xff,
    0xff, 0xff, 0xb0, 0x5f, 0xff, 0xff, 0xff, 0xb0,
    0x5f, 0xff, 0x20, 0x0, 0x0, 0x5f, 0xff, 0x32,
    0x22, 0x21, 0x5f, 0xff, 0xff, 0xff, 0xfc, 0x5f,
    0xff, 0xff, 0xff, 0xfc,

    /* U+0117 "ė" */
    0x0, 0xa, 0xff, 0x80, 0x0, 0x0, 0x8, 0xee,
    0x70, 0x0, 0x0, 0x0, 0x0, 0x0, 0x0, 0x1,
    0x9e, 0xff, 0xc5, 0x0, 0x2e, 0xff, 0xaa, 0xff,
    0x70, 0x9f, 0xfd, 0x0, 0xef, 0xe0, 0xbf, 0xff,
    0xff, 0xff, 0xf1, 0x9f, 0xfd, 0x22, 0x56, 0x40,
    0x2e, 0xff, 0xec, 0xff, 0xd0, 0x1, 0x9d, 0xff,
    0xd8, 0x10,

    /* U+0118 "Ę" */
    0x5f, 0xff, 0xff, 0xff, 0xfc, 0x5, 0xff, 0xff,
    0xff, 0xff, 0xc0, 0x5f, 0xff, 0x32, 0x22, 0x21,
    0x5, 0xff, 0xf1, 0x0, 0x0, 0x0, 0x5f, 0xff,
    0xff, 0xff, 0xb0, 0x5, 0xff, 0xff, 0xff, 0xfb,
    0x0, 0x5f, 0xff, 0x10, 0x0, 0x0, 0x5, 0xff,
    0xf3, 0x22, 0x22, 0x10, 0x5f, 0xff, 0xff, 0xff,
    0xfc, 0x5, 0xff, 0xff, 0xff, 0xff, 0xc0, 0x0,
    0x0, 0x3, 0xef, 0x61, 0x0, 0x0, 0x0, 0x8f,
    0xa4, 0x50, 0x0, 0x0, 0x2, 0xcf, 0xe8, 0x0,

    /* U+0119 "ę" */
    0x1, 0x9d, 0xff, 0xc5, 0x0, 0x1e, 0xff, 0xaa,
    0xff, 0x60, 0x8f, 0xfd, 0x0, 0xef, 0xe0, 0xbf,
    0xff, 0xff, 0xff, 0xf1, 0x9f, 0xfd, 0x22, 0x56,
    0x40, 0x2e, 0xff, 0xec, 0xff, 0xd0, 0x2, 0xae,
    0xff, 0xfc, 0x10, 0x0, 0x0, 0xbf, 0x70, 0x0,
    0x0, 0x2, 0xff, 0x27, 0x10, 0x0, 0x0, 0x9e,
    0xfb, 0x20,

    /* U+011A "Ě" */
    0x1, 0xdf, 0xa7, 0xef, 0x60, 0x0, 0xa, 0xee,
    0xd4, 0x0, 0x5f, 0xff, 0xff, 0xff, 0xfc, 0x5f,
    0xff, 0xff, 0xff, 0xfc, 0x5f, 0xff, 0x32, 0x22,
    0x21, 0x5f, 0xff, 0x10, 0x0, 0x0, 0x5f, 0xff,
    0xff, 0xff, 0xb0, 0x5f, 0xff, 0xff, 0xff, 0xb0,
    0x5f, 0xff, 0x20, 0x0, 0x0, 0x5f, 0xff, 0x32,
    0x22, 0x21, 0x5f, 0xff, 0xff, 0xff, 0xfc, 0x5f,
    0xff, 0xff, 0xff, 0xfc,

    /* U+011B "ě" */
    0x2, 0xdf, 0x8a, 0xfc, 0x10, 0x0, 0x1c, 0xff,
    0xb0, 0x0, 0x0, 0x0, 0x0, 0x0, 0x0, 0x1,
    0x9e, 0xff, 0xc5, 0x0, 0x2e, 0xff, 0xaa, 0xff,
    0x70, 0x9f, 0xfd, 0x0, 0xef, 0xe0, 0xbf, 0xff,
    0xff, 0xff, 0xf1, 0x9f, 0xfd, 0x22, 0x56, 0x40,
    0x2e, 0xff, 0xec, 0xff, 0xd0, 0x1, 0x9d, 0xff,
    0xd8, 0x10,

    /* U+011C "Ĝ" */
    0x0, 0x5, 0xff, 0xfc, 0x10, 0x0, 0x0, 0x6e,
    0xc5, 0x8e, 0xc1, 0x0, 0x0, 0x29, 0xdf, 0xfe,
    0xa2, 0x0, 0x5, 0xff, 0xff, 0xff, 0xff, 0x20,
    0x1f, 0xff, 0xd1, 0xb, 0xff, 0xa0, 0x7f, 0xff,
    0x60, 0x2, 0x65, 0x30, 0x9f, 0xff, 0x30, 0x0,
    0x0, 0x0, 0xaf, 0xff, 0x31, 0xff, 0xff, 0xf3,
    0x8f, 0xff, 0x61, 0xff, 0xff, 0xf3, 0x4f, 0xff,
    0xd2, 0x4, 0xff, 0xf3, 0xa, 0xff, 0xff, 0xff,
    0xff, 0xf3, 0x0, 0x7d, 0xff, 0xc5, 0xef, 0xf3,

    /* U+011D "ĝ" */
    0x0, 0xb, 0xff, 0xe3, 0x0, 0x0, 0xb, 0xfa,
    0x7e, 0xe3, 0x73, 0x0, 0x0, 0x0, 0x0, 0x4f,
    0x60, 0x6, 0xcf, 0xff, 0xcd, 0xd6, 0x7, 0xff,
    0xa0, 0xdf, 0xf4, 0x0, 0xbf, 0xf7, 0xb, 0xff,
    0x70, 0x7, 0xff, 0xa1, 0xef, 0xf3, 0x0, 0x9,
    0xff, 0xfe, 0xb4, 0x0, 0x2, 0xfc, 0x33, 0x33,
    0x10, 0x0, 0x5f, 0xff, 0xff, 0xff, 0xc1, 0x1,
    0xef, 0xff, 0xff, 0xff, 0x70, 0xef, 0x71, 0x11,
    0x5f, 0xf4, 0x8, 0xdf, 0xff, 0xfe, 0xb5, 0x0,

    /* U+011E "Ğ" */
    0x0, 0x7b, 0x71, 0x3a, 0xb1, 0x0, 0x0, 0x19,
    0xef, 0xfc, 0x50, 0x0, 0x0, 0x29, 0xdf, 0xfe,
    0xa2, 0x0, 0x5, 0xff, 0xff, 0xff, 0xff, 0x20,
    0x1f, 0xff, 0xd1, 0xb, 0xff, 0xa0, 0x7f, 0xff,
    0x60, 0x2, 0x65, 0x30, 0x9f, 0xff, 0x30, 0x0,
    0x0, 0x0, 0xaf, 0xff, 0x31, 0xff, 0xff, 0xf3,
    0x8f, 0xff, 0x61, 0xff, 0xff, 0xf3, 0x4f, 0xff,
    0xd2, 0x4, 0xff, 0xf3, 0xa, 0xff, 0xff, 0xff,
    0xff, 0xf3, 0x0, 0x7d, 0xff, 0xc5, 0xef, 0xf3,

    /* U+011F "ğ" */
    0x2, 0xfe, 0x42, 0xbf, 0x70, 0x0, 0x6, 0xff,
    0xff, 0xb0, 0x42, 0x0, 0x0, 0x34, 0x20, 0x3f,
    0x60, 0x6, 0xcf, 0xff, 0xcd, 0xd6, 0x7, 0xff,
    0xa0, 0xdf, 0xf4, 0x0, 0xbf, 0xf7, 0xb, 0xff,
    0x70, 0x7, 0xff, 0xa1, 0xef, 0xf3, 0x0, 0x9,
    0xff, 0xfe, 0xb4, 0x0, 0x2, 0xfc, 0x33, 0x33,
    0x10, 0x0, 0x5f, 0xff, 0xff, 0xff, 0xc1, 0x1,
    0xef, 0xff, 0xff, 0xff, 0x70, 0xef, 0x71, 0x11,
    0x5f, 0xf4, 0x8, 0xdf, 0xff, 0xfe, 0xb5, 0x0,

    /* U+0120 "Ġ" */
    0x0, 0x0, 0xff, 0xf8, 0x0, 0x0, 0x0, 0x0,
    0xcc, 0xc6, 0x0, 0x0, 0x0, 0x29, 0xdf, 0xfe,
    0xa2, 0x0, 0x5, 0xff, 0xff, 0xff, 0xff, 0x20,
    0x1f, 0xff, 0xd1, 0xb, 0xff, 0xa0, 0x7f, 0xff,
    0x60, 0x2, 0x65, 0x30, 0x9f, 0xff, 0x30, 0x0,
    0x0, 0x0, 0xaf, 0xff, 0x31, 0xff, 0xff, 0xf3,
    0x8f, 0xff, 0x61, 0xff, 0xff, 0xf3, 0x4f, 0xff,
    0xd2, 0x4, 0xff, 0xf3, 0xa, 0xff, 0xff, 0xff,
    0xff, 0xf3, 0x0, 0x7d, 0xff, 0xc5, 0xef, 0xf3,

    /* U+0121 "ġ" */
    0x0, 0x6, 0xff, 0xc0, 0x0, 0x0, 0x0, 0x5e,
    0xea, 0x0, 0x73, 0x0, 0x0, 0x0, 0x0, 0x4f,
    0x60, 0x6, 0xcf, 0xff, 0xcd, 0xd6, 0x7, 0xff,
    0xa0, 0xdf, 0xf4, 0x0, 0xbf, 0xf7, 0xb, 0xff,
    0x70, 0x7, 0xff, 0xa1, 0xef, 0xf3, 0x0, 0x9,
    0xff, 0xfe, 0xb4, 0x0, 0x2, 0xfc, 0x33, 0x33,
    0x10, 0x0, 0x5f, 0xff, 0xff, 0xff, 0xc1, 0x1,
    0xef, 0xff, 0xff, 0xff, 0x70, 0xef, 0x71, 0x11,
    0x5f, 0xf4, 0x8, 0xdf, 0xff, 0xfe, 0xb5, 0x0,

    /* U+0122 "Ģ" */
    0x0, 0x29, 0xdf, 0xfe, 0xa2, 0x0, 0x5, 0xff,
    0xff, 0xff, 0xff, 0x20, 0x1f, 0xff, 0xd1, 0xb,
    0xff, 0xa0, 0x7f, 0xff, 0x60, 0x2, 0x65, 0x30,
    0x9f, 0xff, 0x30, 0x0, 0x0, 0x0, 0xaf, 0xff,
    0x31, 0xff, 0xff, 0xf3, 0x8f, 0xff, 0x61, 0xff,
    0xff, 0xf3, 0x4f, 0xff, 0xd2, 0x4, 0xff, 0xf3,
    0xa, 0xff, 0xff, 0xff, 0xff, 0xf3, 0x0, 0x7d,
    0xff, 0xc5, 0xef, 0xf3, 0x0, 0x0, 0x0, 0x0,
    0x0, 0x0, 0x0, 0x0, 0x9e, 0xe5, 0x0, 0x0,
    0x0, 0x0, 0xbf, 0xf6, 0x0, 0x0, 0x0, 0x0,
    0x6, 0xf2, 0x0, 0x0, 0x0, 0x0, 0xb, 0x40,
    0x0, 0x0,

    /* U+0123 "ģ" */
    0x0, 0x0, 0x3b, 0x0, 0x0, 0x0, 0x0, 0x2f,
    0x70, 0x0, 0x0, 0x0, 0x5, 0xff, 0xc0, 0x0,
    0x0, 0x0, 0x5e, 0xea, 0x0, 0x73, 0x0, 0x0,
    0x0, 0x0, 0x4f, 0x60, 0x6, 0xcf, 0xff, 0xcd,
    0xd6, 0x7, 0xff, 0xa0, 0xdf, 0xf4, 0x0, 0xbf,
    0xf7, 0xb, 0xff, 0x70, 0x7, 0xff, 0xa1, 0xef,
    0xf3, 0x0, 0x9, 0xff, 0xfe, 0xb4, 0x0, 0x2,
    0xfc, 0x33, 0x33, 0x10, 0x0, 0x5f, 0xff, 0xff,
    0xff, 0xc1, 0x1, 0xef, 0xff, 0xff, 0xff, 0x70,
    0xef, 0x71, 0x11, 0x5f, 0xf4, 0x8, 0xdf, 0xff,
    0xfe, 0xb5, 0x0,

    /* U+0124 "Ĥ" */
    0x0, 0x4, 0xff, 0xfd, 0x20, 0x0, 0x0, 0x5e,
    0xd5, 0x8d, 0xc2, 0x0, 0x5f, 0xff, 0x10, 0x6,
    0xff, 0xf0, 0x5f, 0xff, 0x10, 0x6, 0xff, 0xf0,
    0x5f, 0xff, 0x10, 0x6, 0xff, 0xf0, 0x5f, 0xff,
    0x10, 0x6, 0xff, 0xf0, 0x5f, 0xff, 0xff, 0xff,
    0xff, 0xf0, 0x5f, 0xff, 0xff, 0xff, 0xff, 0xf0,
    0x5f, 0xff, 0x32, 0x27, 0xff, 0xf0, 0x5f, 0xff,
    0x10, 0x6, 0xff, 0xf0, 0x5f, 0xff, 0x10, 0x6,
    0xff, 0xf0, 0x5f, 0xff, 0x10, 0x6, 0xff, 0xf0,

    /* U+0125 "ĥ" */
    0x0, 0x4f, 0xff, 0xd2, 0x0, 0x5e, 0xc5, 0x8d,
    0xc2, 0x6f, 0xfb, 0x0, 0x0, 0x6, 0xff, 0xb0,
    0x0, 0x0, 0x6f, 0xfb, 0x0, 0x0, 0x6, 0xff,
    0xa7, 0xdf, 0xd4, 0x6f, 0xff, 0xee, 0xff, 0xe6,
    0xff, 0xc0, 0x3f, 0xff, 0x6f, 0xfb, 0x2, 0xff,
    0xf6, 0xff, 0xb0, 0x2f, 0xff, 0x6f, 0xfb, 0x2,
    0xff, 0xf6, 0xff, 0xb0, 0x2f, 0xff,

    /* U+0126 "Ħ" */
    0x7, 0xff, 0xf0, 0x0, 0x9f, 0xfe, 0x0, 0x9d,
    0xff, 0xfb, 0xbb, 0xef, 0xff, 0xb2, 0xdf, 0xff,
    0xff, 0xff, 0xff, 0xff, 0xf3, 0x7, 0xff, 0xf0,
    0x0, 0x9f, 0xfe, 0x0, 0x7, 0xff, 0xff, 0xff,
    0xff, 0xfe, 0x0, 0x7, 0xff, 0xff, 0xff, 0xff,
    0xfe, 0x0, 0x7, 0xff, 0xf1, 0x11, 0x9f, 0xfe,
    0x0, 0x7, 0xff, 0xf0, 0x0, 0x9f, 0xfe, 0x0,
    0x7, 0xff, 0xf0, 0x0, 0x9f, 0xfe, 0x0, 0x7,
    0xff, 0xf0, 0x0, 0x9f, 0xfe, 0x0,

    /* U+0127 "ħ" */
    0x6, 0xff, 0xb0, 0x0, 0x0, 0xaf, 0xff, 0xff,
    0x30, 0x0, 0x5b, 0xff, 0xd9, 0x20, 0x0, 0x6,
    0xff, 0xa6, 0xdf, 0xd4, 0x6, 0xff, 0xfe, 0xff,
    0xfd, 0x6, 0xff, 0xc0, 0x3f, 0xff, 0x6, 0xff,
    0xb0, 0x2f, 0xff, 0x6, 0xff, 0xb0, 0x2f, 0xff,
    0x6, 0xff, 0xb0, 0x2f, 0xff, 0x6, 0xff, 0xb0,
    0x2f, 0xff,

    /* U+0128 "Ĩ" */
    0x0, 0x11, 0x11, 0x11, 0xb, 0xff, 0xff, 0xfb,
    0x4, 0x44, 0x44, 0x30, 0x0, 0x5f, 0xff, 0x20,
    0x0, 0x5f, 0xff, 0x20, 0x0, 0x5f, 0xff, 0x20,
    0x0, 0x5f, 0xff, 0x20, 0x0, 0x5f, 0xff, 0x20,
    0x0, 0x5f, 0xff, 0x20, 0x0, 0x5f, 0xff, 0x20,
    0x0, 0x5f, 0xff, 0x20, 0x0, 0x5f, 0xff, 0x20,
    0x0, 0x5f, 0xff, 0x20,

    /* U+0129 "ĩ" */
    0xa, 0xfd, 0x51, 0xd8, 0x3f, 0xbb, 0xff, 0xf5,
    0x16, 0x10, 0x37, 0x40, 0x0, 0x6f, 0xfb, 0x0,
    0x0, 0x6f, 0xfb, 0x0, 0x0, 0x6f, 0xfb, 0x0,
    0x0, 0x6f, 0xfb, 0x0, 0x0, 0x6f, 0xfb, 0x0,
    0x0, 0x6f, 0xfb, 0x0, 0x0, 0x6f, 0xfb, 0x0,

    /* U+012A "Ī" */
    0xdf, 0xff, 0xff, 0x96, 0x88, 0x88, 0x85, 0x5,
    0xff, 0xf2, 0x0, 0x5f, 0xff, 0x20, 0x5, 0xff,
    0xf2, 0x0, 0x5f, 0xff, 0x20, 0x5, 0xff, 0xf2,
    0x0, 0x5f, 0xff, 0x20, 0x5, 0xff, 0xf2, 0x0,
    0x5f, 0xff, 0x20, 0x5, 0xff, 0xf2, 0x0, 0x5f,
    0xff, 0x20,

    /* U+012B "ī" */
    0x1f, 0xff, 0xff, 0xf5, 0x8, 0x88, 0x88, 0x82,
    0x0, 0x0, 0x0, 0x0, 0x0, 0x6f, 0xfb, 0x0,
    0x0, 0x6f, 0xfb, 0x0, 0x0, 0x6f, 0xfb, 0x0,
    0x0, 0x6f, 0xfb, 0x0, 0x0, 0x6f, 0xfb, 0x0,
    0x0, 0x6f, 0xfb, 0x0, 0x0, 0x6f, 0xfb, 0x0,

    /* U+012C "Ĭ" */
    0xb, 0xb4, 0x15, 0xb8, 0x3, 0xbf, 0xfe, 0xa1,
    0x0, 0x5f, 0xff, 0x20, 0x0, 0x5f, 0xff, 0x20,
    0x0, 0x5f, 0xff, 0x20, 0x0, 0x5f, 0xff, 0x20,
    0x0, 0x5f, 0xff, 0x20, 0x0, 0x5f, 0xff, 0x20,
    0x0, 0x5f, 0xff, 0x20, 0x0, 0x5f, 0xff, 0x20,
    0x0, 0x5f, 0xff, 0x20, 0x0, 0x5f, 0xff, 0x20,

    /* U+012D "ĭ" */
    0x2f, 0xe4, 0x2b, 0xf6, 0x7, 0xff, 0xff, 0xa0,
    0x0, 0x14, 0x42, 0x0, 0x0, 0x6f, 0xfb, 0x0,
    0x0, 0x6f, 0xfb, 0x0, 0x0, 0x6f, 0xfb, 0x0,
    0x0, 0x6f, 0xfb, 0x0, 0x0, 0x6f, 0xfb, 0x0,
    0x0, 0x6f, 0xfb, 0x0, 0x0, 0x6f, 0xfb, 0x0,

    /* U+012E "Į" */
    0x5, 0xff, 0xf2, 0x5, 0xff, 0xf2, 0x5, 0xff,
    0xf2, 0x5, 0xff, 0xf2, 0x5, 0xff, 0xf2, 0x5,
    0xff, 0xf2, 0x5, 0xff, 0xf2, 0x5, 0xff, 0xf2,
    0x5, 0xff, 0xf2, 0x5, 0xff, 0xf2, 0xb, 0xfa,
    0x30, 0x2f, 0xf2, 0x61, 0x9, 0xef, 0xc2,

    /* U+012F "į" */
    0x6, 0xff, 0xb0, 0x5, 0xee, 0x90, 0x0, 0x0,
    0x0, 0x6, 0xff, 0xb0, 0x6, 0xff, 0xb0, 0x6,
    0xff, 0xb0, 0x6, 0xff, 0xb0, 0x6, 0xff, 0xb0,
    0x6, 0xff, 0xb0, 0x6, 0xff, 0xb0, 0x3e, 0xe6,
    0x10, 0x8f, 0xa4, 0x40, 0x2c, 0xfe, 0x80,

    /* U+0130 "İ" */
    0x5f, 0xff, 0x24, 0xcc, 0xc1, 0x5f, 0xff, 0x25,
    0xff, 0xf2, 0x5f, 0xff, 0x25, 0xff, 0xf2, 0x5f,
    0xff, 0x25, 0xff, 0xf2, 0x5f, 0xff, 0x25, 0xff,
    0xf2, 0x5f, 0xff, 0x25, 0xff, 0xf2,

    /* U+0131 "ı" */
    0x6f, 0xfb, 0x6f, 0xfb, 0x6f, 0xfb, 0x6f, 0xfb,
    0x6f, 0xfb, 0x6f, 0xfb, 0x6f, 0xfb,

    /* U+0132 "Ĳ" */
    0x5f, 0xff, 0x20, 0x0, 0x0, 0x2f, 0xff, 0x65,
    0xff, 0xf2, 0x0, 0x0, 0x2, 0xff, 0xf6, 0x5f,
    0xff, 0x20, 0x0, 0x0, 0x2f, 0xff, 0x65, 0xff,
    0xf2, 0x0, 0x0, 0x2, 0xff, 0xf6, 0x5f, 0xff,
    0x20, 0x0, 0x0, 0x2f, 0xff, 0x65, 0xff, 0xf2,
    0x0, 0x0, 0x2, 0xff, 0xf6, 0x5f, 0xff, 0x20,
    0x3, 0x0, 0x2f, 0xff, 0x65, 0xff, 0xf2, 0xdf,
    0xf5, 0x7, 0xff, 0xf3, 0x5f, 0xff, 0x28, 0xff,
    0xff, 0xff, 0xfa, 0x5, 0xff, 0xf2, 0x6, 0xce,
    0xff, 0xc6, 0x0,

    /* U+0133 "ĳ" */
    0x6f, 0xfb, 0x2f, 0xff, 0x5, 0xee, 0x91, 0xee,
    0xe0, 0x0, 0x0, 0x0, 0x0, 0x6, 0xff, 0xb2,
    0xff, 0xf0, 0x6f, 0xfb, 0x2f, 0xff, 0x6, 0xff,
    0xb2, 0xff, 0xf0, 0x6f, 0xfb, 0x2f, 0xff, 0x6,
    0xff, 0xb2, 0xff, 0xf0, 0x6f, 0xfb, 0x2f, 0xff,
    0x6, 0xff, 0xb2, 0xff, 0xf0, 0x0, 0x0, 0x3f,
    0xfe, 0x0, 0x0, 0x8f, 0xff, 0x80, 0x0, 0x6,
    0xfd, 0x70, 0x0,

    /* U+0134 "Ĵ" */
    0x0, 0x0, 0x4, 0xff, 0xfd, 0x10, 0x0, 0x0,
    0x5e, 0xc5, 0x8d, 0xc2, 0x0, 0x0, 0x0, 0xef,
    0xf9, 0x0, 0x0, 0x0, 0x0, 0xef, 0xf9, 0x0,
    0x0, 0x0, 0x0, 0xef, 0xf9, 0x0, 0x0, 0x0,
    0x0, 0xef, 0xf9, 0x0, 0x0, 0x0, 0x0, 0xef,
    0xf9, 0x0, 0x0, 0x0, 0x0, 0xef, 0xf9, 0x0,
    0x2, 0x51, 0x0, 0xef, 0xf9, 0x0, 0xcf, 0xfa,
    0x36, 0xff, 0xf6, 0x0, 0x4f, 0xff, 0xff, 0xff,
    0xd0, 0x0, 0x3, 0xbe, 0xff, 0xd8, 0x0, 0x0,

    /* U+0135 "ĵ" */
    0x0, 0xbf, 0xfe, 0x20, 0xb, 0xfa, 0x7e, 0xe2,
    0x0, 0x0, 0x0, 0x0, 0x0, 0x6f, 0xfb, 0x0,
    0x0, 0x6f, 0xfb, 0x0, 0x0, 0x6f, 0xfb, 0x0,
    0x0, 0x6f, 0xfb, 0x0, 0x0, 0x6f, 0xfb, 0x0,
    0x0, 0x6f, 0xfb, 0x0, 0x0, 0x6f, 0xfb, 0x0,
    0x0, 0x8f, 0xf9, 0x0, 0xc, 0xff, 0xf3, 0x0,
    0xb, 0xfc, 0x40, 0x0,

    /* U+0136 "Ķ" */
    0x5f, 0xff, 0x20, 0x1e, 0xff, 0x70, 0x5f, 0xff,
    0x20, 0xcf, 0xf9, 0x0, 0x5f, 0xff, 0x19, 0xff,
    0xb0, 0x0, 0x5f, 0xff, 0x7f, 0xfd, 0x10, 0x0,
    0x5f, 0xff, 0xff, 0xf5, 0x0, 0x0, 0x5f, 0xff,
    0xff, 0xfe, 0x10, 0x0, 0x5f, 0xff, 0x5f, 0xff,
    0xb0, 0x0, 0x5f, 0xff, 0x28, 0xff, 0xf8, 0x0,
    0x5f, 0xff, 0x20, 0xcf, 0xff, 0x50, 0x5f, 0xff,
    0x20, 0x1e, 0xff, 0xf2, 0x0, 0x0, 0x0, 0x0,
    0x0, 0x0, 0x0, 0x0, 0xae, 0xe5, 0x0, 0x0,
    0x0, 0x0, 0xbf, 0xf6, 0x0, 0x0, 0x0, 0x0,
    0x6, 0xf2, 0x0, 0x0, 0x0, 0x0, 0xb, 0x40,
    0x0, 0x0,

    /* U+0137 "ķ" */
    0x6f, 0xfb, 0x0, 0x0, 0x0, 0x6f, 0xfb, 0x0,
    0x0, 0x0, 0x6f, 0xfb, 0x0, 0x0, 0x0, 0x6f,
    0xfb, 0x3, 0xff, 0xc0, 0x6f, 0xfb, 0x2e, 0xfd,
    0x10, 0x6f, 0xfc, 0xdf, 0xd1, 0x0, 0x6f, 0xff,
    0xff, 0xc0, 0x0, 0x6f, 0xfb, 0xdf, 0xfa, 0x0,
    0x6f, 0xfb, 0x3f, 0xff, 0x70, 0x6f, 0xfb, 0x6,
    0xff, 0xf5, 0x0, 0x0, 0x0, 0x0, 0x0, 0x0,
    0x7, 0xee, 0x80, 0x0, 0x0, 0x8, 0xff, 0x90,
    0x0, 0x0, 0x0, 0x4f, 0x50, 0x0, 0x0, 0x0,
    0xa6, 0x0, 0x0,

    /* U+0138 "ĸ" */
    0x6f, 0xfb, 0x3, 0xff, 0xc0, 0x6f, 0xfb, 0x2e,
    0xfd, 0x10, 0x6f, 0xfc, 0xdf, 0xd1, 0x0, 0x6f,
    0xff, 0xff, 0xc0, 0x0, 0x6f, 0xfb, 0xdf, 0xfa,
    0x0, 0x6f, 0xfb, 0x3f, 0xff, 0x70, 0x6f, 0xfb,
    0x6, 0xff, 0xf5,

    /* U+0139 "Ĺ" */
    0x0, 0xaf, 0xf9, 0x0, 0x0, 0x7, 0xee, 0x60,
    0x0, 0x0, 0x5f, 0xff, 0x20, 0x0, 0x0, 0x5f,
    0xff, 0x20, 0x0, 0x0, 0x5f, 0xff, 0x20, 0x0,
    0x0, 0x5f, 0xff, 0x20, 0x0, 0x0, 0x5f, 0xff,
    0x20, 0x0, 0x0, 0x5f, 0xff, 0x20, 0x0, 0x0,
    0x5f, 0xff, 0x20, 0x0, 0x0, 0x5f, 0xff, 0x75,
    0x55, 0x50, 0x5f, 0xff, 0xff, 0xff, 0xf0, 0x5f,
    0xff, 0xff, 0xff, 0xf0,

    /* U+013A "ĺ" */
    0x1, 0xdf, 0xf5, 0xb, 0xec, 0x20, 0x6f, 0xfb,
    0x0, 0x6f, 0xfb, 0x0, 0x6f, 0xfb, 0x0, 0x6f,
    0xfb, 0x0, 0x6f, 0xfb, 0x0, 0x6f, 0xfb, 0x0,
    0x6f, 0xfb, 0x0, 0x6f, 0xfb, 0x0, 0x6f, 0xfb,
    0x0, 0x6f, 0xfb, 0x0,

    /* U+013B "Ļ" */
    0x5f, 0xff, 0x20, 0x0, 0x0, 0x5f, 0xff, 0x20,
    0x0, 0x0, 0x5f, 0xff, 0x20, 0x0, 0x0, 0x5f,
    0xff, 0x20, 0x0, 0x0, 0x5f, 0xff, 0x20, 0x0,
    0x0, 0x5f, 0xff, 0x20, 0x0, 0x0, 0x5f, 0xff,
    0x20, 0x0, 0x0, 0x5f, 0xff, 0x75, 0x55, 0x50,
    0x5f, 0xff, 0xff, 0xff, 0xf0, 0x5f, 0xff, 0xff,
    0xff, 0xf0, 0x0, 0x0, 0x0, 0x0, 0x0, 0x0,
    0x9, 0xee, 0x50, 0x0, 0x0, 0xb, 0xff, 0x60,
    0x0, 0x0, 0x0, 0x6f, 0x20, 0x0, 0x0, 0x0,
    0xb4, 0x0, 0x0,

    /* U+013C "ļ" */
    0x6f, 0xfb, 0x6f, 0xfb, 0x6f, 0xfb, 0x6f, 0xfb,
    0x6f, 0xfb, 0x6f, 0xfb, 0x6f, 0xfb, 0x6f, 0xfb,
    0x6f, 0xfb, 0x6f, 0xfb, 0x0, 0x0, 0x5e, 0xe9,
    0x6f, 0xfb, 0x2, 0xf7, 0x9, 0x70,

    /* U+013D "Ľ" */
    0x5f, 0xff, 0x2a, 0xff, 0xc0, 0x5f, 0xff, 0x2a,
    0xff, 0xc0, 0x5f, 0xff, 0x26, 0xaf, 0xb0, 0x5f,
    0xff, 0x20, 0x7f, 0x60, 0x5f, 0xff, 0x20, 0xea,
    0x0, 0x5f, 0xff, 0x20, 0x10, 0x0, 0x5f, 0xff,
    0x20, 0x0, 0x0, 0x5f, 0xff, 0x75, 0x55, 0x50,
    0x5f, 0xff, 0xff, 0xff, 0xf0, 0x5f, 0xff, 0xff,
    0xff, 0xf0,

    /* U+013E "ľ" */
    0x6f, 0xfb, 0x8f, 0xfe, 0x6f, 0xfb, 0x8f, 0xfd,
    0x6f, 0xfb, 0x59, 0xfc, 0x6f, 0xfb, 0x5, 0xf7,
    0x6f, 0xfb, 0xc, 0xa0, 0x6f, 0xfb, 0x0, 0x0,
    0x6f, 0xfb, 0x0, 0x0, 0x6f, 0xfb, 0x0, 0x0,
    0x6f, 0xfb, 0x0, 0x0, 0x6f, 0xfb, 0x0, 0x0,

    /* U+013F "Ŀ" */
    0x5f, 0xff, 0x20, 0x0, 0x0, 0x5f, 0xff, 0x20,
    0x0, 0x0, 0x5f, 0xff, 0x20, 0x0, 0x0, 0x5f,
    0xff, 0x2a, 0xff, 0xc0, 0x5f, 0xff, 0x2a, 0xff,
    0xc0, 0x5f, 0xff, 0x28, 0xdd, 0x90, 0x5f, 0xff,
    0x20, 0x0, 0x0, 0x5f, 0xff, 0x75, 0x55, 0x50,
    0x5f, 0xff, 0xff, 0xff, 0xf0, 0x5f, 0xff, 0xff,
    0xff, 0xf0,

    /* U+0140 "ŀ" */
    0x6f, 0xfb, 0x0, 0x0, 0x6f, 0xfb, 0x0, 0x0,
    0x6f, 0xfb, 0x0, 0x0, 0x6f, 0xfb, 0x0, 0x0,
    0x6f, 0xfb, 0x8f, 0xfe, 0x6f, 0xfb, 0x8f, 0xfe,
    0x6f, 0xfb, 0x6d, 0xdb, 0x6f, 0xfb, 0x0, 0x0,
    0x6f, 0xfb, 0x0, 0x0, 0x6f, 0xfb, 0x0, 0x0,

    /* U+0141 "Ł" */
    0x8, 0xff, 0xf0, 0x0, 0x0, 0x8, 0xff, 0xf0,
    0x0, 0x0, 0x8, 0xff, 0xf0, 0x25, 0x0, 0x8,
    0xff, 0xfe, 0xfe, 0x0, 0x6d, 0xff, 0xff, 0xe9,
    0x0, 0xdf, 0xff, 0xf2, 0x0, 0x0, 0x7b, 0xff,
    0xf0, 0x0, 0x0, 0x8, 0xff, 0xf5, 0x55, 0x55,
    0x8, 0xff, 0xff, 0xff, 0xfe, 0x8, 0xff, 0xff,
    0xff, 0xfe,

    /* U+0142 "ł" */
    0xa, 0xff, 0x80, 0xa, 0xff, 0x80, 0xa, 0xff,
    0x80, 0xa, 0xff, 0xc9, 0xb, 0xff, 0xfb, 0xdf,
    0xff, 0x90, 0xbd, 0xff, 0x80, 0xa, 0xff, 0x80,
    0xa, 0xff, 0x80, 0xa, 0xff, 0x80,

    /* U+0143 "Ń" */
    0x0, 0x0, 0x3, 0xff, 0xd3, 0x0, 0x0, 0x0,
    0x2d, 0xea, 0x10, 0x0, 0x5f, 0xff, 0xd0, 0x0,
    0xaf, 0xf1, 0x5f, 0xff, 0xf9, 0x0, 0xaf, 0xf1,
    0x5f, 0xff, 0xff, 0x50, 0xaf, 0xf1, 0x5f, 0xff,
    0xff, 0xe1, 0xaf, 0xf1, 0x5f, 0xf9, 0xff, 0xfc,
    0xaf, 0xf1, 0x5f, 0xf7, 0x6f, 0xff, 0xff, 0xf1,
    0x5f, 0xf7, 0xb, 0xff, 0xff, 0xf1, 0x5f, 0xf7,
    0x1, 0xef, 0xff, 0xf1, 0x5f, 0xf7, 0x0, 0x4f,
    0xff, 0xf1, 0x5f, 0xf7, 0x0, 0x9, 0xff, 0xf1,

    /* U+0144 "ń" */
    0x0, 0x0, 0x6f, 0xfb, 0x0, 0x0, 0x2e, 0xf9,
    0x0, 0x0, 0x0, 0x0, 0x0, 0x6, 0xff, 0xb7,
    0xdf, 0xd4, 0x6f, 0xff, 0xcd, 0xff, 0xe6, 0xff,
    0xb0, 0x2f, 0xff, 0x6f, 0xfb, 0x2, 0xff, 0xf6,
    0xff, 0xb0, 0x2f, 0xff, 0x6f, 0xfb, 0x2, 0xff,
    0xf6, 0xff, 0xb0, 0x2f, 0xff,

    /* U+0145 "Ņ" */
    0x5f, 0xff, 0xd0, 0x0, 0xaf, 0xf1, 0x5f, 0xff,
    0xf9, 0x0, 0xaf, 0xf1, 0x5f, 0xff, 0xff, 0x50,
    0xaf, 0xf1, 0x5f, 0xff, 0xff, 0xe1, 0xaf, 0xf1,
    0x5f, 0xf9, 0xff, 0xfc, 0xaf, 0xf1, 0x5f, 0xf7,
    0x6f, 0xff, 0xff, 0xf1, 0x5f, 0xf7, 0xb, 0xff,
    0xff, 0xf1, 0x5f, 0xf7, 0x1, 0xef, 0xff, 0xf1,
    0x5f, 0xf7, 0x0, 0x4f, 0xff, 0xf1, 0x5f, 0xf7,
    0x0, 0x9, 0xff, 0xf1, 0x0, 0x0, 0x0, 0x0,
    0x0, 0x0, 0x0, 0x0, 0x9e, 0xe6, 0x0, 0x0,
    0x0, 0x0, 0xaf, 0xf7, 0x0, 0x0, 0x0, 0x0,
    0x6, 0xf3, 0x0, 0x0, 0x0, 0x0, 0xb, 0x40,
    0x0, 0x0,

    /* U+0146 "ņ" */
    0x6f, 0xfb, 0x7d, 0xfd, 0x46, 0xff, 0xfc, 0xdf,
    0xfe, 0x6f, 0xfb, 0x2, 0xff, 0xf6, 0xff, 0xb0,
    0x2f, 0xff, 0x6f, 0xfb, 0x2, 0xff, 0xf6, 0xff,
    0xb0, 0x2f, 0xff, 0x6f, 0xfb, 0x2, 0xff, 0xf0,
    0x0, 0x0, 0x0, 0x0, 0x0, 0xa, 0xee, 0x50,
    0x0, 0x0, 0xcf, 0xf5, 0x0, 0x0, 0x0, 0x7f,
    0x20, 0x0, 0x0, 0x1b, 0x30, 0x0,

    /* U+0147 "Ň" */
    0x0, 0x4f, 0xe7, 0x9f, 0xe2, 0x0, 0x0, 0x3,
    0xde, 0xeb, 0x10, 0x0, 0x5f, 0xff, 0xd0, 0x0,
    0xaf, 0xf1, 0x5f, 0xff, 0xf9, 0x0, 0xaf, 0xf1,
    0x5f, 0xff, 0xff, 0x50, 0xaf, 0xf1, 0x5f, 0xff,
    0xff, 0xe1, 0xaf, 0xf1, 0x5f, 0xf9, 0xff, 0xfc,
    0xaf, 0xf1, 0x5f, 0xf7, 0x6f, 0xff, 0xff, 0xf1,
    0x5f, 0xf7, 0xb, 0xff, 0xff, 0xf1, 0x5f, 0xf7,
    0x1, 0xef, 0xff, 0xf1, 0x5f, 0xf7, 0x0, 0x4f,
    0xff, 0xf1, 0x5f, 0xf7, 0x0, 0x9, 0xff, 0xf1,

    /* U+0148 "ň" */
    0x3, 0xef, 0x7b, 0xfb, 0x0, 0x2, 0xdf, 0xfa,
    0x0, 0x0, 0x0, 0x0, 0x0, 0x6, 0xff, 0xb7,
    0xdf, 0xd4, 0x6f, 0xff, 0xcd, 0xff, 0xe6, 0xff,
    0xb0, 0x2f, 0xff, 0x6f, 0xfb, 0x2, 0xff, 0xf6,
    0xff, 0xb0, 0x2f, 0xff, 0x6f, 0xfb, 0x2, 0xff,
    0xf6, 0xff, 0xb0, 0x2f, 0xff,

    /* U+0149 "ŉ" */
    0x6f, 0xff, 0x0, 0x0, 0x0, 0x0, 0x0, 0x6f,
    0xff, 0x0, 0x0, 0x0, 0x0, 0x0, 0x39, 0xef,
    0x0, 0x0, 0x0, 0x0, 0x0, 0x2, 0xfa, 0x3f,
    0xfd, 0x6d, 0xfe, 0x60, 0xb, 0xd1, 0x3f, 0xff,
    0xdc, 0xff, 0xf1, 0x1, 0x10, 0x3f, 0xfe, 0x0,
    0xff, 0xf2, 0x0, 0x0, 0x3f, 0xfe, 0x0, 0xff,
    0xf2, 0x0, 0x0, 0x3f, 0xfe, 0x0, 0xff, 0xf2,
    0x0, 0x0, 0x3f, 0xfe, 0x0, 0xff, 0xf2, 0x0,
    0x0, 0x3f, 0xfe, 0x0, 0xff, 0xf2,

    /* U+014A "Ŋ" */
    0x5f, 0xff, 0xd0, 0x0, 0xaf, 0xf1, 0x5f, 0xff,
    0xf9, 0x0, 0xaf, 0xf1, 0x5f, 0xff, 0xff, 0x50,
    0xaf, 0xf1, 0x5f, 0xff, 0xff, 0xf2, 0xaf, 0xf1,
    0x5f, 0xf9, 0xff, 0xfc, 0xbf, 0xf1, 0x5f, 0xf7,
    0x6f, 0xff, 0xff, 0xf1, 0x5f, 0xf7, 0xa, 0xff,
    0xff, 0xf1, 0x5f, 0xf7, 0x0, 0xdf, 0xff, 0xf1,
    0x5f, 0xf7, 0x0, 0x2f, 0xff, 0xf1, 0x5f, 0xf7,
    0x0, 0x6, 0xff, 0xf1, 0x0, 0x0, 0x0, 0x3,
    0xff, 0xf0, 0x0, 0x0, 0x0, 0x6f, 0xff, 0x90,
    0x0, 0x0, 0x0, 0x4f, 0xd8, 0x0,

    /* U+014B "ŋ" */
    0x6f, 0xfa, 0x7d, 0xfd, 0x36, 0xff, 0xfc, 0xdf,
    0xfd, 0x6f, 0xfb, 0x3, 0xff, 0xf6, 0xff, 0xb0,
    0x2f, 0xff, 0x6f, 0xfb, 0x2, 0xff, 0xf6, 0xff,
    0xb0, 0x2f, 0xff, 0x6f, 0xfb, 0x2, 0xff, 0xf0,
    0x0, 0x0, 0x4f, 0xfd, 0x0, 0x0, 0x8f, 0xff,
    0x70, 0x0, 0x7, 0xfd, 0x60,

    /* U+014C "Ō" */
    0x0, 0x2f, 0xff, 0xff, 0xf4, 0x0, 0x0, 0x18,
    0x88, 0x88, 0x82, 0x0, 0x0, 0x2a, 0xdf, 0xfe,
    0xa3, 0x0, 0x5, 0xff, 0xff, 0xff, 0xff, 0x70,
    0x2f, 0xff, 0xd2, 0x1b, 0xff, 0xf3, 0x7f, 0xff,
    0x50, 0x3, 0xff, 0xf9, 0xaf, 0xff, 0x20, 0x1,
    0xff, 0xfb, 0xaf, 0xff, 0x20, 0x1, 0xff, 0xfb,
    0x7f, 0xff, 0x50, 0x4, 0xff, 0xf8, 0x2f, 0xff,
    0xd3, 0x2d, 0xff, 0xf2, 0x5, 0xff, 0xff, 0xff,
    0xff, 0x60, 0x0, 0x2a, 0xef, 0xfe, 0xa3, 0x0,

    /* U+014D "ō" */
    0x4, 0xff, 0xff, 0xff, 0x20, 0x2, 0x88, 0x88,
    0x88, 0x10, 0x0, 0x0, 0x0, 0x0, 0x0, 0x2,
    0x9e, 0xff, 0xd8, 0x10, 0x2e, 0xff, 0xcc, 0xff,
    0xe1, 0x9f, 0xfd, 0x0, 0xef, 0xf7, 0xbf, 0xfa,
    0x0, 0xcf, 0xf9, 0x9f, 0xfd, 0x0, 0xef, 0xf7,
    0x2e, 0xff, 0xcd, 0xff, 0xd0, 0x1, 0x9e, 0xff,
    0xd8, 0x10,

    /* U+0150 "Ő" */
    0x0, 0x0, 0xc, 0xff, 0xfd, 0x30, 0x0, 0x0,
    0x9e, 0xee, 0xa0, 0x0, 0x0, 0x2a, 0xdf, 0xfe,
    0xa3, 0x0, 0x5, 0xff, 0xff, 0xff, 0xff, 0x70,
    0x2f, 0xff, 0xd2, 0x1b, 0xff, 0xf3, 0x7f, 0xff,
    0x50, 0x3, 0xff, 0xf9, 0xaf, 0xff, 0x20, 0x1,
    0xff, 0xfb, 0xaf, 0xff, 0x20, 0x1, 0xff, 0xfb,
    0x7f, 0xff, 0x50, 0x4, 0xff, 0xf8, 0x2f, 0xff,
    0xd3, 0x2d, 0xff, 0xf2, 0x5, 0xff, 0xff, 0xff,
    0xff, 0x60, 0x0, 0x2a, 0xef, 0xfe, 0xa3, 0x0,

    /* U+0151 "ő" */
    0x0, 0x1, 0xef, 0xff, 0xa0, 0x0, 0xb, 0xff,
    0xf8, 0x0, 0x0, 0x0, 0x0, 0x0, 0x0, 0x2,
    0x9e, 0xff, 0xd8, 0x10, 0x2e, 0xff, 0xcc, 0xff,
    0xe1, 0x9f, 0xfd, 0x0, 0xef, 0xf7, 0xbf, 0xfa,
    0x0, 0xcf, 0xf9, 0x9f, 0xfd, 0x0, 0xef, 0xf7,
    0x2e, 0xff, 0xcd, 0xff, 0xd0, 0x1, 0x9e, 0xff,
    0xd8, 0x10,

    /* U+0152 "Œ" */
    0x0, 0x29, 0xdf, 0xff, 0xff, 0xff, 0xff, 0xff,
    0xc0, 0x5f, 0xff, 0xff, 0xff, 0xff, 0xff, 0xff,
    0xfc, 0x1f, 0xff, 0xe6, 0x24, 0xff, 0xf6, 0x22,
    0x22, 0x17, 0xff, 0xf6, 0x0, 0x2f, 0xff, 0x40,
    0x0, 0x0, 0x9f, 0xff, 0x20, 0x2, 0xff, 0xff,
    0xff, 0xfb, 0x9, 0xff, 0xf2, 0x0, 0x2f, 0xff,
    0xff, 0xff, 0xb0, 0x7f, 0xff, 0x60, 0x2, 0xff,
    0xf4, 0x0, 0x0, 0x1, 0xff, 0xfe, 0x62, 0x4f,
    0xff, 0x62, 0x22, 0x21, 0x5, 0xff, 0xff, 0xff,
    0xff, 0xff, 0xff, 0xff, 0xc0, 0x2, 0x9d, 0xff,
    0xff, 0xff, 0xff, 0xff, 0xfc,

    /* U+0153 "œ" */
    0x1, 0x9d, 0xff, 0xc7, 0x8d, 0xff, 0xc4, 0x0,
    0x2e, 0xff, 0xcc, 0xff, 0xff, 0xbd, 0xff, 0x50,
    0x9f, 0xfd, 0x0, 0xef, 0xfc, 0x1, 0xff, 0xd0,
    0xbf, 0xfb, 0x0, 0xdf, 0xff, 0xff, 0xff, 0xf0,
    0x9f, 0xfd, 0x1, 0xff, 0xfc, 0x22, 0x56, 0x40,
    0x2e, 0xff, 0xee, 0xff, 0xff, 0xdd, 0xff, 0xb0,
    0x1, 0x9d, 0xff, 0xc7, 0x9d, 0xff, 0xd7, 0x0,

    /* U+0154 "Ŕ" */
    0x0, 0x0, 0x5, 0xff, 0xc2, 0x0, 0x0, 0x0,
    0x3e, 0xe9, 0x0, 0x0, 0x5f, 0xff, 0xff, 0xff,
    0xe9, 0x10, 0x5f, 0xff, 0xff, 0xff, 0xff, 0xc0,
    0x5f, 0xff, 0x10, 0x9, 0xff, 0xf2, 0x5f, 0xff,
    0x10, 0x9, 0xff, 0xf1, 0x5f, 0xff, 0xff, 0xff,
    0xff, 0x90, 0x5f, 0xff, 0xff, 0xff, 0xf7, 0x0,
    0x5f, 0xff, 0x10, 0xcf, 0xfc, 0x0, 0x5f, 0xff,
    0x10, 0x6f, 0xff, 0x40, 0x5f, 0xff, 0x10, 0xe,
    0xff, 0xc0, 0x5f, 0xff, 0x10, 0x8, 0xff, 0xf5,

    /* U+0155 "ŕ" */
    0x0, 0x9, 0xff, 0x90, 0x0, 0x4f, 0xf7, 0x0,
    0x0, 0x0, 0x0, 0x0, 0x6f, 0xfb, 0x2d, 0x50,
    0x6f, 0xfb, 0xef, 0x80, 0x6f, 0xff, 0xb7, 0x20,
    0x6f, 0xfb, 0x0, 0x0, 0x6f, 0xfb, 0x0, 0x0,
    0x6f, 0xfb, 0x0, 0x0, 0x6f, 0xfb, 0x0, 0x0,

    /* U+0156 "Ŗ" */
    0x5f, 0xff, 0xff, 0xff, 0xe8, 0x0, 0x5f, 0xff,
    0xff, 0xff, 0xff, 0xa0, 0x5f, 0xff, 0x10, 0xa,
    0xff, 0xf1, 0x5f, 0xff, 0x10, 0x6, 0xff, 0xf3,
    0x5f, 0xff, 0x10, 0xa, 0xff, 0xf0, 0x5f, 0xff,
    0xff, 0xff, 0xff, 0x60, 0x5f, 0xff, 0xff, 0xff,
    0xf7, 0x0, 0x5f, 0xff, 0x10, 0xbf, 0xfe, 0x10,
    0x5f, 0xff, 0x10, 0x2f, 0xff, 0x90, 0x5f, 0xff,
    0x10, 0x9, 0xff, 0xf4, 0x0, 0x0, 0x0, 0x0,
    0x0, 0x0, 0x0, 0x0, 0x7e, 0xe8, 0x0, 0x0,
    0x0, 0x0, 0x8f, 0xf9, 0x0, 0x0, 0x0, 0x0,
    0x3, 0xf5, 0x0, 0x0, 0x0, 0x0, 0xa, 0x60,
    0x0, 0x0,

    /* U+0157 "ŗ" */
    0x0, 0x0, 0x0, 0x6, 0xff, 0xb1, 0xc5, 0x6f,
    0xfb, 0xef, 0x86, 0xff, 0xfb, 0x72, 0x6f, 0xfb,
    0x0, 0x6, 0xff, 0xb0, 0x0, 0x6f, 0xfb, 0x0,
    0x6, 0xff, 0xb0, 0x0, 0x0, 0x0, 0x0, 0x5,
    0xee, 0x90, 0x0, 0x6f, 0xfb, 0x0, 0x0, 0x2f,
    0x70, 0x0, 0x9, 0x70, 0x0, 0x0,

    /* U+0158 "Ř" */
    0x0, 0x6f, 0xe7, 0xaf, 0xc1, 0x0, 0x0, 0x4,
    0xde, 0xea, 0x0, 0x0, 0x5f, 0xff, 0xff, 0xff,
    0xe9, 0x10, 0x5f, 0xff, 0xff, 0xff, 0xff, 0xc0,
    0x5f, 0xff, 0x10, 0x9, 0xff, 0xf2, 0x5f, 0xff,
    0x10, 0x9, 0xff, 0xf1, 0x5f, 0xff, 0xff, 0xff,
    0xff, 0x90, 0x5f, 0xff, 0xff, 0xff, 0xf7, 0x0,
    0x5f, 0xff, 0x10, 0xcf, 0xfc, 0x0, 0x5f, 0xff,
    0x10, 0x6f, 0xff, 0x40, 0x5f, 0xff, 0x10, 0xe,
    0xff, 0xc0, 0x5f, 0xff, 0x10, 0x8, 0xff, 0xf5,

    /* U+0159 "ř" */
    0x5f, 0xe7, 0xcf, 0x90, 0x4, 0xef, 0xf8, 0x0,
    0x0, 0x0, 0x0, 0x0, 0x6f, 0xfb, 0x2d, 0x50,
    0x6f, 0xfb, 0xef, 0x80, 0x6f, 0xff, 0xb7, 0x20,
    0x6f, 0xfb, 0x0, 0x0, 0x6f, 0xfb, 0x0, 0x0,
    0x6f, 0xfb, 0x0, 0x0, 0x6f, 0xfb, 0x0, 0x0,

    /* U+015A "Ś" */
    0x0, 0x0, 0xa, 0xff, 0x90, 0x0, 0x0, 0x7,
    0xee, 0x50, 0x0, 0x1, 0x9d, 0xff, 0xfd, 0x80,
    0x1, 0xef, 0xfc, 0xad, 0xff, 0xb0, 0x8f, 0xff,
    0x0, 0x7, 0x54, 0x9, 0xff, 0xfe, 0xb8, 0x51,
    0x0, 0x4f, 0xff, 0xff, 0xff, 0xf9, 0x0, 0x5d,
    0xff, 0xff, 0xff, 0xf6, 0x0, 0x1, 0x46, 0xaf,
    0xff, 0x91, 0x5a, 0xb1, 0x0, 0xff, 0xf8, 0x7f,
    0xff, 0xfd, 0xff, 0xfe, 0x10, 0x3a, 0xdf, 0xff,
    0xd8, 0x10,

    /* U+015B "ś" */
    0x0, 0x0, 0xdf, 0xf5, 0x0, 0x0, 0x9f, 0xe3,
    0x0, 0x0, 0x0, 0x0, 0x0, 0x0, 0x7d, 0xff,
    0xfc, 0x40, 0x6f, 0xf8, 0x28, 0xa8, 0x9, 0xff,
    0xea, 0x85, 0x10, 0x2d, 0xff, 0xff, 0xfe, 0x20,
    0x3, 0x68, 0xdf, 0xf7, 0x5b, 0xe8, 0x5b, 0xff,
    0x41, 0x9d, 0xff, 0xfc, 0x50,

    /* U+015C "Ŝ" */
    0x0, 0xa, 0xff, 0xf8, 0x0, 0x0, 0xa, 0xea,
    0x4b, 0xe9, 0x0, 0x1, 0x9d, 0xff, 0xfd, 0x80,
    0x1, 0xef, 0xfc, 0xad, 0xff, 0xb0, 0x8f, 0xff,
    0x0, 0x7, 0x54, 0x9, 0xff, 0xfe, 0xb8, 0x51,
    0x0, 0x4f, 0xff, 0xff, 0xff, 0xf9, 0x0, 0x5d,
    0xff, 0xff, 0xff, 0xf6, 0x0, 0x1, 0x46, 0xaf,
    0xff, 0x91, 0x5a, 0xb1, 0x0, 0xff, 0xf8, 0x7f,
    0xff, 0xfd, 0xff, 0xfe, 0x10, 0x3a, 0xdf, 0xff,
    0xd8, 0x10,

    /* U+015D "ŝ" */
    0x0, 0x8f, 0xff, 0x40, 0x0, 0x9f, 0xc6, 0xdf,
    0x50, 0x0, 0x0, 0x0, 0x0, 0x0, 0x7d, 0xff,
    0xfc, 0x40, 0x6f, 0xf8, 0x28, 0xa8, 0x9, 0xff,
    0xea, 0x85, 0x10, 0x2d, 0xff, 0xff, 0xfe, 0x20,
    0x3, 0x68, 0xdf, 0xf7, 0x5b, 0xe8, 0x5b, 0xff,
    0x41, 0x9d, 0xff, 0xfc, 0x50,

    /* U+015E "Ş" */
    0x1, 0x8d, 0xff, 0xfc, 0x70, 0x1, 0xef, 0xfc,
    0xad, 0xff, 0xa0, 0x7f, 0xff, 0x0, 0x17, 0x64,
    0x8, 0xff, 0xfe, 0xa8, 0x51, 0x0, 0x4f, 0xff,
    0xff, 0xff, 0xf8, 0x0, 0x6e, 0xff, 0xff, 0xff,
    0xf5, 0x0, 0x3, 0x69, 0xcf, 0xff, 0x90, 0x37,
    0x90, 0x0, 0xff, 0xf8, 0x8f, 0xff, 0xdb, 0xdf,
    0xff, 0x20, 0x6c, 0xef, 0xff, 0xfa, 0x20, 0x0,
    0x0, 0xcf, 0xb4, 0x0, 0x0, 0x0, 0x2, 0x1d,
    0xf0, 0x0, 0x0, 0x2, 0xde, 0xe7, 0x0, 0x0,

    /* U+015F "ş" */
    0x6, 0xcf, 0xfe, 0xb4, 0x5, 0xff, 0x83, 0x8a,
    0x80, 0x9f, 0xfe, 0x97, 0x40, 0x3, 0xff, 0xff,
    0xff, 0xd1, 0x1, 0x79, 0xcf, 0xff, 0x62, 0x7a,
    0x40, 0x9f, 0xf5, 0x4e, 0xff, 0xff, 0xf9, 0x0,
    0x3, 0xff, 0xa2, 0x0, 0x0, 0x5, 0x4f, 0xc0,
    0x0, 0x4, 0xde, 0xe6, 0x0,

    /* U+0160 "Š" */
    0x0, 0xaf, 0xc6, 0xcf, 0x90, 0x0, 0x0, 0x8e,
    0xee, 0x60, 0x0, 0x1, 0x9d, 0xff, 0xfd, 0x80,
    0x1, 0xef, 0xfc, 0xad, 0xff, 0xb0, 0x8f, 0xff,
    0x0, 0x7, 0x54, 0x9, 0xff, 0xfe, 0xb8, 0x51,
    0x0, 0x4f, 0xff, 0xff, 0xff, 0xf9, 0x0, 0x5d,
    0xff, 0xff, 0xff, 0xf6, 0x0, 0x1, 0x46, 0xaf,
    0xff, 0x91, 0x5a, 0xb1, 0x0, 0xff, 0xf8, 0x7f,
    0xff, 0xfd, 0xff, 0xfe, 0x10, 0x3a, 0xdf, 0xff,
    0xd8, 0x10,

    /* U+0161 "š" */
    0x9, 0xfc, 0x7e, 0xf5, 0x0, 0x8, 0xff, 0xe4,
    0x0, 0x0, 0x0, 0x0, 0x0, 0x0, 0x7d, 0xff,
    0xfc, 0x40, 0x6f, 0xf8, 0x28, 0xa8, 0x9, 0xff,
    0xea, 0x85, 0x10, 0x2d, 0xff, 0xff, 0xfe, 0x20,
    0x3, 0x68, 0xdf, 0xf7, 0x5b, 0xe8, 0x5b, 0xff,
    0x41, 0x9d, 0xff, 0xfc, 0x50,

    /* U+0162 "Ţ" */
    0xbf, 0xff, 0xff, 0xff, 0xff, 0x3b, 0xff, 0xff,
    0xff, 0xff, 0xf3, 0x24, 0x49, 0xff, 0xf4, 0x44,
    0x0, 0x0, 0x7f, 0xff, 0x0, 0x0, 0x0, 0x7,
    0xff, 0xf0, 0x0, 0x0, 0x0, 0x7f, 0xff, 0x0,
    0x0, 0x0, 0x7, 0xff, 0xf0, 0x0, 0x0, 0x0,
    0x7f, 0xff, 0x0, 0x0, 0x0, 0x7, 0xff, 0xf0,
    0x0, 0x0, 0x0, 0x7f, 0xff, 0x0, 0x0, 0x0,
    0x1, 0xff, 0x71, 0x0, 0x0, 0x0, 0x4, 0x4f,
    0xa0, 0x0, 0x0, 0x6, 0xee, 0xd4, 0x0, 0x0,

    /* U+0163 "ţ" */
    0x0, 0x0, 0x0, 0x0, 0x29, 0xab, 0x0, 0x5,
    0xff, 0xd0, 0xb, 0xff, 0xff, 0xfe, 0x7c, 0xff,
    0xfa, 0x90, 0x5f, 0xfd, 0x0, 0x5, 0xff, 0xd0,
    0x0, 0x4f, 0xff, 0x43, 0x1, 0xff, 0xff, 0xe0,
    0x4, 0xff, 0xfc, 0x0, 0x2f, 0xf8, 0x10, 0x0,
    0x45, 0xf9, 0x0, 0x7e, 0xfd, 0x30,

    /* U+0164 "Ť" */
    0x1, 0xcf, 0xa6, 0xdf, 0x70, 0x0, 0x0, 0xae,
    0xee, 0x40, 0x0, 0xbf, 0xff, 0xff, 0xff, 0xff,
    0x3b, 0xff, 0xff, 0xff, 0xff, 0xf3, 0x24, 0x49,
    0xff, 0xf4, 0x44, 0x0, 0x0, 0x7f, 0xff, 0x0,
    0x0, 0x0, 0x7, 0xff, 0xf0, 0x0, 0x0, 0x0,
    0x7f, 0xff, 0x0, 0x0, 0x0, 0x7, 0xff, 0xf0,
    0x0, 0x0, 0x0, 0x7f, 0xff, 0x0, 0x0, 0x0,
    0x7, 0xff, 0xf0, 0x0, 0x0, 0x0, 0x7f, 0xff,
    0x0, 0x0,

    /* U+0165 "ť" */
    0x0, 0x0, 0x6, 0xaa, 0x40, 0x0, 0x0, 0xaf,
    0xf6, 0x2, 0x9b, 0xb0, 0x9e, 0x10, 0x5f, 0xfd,
    0x5, 0x10, 0xbf, 0xff, 0xff, 0xe0, 0x7, 0xcf,
    0xff, 0xa9, 0x0, 0x5, 0xff, 0xd0, 0x0, 0x0,
    0x5f, 0xfd, 0x0, 0x0, 0x4, 0xff, 0xf4, 0x30,
    0x0, 0x1f, 0xff, 0xfe, 0x0, 0x0, 0x5d, 0xff,
    0xc0, 0x0,

    /* U+0166 "Ŧ" */
    0xbf, 0xff, 0xff, 0xff, 0xff, 0x3b, 0xff, 0xff,
    0xff, 0xff, 0xf3, 0x24, 0x4a, 0xff, 0xf4, 0x44,
    0x0, 0x0, 0x8f, 0xff, 0x0, 0x0, 0x9, 0xff,
    0xff, 0xff, 0xf1, 0x0, 0x9f, 0xff, 0xff, 0xff,
    0x10, 0x1, 0x39, 0xff, 0xf3, 0x30, 0x0, 0x0,
    0x8f, 0xff, 0x0, 0x0, 0x0, 0x8, 0xff, 0xf0,
    0x0, 0x0, 0x0, 0x8f, 0xff, 0x0, 0x0,

    /* U+0167 "ŧ" */
    0x0, 0x0, 0x0, 0x0, 0x29, 0xbc, 0x0, 0x5,
    0xff, 0xd0, 0xb, 0xff, 0xff, 0xfe, 0x7c, 0xff,
    0xea, 0x91, 0x6f, 0xfd, 0x20, 0xbf, 0xff, 0xff,
    0x63, 0x8f, 0xff, 0x84, 0x2, 0xff, 0xff, 0xe0,
    0x6, 0xdf, 0xfc,

    /* U+0168 "Ũ" */
    0x0, 0x0, 0x11, 0x11, 0x10, 0x0, 0x6, 0xff,
    0xff, 0xfe, 0x10, 0x0, 0x34, 0x44, 0x44, 0x10,
    0x6, 0xff, 0xf1, 0x0, 0x2f, 0xfd, 0x6f, 0xff,
    0x10, 0x2, 0xff, 0xd6, 0xff, 0xf1, 0x0, 0x2f,
    0xfd, 0x6f, 0xff, 0x10, 0x2, 0xff, 0xd6, 0xff,
    0xf1, 0x0, 0x2f, 0xfd, 0x6f, 0xff, 0x10, 0x2,
    0xff, 0xd6, 0xff, 0xf2, 0x0, 0x3f, 0xfd, 0x3f,
    0xff, 0xb3, 0x4c, 0xff, 0xa0, 0xaf, 0xff, 0xff,
    0xff, 0xe2, 0x0, 0x5b, 0xef, 0xfd, 0x91, 0x0,

    /* U+0169 "ũ" */
    0x2, 0xdf, 0xa2, 0x6e, 0x20, 0xaf, 0x8e, 0xff,
    0xe0, 0x4, 0x50, 0x6, 0x71, 0x7, 0xff, 0xa0,
    0x3f, 0xfe, 0x7f, 0xfa, 0x3, 0xff, 0xe7, 0xff,
    0xa0, 0x3f, 0xfe, 0x7f, 0xfa, 0x3, 0xff, 0xe7,
    0xff, 0xa0, 0x3f, 0xfe, 0x6f, 0xff, 0xbe, 0xff,
    0xe0, 0xaf, 0xfb, 0x5f, 0xfe,

    /* U+016A "Ū" */
    0x0, 0x7f, 0xff, 0xff, 0xf0, 0x0, 0x4, 0x88,
    0x88, 0x87, 0x0, 0x6f, 0xff, 0x10, 0x2, 0xff,
    0xd6, 0xff, 0xf1, 0x0, 0x2f, 0xfd, 0x6f, 0xff,
    0x10, 0x2, 0xff, 0xd6, 0xff, 0xf1, 0x0, 0x2f,
    0xfd, 0x6f, 0xff, 0x10, 0x2, 0xff, 0xd6, 0xff,
    0xf1, 0x0, 0x2f, 0xfd, 0x6f, 0xff, 0x20, 0x3,
    0xff, 0xd3, 0xff, 0xfb, 0x34, 0xcf, 0xfa, 0xa,
    0xff, 0xff, 0xff, 0xfe, 0x20, 0x5, 0xbe, 0xff,
    0xd9, 0x10,

    /* U+016B "ū" */
    0x7, 0xff, 0xff, 0xff, 0x0, 0x48, 0x88, 0x88,
    0x70, 0x0, 0x0, 0x0, 0x0, 0x7, 0xff, 0xa0,
    0x3f, 0xfe, 0x7f, 0xfa, 0x3, 0xff, 0xe7, 0xff,
    0xa0, 0x3f, 0xfe, 0x7f, 0xfa, 0x3, 0xff, 0xe7,
    0xff, 0xa0, 0x3f, 0xfe, 0x6f, 0xff, 0xbe, 0xff,
    0xe0, 0xaf, 0xfb, 0x5f, 0xfe,

    /* U+016C "Ŭ" */
    0x0, 0x8b, 0x61, 0x3b, 0xb1, 0x0, 0x2, 0xdf,
    0xff, 0xf7, 0x0, 0x0, 0x0, 0x24, 0x30, 0x0,
    0x6, 0xff, 0xf1, 0x0, 0x2f, 0xfd, 0x6f, 0xff,
    0x10, 0x2, 0xff, 0xd6, 0xff, 0xf1, 0x0, 0x2f,
    0xfd, 0x6f, 0xff, 0x10, 0x2, 0xff, 0xd6, 0xff,
    0xf1, 0x0, 0x2f, 0xfd, 0x6f, 0xff, 0x10, 0x2,
    0xff, 0xd6, 0xff, 0xf2, 0x0, 0x3f, 0xfd, 0x3f,
    0xff, 0xb3, 0x4c, 0xff, 0xa0, 0xaf, 0xff, 0xff,
    0xff, 0xe2, 0x0, 0x5b, 0xef, 0xfd, 0x91, 0x0,

    /* U+016D "ŭ" */
    0x9, 0xfa, 0x24, 0xff, 0x0, 0x1c, 0xff, 0xff,
    0x50, 0x0, 0x2, 0x43, 0x0, 0x7, 0xff, 0xa0,
    0x3f, 0xfe, 0x7f, 0xfa, 0x3, 0xff, 0xe7, 0xff,
    0xa0, 0x3f, 0xfe, 0x7f, 0xfa, 0x3, 0xff, 0xe7,
    0xff, 0xa0, 0x3f, 0xfe, 0x6f, 0xff, 0xbe, 0xff,
    0xe0, 0xaf, 0xfb, 0x5f, 0xfe,

    /* U+016E "Ů" */
    0x0, 0x6, 0xde, 0xea, 0x10, 0x0, 0x0, 0xff,
    0x8, 0xf7, 0x0, 0x0, 0x6, 0xde, 0xea, 0x10,
    0x6, 0xff, 0xf1, 0x0, 0x2f, 0xfd, 0x6f, 0xff,
    0x10, 0x2, 0xff, 0xd6, 0xff, 0xf1, 0x0, 0x2f,
    0xfd, 0x6f, 0xff, 0x10, 0x2, 0xff, 0xd6, 0xff,
    0xf1, 0x0, 0x2f, 0xfd, 0x6f, 0xff, 0x10, 0x2,
    0xff, 0xd6, 0xff, 0xf2, 0x0, 0x3f, 0xfd, 0x3f,
    0xff, 0xb3, 0x4c, 0xff, 0xa0, 0xaf, 0xff, 0xff,
    0xff, 0xe2, 0x0, 0x5b, 0xef, 0xfd, 0x91, 0x0,

    /* U+016F "ů" */
    0x0, 0x3c, 0xfe, 0x80, 0x0, 0xd, 0xf1, 0x9f,
    0x40, 0x0, 0xdf, 0x19, 0xf4, 0x0, 0x3, 0xce,
    0xe7, 0x0, 0x7f, 0xfa, 0x3, 0xff, 0xe7, 0xff,
    0xa0, 0x3f, 0xfe, 0x7f, 0xfa, 0x3, 0xff, 0xe7,
    0xff, 0xa0, 0x3f, 0xfe, 0x7f, 0xfa, 0x3, 0xff,
    0xe6, 0xff, 0xfb, 0xef, 0xfe, 0xa, 0xff, 0xb5,
    0xff, 0xe0,

    /* U+0170 "Ű" */
    0x0, 0x0, 0x3f, 0xff, 0xfa, 0x0, 0x0, 0x1c,
    0xee, 0xe6, 0x0, 0x6f, 0xff, 0x10, 0x2, 0xff,
    0xd6, 0xff, 0xf1, 0x0, 0x2f, 0xfd, 0x6f, 0xff,
    0x10, 0x2, 0xff, 0xd6, 0xff, 0xf1, 0x0, 0x2f,
    0xfd, 0x6f, 0xff, 0x10, 0x2, 0xff, 0xd6, 0xff,
    0xf1, 0x0, 0x2f, 0xfd, 0x6f, 0xff, 0x20, 0x3,
    0xff, 0xd3, 0xff, 0xfb, 0x34, 0xcf, 0xfa, 0xa,
    0xff, 0xff, 0xff, 0xfe, 0x20, 0x5, 0xbe, 0xff,
    0xd9, 0x10,

    /* U+0171 "ű" */
    0x0, 0x4, 0xff, 0xff, 0x70, 0x0, 0x1d, 0xff,
    0xe5, 0x0, 0x0, 0x0, 0x0, 0x0, 0x0, 0x7f,
    0xfa, 0x3, 0xff, 0xe0, 0x7f, 0xfa, 0x3, 0xff,
    0xe0, 0x7f, 0xfa, 0x3, 0xff, 0xe0, 0x7f, 0xfa,
    0x3, 0xff, 0xe0, 0x7f, 0xfa, 0x3, 0xff, 0xe0,
    0x6f, 0xff, 0xbe, 0xff, 0xe0, 0xa, 0xff, 0xb5,
    0xff, 0xe0,

    /* U+0172 "Ų" */
    0x6f, 0xff, 0x10, 0x2, 0xff, 0xd6, 0xff, 0xf1,
    0x0, 0x2f, 0xfd, 0x6f, 0xff, 0x10, 0x2, 0xff,
    0xd6, 0xff, 0xf1, 0x0, 0x2f, 0xfd, 0x6f, 0xff,
    0x10, 0x2, 0xff, 0xd6, 0xff, 0xf1, 0x0, 0x2f,
    0xfd, 0x6f, 0xff, 0x20, 0x3, 0xff, 0xd3, 0xff,
    0xfb, 0x34, 0xcf, 0xfa, 0x9, 0xff, 0xff, 0xff,
    0xff, 0x30, 0x5, 0xbe, 0xff, 0xfe, 0x40, 0x0,
    0x0, 0x3, 0xfe, 0x20, 0x0, 0x0, 0x0, 0x8f,
    0xa5, 0x50, 0x0, 0x0, 0x2, 0xcf, 0xe8, 0x0,

    /* U+0173 "ų" */
    0x7f, 0xfa, 0x3, 0xff, 0xe0, 0x7f, 0xfa, 0x3,
    0xff, 0xe0, 0x7f, 0xfa, 0x3, 0xff, 0xe0, 0x7f,
    0xfa, 0x3, 0xff, 0xe0, 0x7f, 0xfb, 0x4, 0xff,
    0xe0, 0x5f, 0xff, 0xdf, 0xff, 0xe0, 0xa, 0xfe,
    0xa5, 0xff, 0xd0, 0x0, 0x0, 0x2f, 0xf5, 0x0,
    0x0, 0x0, 0x5f, 0xc3, 0x60, 0x0, 0x0, 0xb,
    0xff, 0xa0,

    /* U+0174 "Ŵ" */
    0x0, 0x0, 0x0, 0x8, 0xff, 0xfa, 0x0, 0x0,
    0x0, 0x0, 0x0, 0x0, 0x9, 0xeb, 0x4a, 0xea,
    0x0, 0x0, 0x0, 0xe, 0xff, 0xb0, 0x0, 0xbf,
    0xf6, 0x0, 0xf, 0xff, 0x10, 0x9f, 0xff, 0x0,
    0xf, 0xff, 0xc0, 0x4, 0xff, 0xb0, 0x4, 0xff,
    0xf4, 0x5, 0xff, 0xff, 0x10, 0x8f, 0xf6, 0x0,
    0xe, 0xff, 0x80, 0xaf, 0xff, 0xf6, 0xc, 0xff,
    0x10, 0x0, 0xaf, 0xfc, 0xf, 0xff, 0xff, 0xb1,
    0xff, 0xc0, 0x0, 0x4, 0xff, 0xf6, 0xff, 0x6f,
    0xff, 0x6f, 0xf7, 0x0, 0x0, 0xf, 0xff, 0xef,
    0xc0, 0xff, 0xfe, 0xff, 0x20, 0x0, 0x0, 0xaf,
    0xff, 0xf8, 0xa, 0xff, 0xff, 0xd0, 0x0, 0x0,
    0x5, 0xff, 0xff, 0x30, 0x5f, 0xff, 0xf7, 0x0,
    0x0, 0x0, 0xf, 0xff, 0xe0, 0x0, 0xff, 0xff,
    0x20, 0x0,

    /* U+0175 "ŵ" */
    0x0, 0x0, 0x3, 0xef, 0xfa, 0x0, 0x0, 0x0,
    0x0, 0x4, 0xee, 0x6b, 0xfa, 0x0, 0x0, 0x0,
    0x0, 0x0, 0x0, 0x0, 0x0, 0x0, 0x0, 0xdf,
    0xf6, 0x5, 0xff, 0x50, 0x5f, 0xf5, 0x8, 0xff,
    0xa0, 0xaf, 0xfb, 0xa, 0xfe, 0x0, 0x2f, 0xff,
    0x1f, 0xff, 0xf1, 0xef, 0x90, 0x0, 0xcf, 0xf9,
    0xfd, 0xff, 0x9f, 0xf3, 0x0, 0x6, 0xff, 0xff,
    0x4f, 0xff, 0xfd, 0x0, 0x0, 0x1f, 0xff, 0xe0,
    0xaf, 0xff, 0x70, 0x0, 0x0, 0xaf, 0xfa, 0x4,
    0xff, 0xf1, 0x0,

    /* U+0176 "Ŷ" */
    0x0, 0x0, 0x8f, 0xff, 0xa0, 0x0, 0x0, 0x9,
    0xeb, 0x4a, 0xea, 0x0, 0xe, 0xff, 0xe0, 0x0,
    0xaf, 0xf9, 0x5, 0xff, 0xf6, 0x2, 0xff, 0xe1,
    0x0, 0xcf, 0xfe, 0xa, 0xff, 0x60, 0x0, 0x3f,
    0xff, 0x9f, 0xfd, 0x0, 0x0, 0x9, 0xff, 0xff,
    0xf4, 0x0, 0x0, 0x1, 0xff, 0xff, 0xa0, 0x0,
    0x0, 0x0, 0x8f, 0xff, 0x20, 0x0, 0x0, 0x0,
    0x6f, 0xff, 0x10, 0x0, 0x0, 0x0, 0x6f, 0xff,
    0x10, 0x0, 0x0, 0x0, 0x6f, 0xff, 0x10, 0x0,

    /* U+0177 "ŷ" */
    0x0, 0x6, 0xff, 0xf6, 0x0, 0x0, 0x7f, 0xd6,
    0xdf, 0x70, 0x0, 0x0, 0x0, 0x0, 0x0, 0xd,
    0xff, 0x70, 0x2f, 0xf9, 0x7, 0xff, 0xb0, 0x7f,
    0xf3, 0x1, 0xff, 0xf1, 0xbf, 0xd0, 0x0, 0xaf,
    0xf6, 0xff, 0x60, 0x0, 0x4f, 0xfe, 0xff, 0x10,
    0x0, 0xd, 0xff, 0xfa, 0x0, 0x0, 0x7, 0xff,
    0xf3, 0x0, 0x0, 0x38, 0xff, 0xc0, 0x0, 0x0,
    0xff, 0xff, 0x30, 0x0, 0x0, 0xde, 0xb3, 0x0,
    0x0,

    /* U+0178 "Ÿ" */
    0x0, 0xb, 0xff, 0xe, 0xfd, 0x0, 0x0, 0x9,
    0xcc, 0xb, 0xca, 0x0, 0xe, 0xff, 0xe0, 0x0,
    0xaf, 0xf9, 0x5, 0xff, 0xf6, 0x2, 0xff, 0xe1,
    0x0, 0xcf, 0xfe, 0xa, 0xff, 0x60, 0x0, 0x3f,
    0xff, 0x9f, 0xfd, 0x0, 0x0, 0x9, 0xff, 0xff,
    0xf4, 0x0, 0x0, 0x1, 0xff, 0xff, 0xa0, 0x0,
    0x0, 0x0, 0x8f, 0xff, 0x20, 0x0, 0x0, 0x0,
    0x6f, 0xff, 0x10, 0x0, 0x0, 0x0, 0x6f, 0xff,
    0x10, 0x0, 0x0, 0x0, 0x6f, 0xff, 0x10, 0x0,

    /* U+0179 "Ź" */
    0x0, 0x0, 0xa, 0xff, 0x90, 0x0, 0x0, 0x8,
    0xee, 0x50, 0x0, 0x4f, 0xff, 0xff, 0xff, 0xff,
    0x34, 0xff, 0xff, 0xff, 0xff, 0xf3, 0x2, 0x22,
    0x28, 0xff, 0xfc, 0x0, 0x0, 0x6, 0xff, 0xfd,
    0x10, 0x0, 0x5, 0xff, 0xfd, 0x10, 0x0, 0x5,
    0xff, 0xfe, 0x10, 0x0, 0x4, 0xff, 0xfe, 0x20,
    0x0, 0x4, 0xff, 0xff, 0x42, 0x22, 0x20, 0x9f,
    0xff, 0xff, 0xff, 0xff, 0x69, 0xff, 0xff, 0xff,
    0xff, 0xf6,

    /* U+017A "ź" */
    0x0, 0x2, 0xff, 0xe3, 0x0, 0xc, 0xfc, 0x10,
    0x0, 0x0, 0x0, 0x0, 0x6f, 0xff, 0xff, 0xfc,
    0x4c, 0xcc, 0xff, 0xfb, 0x0, 0xb, 0xff, 0xd1,
    0x0, 0xcf, 0xfd, 0x10, 0x1c, 0xff, 0xc1, 0x0,
    0xaf, 0xff, 0xdc, 0xcb, 0xaf, 0xff, 0xff, 0xfe,

    /* U+017B "Ż" */
    0x0, 0x5, 0xff, 0xf2, 0x0, 0x0, 0x0, 0x4c,
    0xcc, 0x10, 0x0, 0x4f, 0xff, 0xff, 0xff, 0xff,
    0x34, 0xff, 0xff, 0xff, 0xff, 0xf3, 0x2, 0x22,
    0x28, 0xff, 0xfc, 0x0, 0x0, 0x6, 0xff, 0xfd,
    0x10, 0x0, 0x5, 0xff, 0xfd, 0x10, 0x0, 0x5,
    0xff, 0xfe, 0x10, 0x0, 0x4, 0xff, 0xfe, 0x20,
    0x0, 0x4, 0xff, 0xff, 0x42, 0x22, 0x20, 0x9f,
    0xff, 0xff, 0xff, 0xff, 0x69, 0xff, 0xff, 0xff,
    0xff, 0xf6,

    /* U+017C "ż" */
    0x0, 0x6f, 0xfb, 0x0, 0x0, 0x5e, 0xe9, 0x0,
    0x0, 0x0, 0x0, 0x0, 0x6f, 0xff, 0xff, 0xfc,
    0x4c, 0xcc, 0xff, 0xfb, 0x0, 0xb, 0xff, 0xd1,
    0x0, 0xcf, 0xfd, 0x10, 0x1c, 0xff, 0xc1, 0x0,
    0xaf, 0xff, 0xdc, 0xcb, 0xaf, 0xff, 0xff, 0xfe,

    /* U+017D "Ž" */
    0x0, 0xbf, 0xb6, 0xdf, 0x80, 0x0, 0x0, 0x8e,
    0xee, 0x60, 0x0, 0x4f, 0xff, 0xff, 0xff, 0xff,
    0x34, 0xff, 0xff, 0xff, 0xff, 0xf3, 0x2, 0x22,
    0x28, 0xff, 0xfc, 0x0, 0x0, 0x6, 0xff, 0xfd,
    0x10, 0x0, 0x5, 0xff, 0xfd, 0x10, 0x0, 0x5,
    0xff, 0xfe, 0x10, 0x0, 0x4, 0xff, 0xfe, 0x20,
    0x0, 0x4, 0xff, 0xff, 0x42, 0x22, 0x20, 0x9f,
    0xff, 0xff, 0xff, 0xff, 0x69, 0xff, 0xff, 0xff,
    0xff, 0xf6,

    /* U+017E "ž" */
    0xb, 0xfa, 0x8f, 0xe2, 0x0, 0xaf, 0xfd, 0x20,
    0x0, 0x0, 0x0, 0x0, 0x6f, 0xff, 0xff, 0xfc,
    0x4c, 0xcc, 0xff, 0xfb, 0x0, 0xb, 0xff, 0xd1,
    0x0, 0xcf, 0xfd, 0x10, 0x1c, 0xff, 0xc1, 0x0,
    0xaf, 0xff, 0xdc, 0xcb, 0xaf, 0xff, 0xff, 0xfe,

    /* U+018F "Ə" */
    0x0, 0x5b, 0xef, 0xec, 0x60, 0x0, 0x8, 0xff,
    0xff, 0xff, 0xfc, 0x0, 0x1c, 0xfe, 0x20, 0x8f,
    0xff, 0x80, 0x0, 0x1, 0x0, 0xf, 0xff, 0xe0,
    0x7b, 0xbb, 0xbb, 0xbf, 0xff, 0xf0, 0x9f, 0xff,
    0xff, 0xff, 0xff, 0xf0, 0x7f, 0xf9, 0x0, 0xf,
    0xff, 0xd0, 0x2f, 0xff, 0x30, 0x8f, 0xff, 0x60,
    0x8, 0xff, 0xff, 0xff, 0xfa, 0x0, 0x0, 0x5b,
    0xef, 0xeb, 0x50, 0x0,

    /* U+0192 "ƒ" */
    0x0, 0x0, 0x0, 0x8d, 0xfe, 0xb0, 0x0, 0x0,
    0x9f, 0xff, 0xfe, 0x0, 0x0, 0x2f, 0xff, 0x71,
    0x20, 0x1, 0x19, 0xff, 0xe1, 0x0, 0x6, 0xff,
    0xff, 0xff, 0xfa, 0x0, 0x6f, 0xff, 0xff, 0xff,
    0xa0, 0x0, 0x9, 0xff, 0xd0, 0x0, 0x2, 0x15,
    0xff, 0xf7, 0x0, 0x0, 0xbf, 0xff, 0xfd, 0x0,
    0x0, 0x8, 0xef, 0xe9, 0x10, 0x0, 0x0,

    /* U+01B5 "Ƶ" */
    0x4f, 0xff, 0xff, 0xff, 0xff, 0x44, 0xff, 0xff,
    0xff, 0xff, 0xf4, 0x2, 0x22, 0x26, 0xff, 0xfd,
    0x0, 0x0, 0x1, 0xef, 0xfe, 0x20, 0xf, 0xff,
    0xff, 0xff, 0xff, 0x10, 0xff, 0xff, 0xff, 0xff,
    0xf1, 0x3, 0xef, 0xfe, 0x31, 0x11, 0x2, 0xef,
    0xff, 0x42, 0x22, 0x20, 0x9f, 0xff, 0xff, 0xff,
    0xff, 0x69, 0xff, 0xff, 0xff, 0xff, 0xf6,

    /* U+01B6 "ƶ" */
    0x6f, 0xff, 0xff, 0xfc, 0x4c, 0xcc, 0xff, 0xfb,
    0x0, 0x5, 0xff, 0xf2, 0x4f, 0xff, 0xff, 0xfb,
    0x2d, 0xff, 0xd8, 0x85, 0x8f, 0xff, 0xcc, 0xcb,
    0xaf, 0xff, 0xff, 0xff,

    /* U+01CD "Ǎ" */
    0x0, 0x8, 0xfd, 0x6b, 0xfb, 0x0, 0x0, 0x0,
    0x6, 0xee, 0xe8, 0x0, 0x0, 0x0, 0x0, 0xbf,
    0xff, 0xe0, 0x0, 0x0, 0x0, 0x1f, 0xff, 0xff,
    0x40, 0x0, 0x0, 0x7, 0xff, 0xff, 0xfa, 0x0,
    0x0, 0x0, 0xcf, 0xf7, 0xff, 0xf0, 0x0, 0x0,
    0x2f, 0xfb, 0x1f, 0xff, 0x50, 0x0, 0x8, 0xff,
    0x60, 0xcf, 0xfb, 0x0, 0x0, 0xdf, 0xfe, 0xdf,
    0xff, 0xf1, 0x0, 0x3f, 0xff, 0xff, 0xff, 0xff,
    0x60, 0x9, 0xff, 0x60, 0x0, 0xdf, 0xfc, 0x0,
    0xef, 0xf1, 0x0, 0x8, 0xff, 0xf2,

    /* U+01CE "ǎ" */
    0x1, 0xdf, 0x99, 0xfd, 0x10, 0x0, 0x1c, 0xff,
    0xc1, 0x0, 0x0, 0x0, 0x0, 0x0, 0x0, 0x1,
    0x9e, 0xff, 0xe9, 0x0, 0xc, 0xff, 0xad, 0xff,
    0x80, 0x0, 0x23, 0x5, 0xff, 0xc0, 0x1a, 0xef,
    0xff, 0xff, 0xc0, 0x9f, 0xfa, 0x5, 0xff, 0xc0,
    0xaf, 0xfd, 0x8d, 0xff, 0xc0, 0x2c, 0xff, 0xb6,
    0xff, 0xd0,

    /* U+01CF "Ǐ" */
    0xb, 0xfb, 0x6d, 0xf8, 0x0, 0x9, 0xee, 0xe6,
    0x0, 0x0, 0x5f, 0xff, 0x20, 0x0, 0x5, 0xff,
    0xf2, 0x0, 0x0, 0x5f, 0xff, 0x20, 0x0, 0x5,
    0xff, 0xf2, 0x0, 0x0, 0x5f, 0xff, 0x20, 0x0,
    0x5, 0xff, 0xf2, 0x0, 0x0, 0x5f, 0xff, 0x20,
    0x0, 0x5, 0xff, 0xf2, 0x0, 0x0, 0x5f, 0xff,
    0x20, 0x0, 0x5, 0xff, 0xf2, 0x0,

    /* U+01D0 "ǐ" */
    0xb, 0xfa, 0x8f, 0xe3, 0x0, 0xaf, 0xfd, 0x20,
    0x0, 0x0, 0x0, 0x0, 0x0, 0x6f, 0xfb, 0x0,
    0x0, 0x6f, 0xfb, 0x0, 0x0, 0x6f, 0xfb, 0x0,
    0x0, 0x6f, 0xfb, 0x0, 0x0, 0x6f, 0xfb, 0x0,
    0x0, 0x6f, 0xfb, 0x0, 0x0, 0x6f, 0xfb, 0x0,

    /* U+01D1 "Ǒ" */
    0x0, 0x3e, 0xf8, 0x8f, 0xe4, 0x0, 0x0, 0x1,
    0xce, 0xec, 0x20, 0x0, 0x0, 0x2a, 0xdf, 0xfe,
    0xa3, 0x0, 0x5, 0xff, 0xff, 0xff, 0xff, 0x70,
    0x2f, 0xff, 0xd2, 0x1b, 0xff, 0xf3, 0x7f, 0xff,
    0x50, 0x3, 0xff, 0xf9, 0xaf, 0xff, 0x20, 0x1,
    0xff, 0xfb, 0xaf, 0xff, 0x20, 0x1, 0xff, 0xfb,
    0x7f, 0xff, 0x50, 0x4, 0xff, 0xf8, 0x2f, 0xff,
    0xd3, 0x2d, 0xff, 0xf2, 0x5, 0xff, 0xff, 0xff,
    0xff, 0x60, 0x0, 0x2a, 0xef, 0xfe, 0xa3, 0x0,

    /* U+01D2 "ǒ" */
    0x2, 0xdf, 0x8a, 0xfc, 0x10, 0x0, 0x1c, 0xff,
    0xb0, 0x0, 0x0, 0x0, 0x0, 0x0, 0x0, 0x2,
    0x9e, 0xff, 0xd8, 0x10, 0x2e, 0xff, 0xcc, 0xff,
    0xe1, 0x9f, 0xfd, 0x0, 0xef, 0xf7, 0xbf, 0xfa,
    0x0, 0xcf, 0xf9, 0x9f, 0xfd, 0x0, 0xef, 0xf7,
    0x2e, 0xff, 0xcd, 0xff, 0xd0, 0x1, 0x9e, 0xff,
    0xd8, 0x10,

    /* U+01D3 "Ǔ" */
    0x0, 0x6f, 0xd6, 0xaf, 0xc1, 0x0, 0x0, 0x4d,
    0xee, 0xa0, 0x0, 0x6f, 0xff, 0x10, 0x2, 0xff,
    0xd6, 0xff, 0xf1, 0x0, 0x2f, 0xfd, 0x6f, 0xff,
    0x10, 0x2, 0xff, 0xd6, 0xff, 0xf1, 0x0, 0x2f,
    0xfd, 0x6f, 0xff, 0x10, 0x2, 0xff, 0xd6, 0xff,
    0xf1, 0x0, 0x2f, 0xfd, 0x6f, 0xff, 0x20, 0x3,
    0xff, 0xd3, 0xff, 0xfb, 0x34, 0xcf, 0xfa, 0xa,
    0xff, 0xff, 0xff, 0xfe, 0x20, 0x5, 0xbe, 0xff,
    0xd9, 0x10,

    /* U+01D4 "ǔ" */
    0x4, 0xff, 0x7b, 0xfa, 0x0, 0x3, 0xef, 0xf9,
    0x0, 0x0, 0x0, 0x0, 0x0, 0x7, 0xff, 0xa0,
    0x3f, 0xfe, 0x7f, 0xfa, 0x3, 0xff, 0xe7, 0xff,
    0xa0, 0x3f, 0xfe, 0x7f, 0xfa, 0x3, 0xff, 0xe7,
    0xff, 0xa0, 0x3f, 0xfe, 0x6f, 0xff, 0xbe, 0xff,
    0xe0, 0xaf, 0xfb, 0x5f, 0xfe,

    /* U+01E6 "Ǧ" */
    0x0, 0x6f, 0xe7, 0xaf, 0xd1, 0x0, 0x0, 0x4,
    0xde, 0xea, 0x0, 0x0, 0x0, 0x29, 0xdf, 0xfe,
    0xa2, 0x0, 0x5, 0xff, 0xff, 0xff, 0xff, 0x20,
    0x1f, 0xff, 0xd1, 0xb, 0xff, 0xa0, 0x7f, 0xff,
    0x60, 0x2, 0x65, 0x30, 0x9f, 0xff, 0x30, 0x0,
    0x0, 0x0, 0xaf, 0xff, 0x31, 0xff, 0xff, 0xf3,
    0x8f, 0xff, 0x61, 0xff, 0xff, 0xf3, 0x4f, 0xff,
    0xd2, 0x4, 0xff, 0xf3, 0xa, 0xff, 0xff, 0xff,
    0xff, 0xf3, 0x0, 0x7d, 0xff, 0xc5, 0xef, 0xf3,

    /* U+01E7 "ǧ" */
    0x0, 0xbf, 0xb7, 0xfe, 0x30, 0x0, 0x0, 0xaf,
    0xfd, 0x20, 0x73, 0x0, 0x0, 0x0, 0x0, 0x4f,
    0x60, 0x6, 0xcf, 0xff, 0xcd, 0xd6, 0x7, 0xff,
    0xa0, 0xdf, 0xf4, 0x0, 0xbf, 0xf7, 0xb, 0xff,
    0x70, 0x7, 0xff, 0xa1, 0xef, 0xf3, 0x0, 0x9,
    0xff, 0xfe, 0xb4, 0x0, 0x2, 0xfc, 0x33, 0x33,
    0x10, 0x0, 0x5f, 0xff, 0xff, 0xff, 0xc1, 0x1,
    0xef, 0xff, 0xff, 0xff, 0x70, 0xef, 0x71, 0x11,
    0x5f, 0xf4, 0x8, 0xdf, 0xff, 0xfe, 0xb5, 0x0,

    /* U+01FA "Ǻ" */
    0x0, 0x0, 0x0, 0x8f, 0xf9, 0x0, 0x0, 0x0,
    0x8, 0xe9, 0xee, 0x10, 0x0, 0x0, 0x2, 0xfd,
    0xb, 0xf5, 0x0, 0x0, 0x0, 0x7, 0xde, 0xd8,
    0x0, 0x0, 0x0, 0x0, 0xbf, 0xff, 0xe0, 0x0,
    0x0, 0x0, 0x1f, 0xff, 0xff, 0x40, 0x0, 0x0,
    0x7, 0xff, 0xff, 0xfa, 0x0, 0x0, 0x0, 0xcf,
    0xf7, 0xff, 0xf0, 0x0, 0x0, 0x2f, 0xfb, 0x1f,
    0xff, 0x50, 0x0, 0x8, 0xff, 0x60, 0xcf, 0xfb,
    0x0, 0x0, 0xdf, 0xfe, 0xdf, 0xff, 0xf1, 0x0,
    0x3f, 0xff, 0xff, 0xff, 0xff, 0x60, 0x9, 0xff,
    0x60, 0x0, 0xdf, 0xfc, 0x0, 0xef, 0xf1, 0x0,
    0x8, 0xff, 0xf2,

    /* U+01FB "ǻ" */
    0x0, 0x0, 0x3f, 0xfc, 0x10, 0x0, 0x7, 0xdf,
    0xf2, 0x0, 0x0, 0x7f, 0x55, 0xf8, 0x0, 0x0,
    0x9f, 0x55, 0xf8, 0x0, 0x0, 0x1a, 0xee, 0x90,
    0x0, 0x1, 0x9d, 0xff, 0xd8, 0x0, 0xc, 0xff,
    0xad, 0xff, 0x80, 0x0, 0x23, 0x6, 0xff, 0xc0,
    0x9, 0xef, 0xff, 0xff, 0xc0, 0x9f, 0xfa, 0x5,
    0xff, 0xc0, 0xaf, 0xfd, 0x8d, 0xff, 0xc0, 0x2b,
    0xff, 0xb6, 0xff, 0xe0,

    /* U+01FC "Ǽ" */
    0x0, 0x0, 0x0, 0x0, 0x0, 0x3f, 0xfd, 0x30,
    0x0, 0x0, 0x0, 0x0, 0x0, 0x2, 0xde, 0xa1,
    0x0, 0x0, 0x0, 0x0, 0x0, 0xdf, 0xff, 0xff,
    0xff, 0xff, 0xfc, 0x0, 0x0, 0x6, 0xff, 0xff,
    0xff, 0xff, 0xff, 0xfc, 0x0, 0x0, 0x1e, 0xff,
    0x5f, 0xff, 0x62, 0x22, 0x22, 0x0, 0x0, 0x8f,
    0xf9, 0x2f, 0xff, 0x40, 0x0, 0x0, 0x0, 0x2,
    0xff, 0xf1, 0x2f, 0xff, 0xff, 0xff, 0xb0, 0x0,
    0xb, 0xff, 0x80, 0x2f, 0xff, 0xff, 0xff, 0xb0,
    0x0, 0x4f, 0xff, 0xee, 0xef, 0xff, 0x50, 0x0,
    0x0, 0x0, 0xdf, 0xff, 0xff, 0xff, 0xff, 0x62,
    0x22, 0x22, 0x6, 0xff, 0xd0, 0x0, 0x2f, 0xff,
    0xff, 0xff, 0xfc, 0xe, 0xff, 0x50, 0x0, 0x2f,
    0xff, 0xff, 0xff, 0xfc,

    /* U+01FD "ǽ" */
    0x0, 0x0, 0x0, 0xa, 0xff, 0x80, 0x0, 0x0,
    0x0, 0x0, 0x5, 0xff, 0x60, 0x0, 0x0, 0x0,
    0x0, 0x0, 0x0, 0x0, 0x0, 0x0, 0x0, 0x19,
    0xef, 0xfd, 0x9c, 0xff, 0xd8, 0x0, 0xc, 0xff,
    0xad, 0xff, 0xfd, 0xaf, 0xfb, 0x0, 0x2, 0x30,
    0x5f, 0xff, 0x10, 0xbf, 0xf3, 0x9, 0xde, 0xff,
    0xff, 0xfe, 0xee, 0xff, 0x59, 0xff, 0x91, 0x4f,
    0xff, 0x20, 0x26, 0x30, 0xaf, 0xff, 0xcf, 0xdf,
    0xff, 0xcf, 0xfe, 0x22, 0xbf, 0xfc, 0x50, 0x6c,
    0xff, 0xea, 0x20,

    /* U+01FE "Ǿ" */
    0x0, 0x0, 0x2, 0xef, 0xe4, 0x0, 0x0, 0x0,
    0x1b, 0xdb, 0x21, 0x10, 0x0, 0x2a, 0xdf, 0xfe,
    0xef, 0x60, 0x5, 0xff, 0xff, 0xff, 0xff, 0x70,
    0x2f, 0xff, 0xc1, 0x6f, 0xff, 0xf3, 0x7f, 0xff,
    0x41, 0xff, 0xff, 0xf9, 0xaf, 0xff, 0x2b, 0xf8,
    0xff, 0xfb, 0xaf, 0xff, 0x8f, 0xc0, 0xff, 0xfb,
    0x7f, 0xff, 0xff, 0x23, 0xff, 0xf8, 0x2f, 0xff,
    0xf9, 0x2c, 0xff, 0xf2, 0x6, 0xff, 0xff, 0xff,
    0xff, 0x60, 0x3, 0xff, 0xdf, 0xfe, 0xa3, 0x0,
    0x5, 0x84, 0x0, 0x0, 0x0, 0x0,

    /* U+01FF "ǿ" */
    0x0, 0x0, 0x4f, 0xfc, 0x10, 0x0, 0x1, 0xef,
    0xb0, 0x0, 0x0, 0x0, 0x0, 0x4c, 0x50, 0x2,
    0x9e, 0xff, 0xff, 0x20, 0x2e, 0xff, 0xae, 0xff,
    0xd1, 0x9f, 0xfa, 0x4f, 0xff, 0xf7, 0xbf, 0xf9,
    0xed, 0xbf, 0xf9, 0x9f, 0xff, 0xf2, 0xdf, 0xf7,
    0x2e, 0xff, 0xdc, 0xff, 0xd0, 0x4, 0xff, 0xff,
    0xd8, 0x10, 0x5, 0x81, 0x0, 0x0, 0x0,

    /* U+0218 "Ș" */
    0x1, 0x9d, 0xff, 0xfd, 0x80, 0x1, 0xef, 0xfc,
    0xad, 0xff, 0xb0, 0x8f, 0xff, 0x0, 0x7, 0x54,
    0x9, 0xff, 0xfe, 0xb8, 0x51, 0x0, 0x4f, 0xff,
    0xff, 0xff, 0xf9, 0x0, 0x5d, 0xff, 0xff, 0xff,
    0xf6, 0x0, 0x1, 0x46, 0xaf, 0xff, 0x91, 0x5a,
    0xb1, 0x0, 0xff, 0xf8, 0x7f, 0xff, 0xfd, 0xff,
    0xfe, 0x10, 0x3a, 0xdf, 0xff, 0xd8, 0x10, 0x0,
    0x0, 0x0, 0x0, 0x0, 0x0, 0x0, 0xe, 0xee,
    0x10, 0x0, 0x0, 0x0, 0xff, 0xf1, 0x0, 0x0,
    0x0, 0x0, 0xad, 0x0, 0x0, 0x0, 0x0, 0x3a,
    0x10, 0x0, 0x0,

    /* U+0219 "ș" */
    0x7, 0xdf, 0xff, 0xc4, 0x6, 0xff, 0x82, 0x8a,
    0x80, 0x9f, 0xfe, 0xa8, 0x51, 0x2, 0xdf, 0xff,
    0xff, 0xe2, 0x0, 0x36, 0x8d, 0xff, 0x75, 0xbe,
    0x85, 0xbf, 0xf4, 0x19, 0xdf, 0xff, 0xc5, 0x0,
    0x0, 0x0, 0x0, 0x0, 0x0, 0x2e, 0xed, 0x0,
    0x0, 0x2, 0xff, 0xf0, 0x0, 0x0, 0x1, 0xcb,
    0x0, 0x0, 0x0, 0x69, 0x0, 0x0,

    /* U+021A "Ț" */
    0xbf, 0xff, 0xff, 0xff, 0xff, 0x3b, 0xff, 0xff,
    0xff, 0xff, 0xf3, 0x24, 0x49, 0xff, 0xf4, 0x44,
    0x0, 0x0, 0x7f, 0xff, 0x0, 0x0, 0x0, 0x7,
    0xff, 0xf0, 0x0, 0x0, 0x0, 0x7f, 0xff, 0x0,
    0x0, 0x0, 0x7, 0xff, 0xf0, 0x0, 0x0, 0x0,
    0x7f, 0xff, 0x0, 0x0, 0x0, 0x7, 0xff, 0xf0,
    0x0, 0x0, 0x0, 0x7f, 0xff, 0x0, 0x0, 0x0,
    0x0, 0x0, 0x0, 0x0, 0x0, 0x0, 0x4e, 0xeb,
    0x0, 0x0, 0x0, 0x4, 0xff, 0xd0, 0x0, 0x0,
    0x0, 0x1, 0xe9, 0x0, 0x0, 0x0, 0x0, 0x78,
    0x0, 0x0, 0x0,

    /* U+021B "ț" */
    0x0, 0x2, 0x50, 0x0, 0x5f, 0xfd, 0x0, 0xbf,
    0xff, 0xff, 0xe7, 0xcf, 0xff, 0xa9, 0x5, 0xff,
    0xd0, 0x0, 0x5f, 0xfd, 0x0, 0x4, 0xff, 0xf4,
    0x30, 0x2f, 0xff, 0xfe, 0x0, 0x5d, 0xff, 0xc0,
    0x0, 0x0, 0x0, 0x0, 0x5e, 0xea, 0x0, 0x6,
    0xff, 0xb0, 0x0, 0x2, 0xf7, 0x0, 0x0, 0x87,
    0x0,

    /* U+0237 "ȷ" */
    0x6, 0xff, 0xb0, 0x6f, 0xfb, 0x6, 0xff, 0xb0,
    0x6f, 0xfb, 0x6, 0xff, 0xb0, 0x6f, 0xfb, 0x6,
    0xff, 0xb0, 0x9f, 0xf9, 0xcf, 0xff, 0x3b, 0xfb,
    0x40,

    /* U+0259 "ə" */
    0x2, 0xae, 0xff, 0xc6, 0x0, 0x1e, 0xfe, 0xae,
    0xff, 0x80, 0x2, 0x41, 0x4, 0xff, 0xf1, 0xbf,
    0xff, 0xff, 0xff, 0xf3, 0x9f, 0xf6, 0x26, 0xff,
    0xf1, 0x2f, 0xfe, 0xae, 0xff, 0x80, 0x2, 0xad,
    0xff, 0xc5, 0x0,

    /* U+02BC "ʼ" */
    0x39, 0x99, 0x6f, 0xff, 0x6f, 0xff, 0x1, 0xeb,
    0xb, 0xe2, 0x2, 0x10,

    /* U+02C6 "ˆ" */
    0x1, 0xcf, 0xfc, 0x10, 0x1d, 0xf9, 0x9f, 0xd1,

    /* U+02C7 "ˇ" */
    0x1d, 0xf8, 0x8f, 0xc1, 0x1, 0xdf, 0xfd, 0x10,

    /* U+02D8 "˘" */
    0x4c, 0xa3, 0x3a, 0xc3, 0xa, 0xff, 0xff, 0x90,
    0x0, 0x14, 0x41, 0x0,

    /* U+02D9 "˙" */
    0x8e, 0xe7, 0x9f, 0xf8,

    /* U+02DA "˚" */
    0x2b, 0xff, 0xb2, 0xaf, 0x45, 0xf9, 0x2b, 0xee,
    0xb2,

    /* U+02DB "˛" */
    0x0, 0x35, 0x20, 0xc, 0xfa, 0x30, 0x5f, 0xc1,
    0x30, 0x1d, 0xff, 0xc1, 0x0, 0x11, 0x0,

    /* U+02DC "˜" */
    0x1c, 0xfe, 0x99, 0xf6, 0x6f, 0x9a, 0xef, 0xc1,

    /* U+02DD "˝" */
    0x2, 0xef, 0xff, 0x90, 0xc, 0xff, 0xf8, 0x0,

    /* U+0300 "̀" */
    0x1c, 0xff, 0x40, 0x0, 0xbf, 0xe1,

    /* U+0301 "́" */
    0x5, 0xff, 0xb1, 0x2f, 0xfb, 0x0,

    /* U+0302 "̂" */
    0x1, 0xcf, 0xfc, 0x10, 0x1d, 0xf9, 0x9f, 0xd1,

    /* U+0303 "̃" */
    0x1c, 0xfd, 0x99, 0xf5, 0x6f, 0x9a, 0xef, 0xb0,

    /* U+0304 "̄" */
    0x18, 0x88, 0x88, 0x81, 0x3f, 0xff, 0xff, 0xf3,

    /* U+0306 "̆" */
    0x4c, 0xa3, 0x3b, 0xc3, 0x9, 0xff, 0xff, 0x90,
    0x0, 0x13, 0x31, 0x0,

    /* U+0307 "̇" */
    0x8e, 0xe7, 0x9f, 0xf8,

    /* U+0308 "̈" */
    0x3e, 0xe6, 0x7e, 0xe2, 0x3f, 0xf7, 0x8f, 0xf2,

    /* U+030A "̊" */
    0x2b, 0xee, 0xb2, 0xaf, 0x56, 0xf9, 0x2b, 0xee,
    0xb2,

    /* U+030B "̋" */
    0x2, 0xef, 0xff, 0x90, 0xc, 0xff, 0xf7, 0x0,

    /* U+030C "̌" */
    0x1d, 0xf8, 0x8f, 0xc1, 0x1, 0xdf, 0xfc, 0x10,

    /* U+0312 "̒" */
    0x3, 0x80, 0x4f, 0x60, 0x8f, 0xe7, 0x9f, 0xf8,

    /* U+0326 "̦" */
    0x8e, 0xe7, 0x9f, 0xf8, 0x5, 0xf4, 0xa, 0x50,

    /* U+0327 "̧" */
    0x0, 0x0, 0x0, 0x7, 0xfc, 0x20, 0x3, 0x5c,
    0xf2, 0xa, 0xee, 0x90,

    /* U+0328 "̨" */
    0x0, 0x24, 0x20, 0xc, 0xfa, 0x30, 0x5f, 0xc1,
    0x30, 0x1d, 0xff, 0xc1, 0x0, 0x11, 0x0,

    /* U+0394 "Δ" */
    0x0, 0x0, 0xbf, 0xff, 0xf3, 0x0, 0x0, 0x0,
    0x1f, 0xff, 0xff, 0x80, 0x0, 0x0, 0x7, 0xff,
    0xff, 0xfe, 0x0, 0x0, 0x0, 0xcf, 0xf9, 0xff,
    0xf4, 0x0, 0x0, 0x2f, 0xfe, 0xf, 0xff, 0x90,
    0x0, 0x8, 0xff, 0x90, 0xaf, 0xff, 0x0, 0x0,
    0xdf, 0xf3, 0x5, 0xff, 0xf5, 0x0, 0x3f, 0xff,
    0x22, 0x3f, 0xff, 0xb0, 0x9, 0xff, 0xff, 0xff,
    0xff, 0xff, 0x10, 0xef, 0xff, 0xff, 0xff, 0xff,
    0xf6,

    /* U+03A9 "Ω" */
    0x0, 0x29, 0xdf, 0xfe, 0xa4, 0x0, 0x6, 0xff,
    0xff, 0xff, 0xff, 0x90, 0x2f, 0xff, 0xe3, 0x2c,
    0xff, 0xf5, 0x7f, 0xff, 0x60, 0x3, 0xff, 0xfb,
    0x9f, 0xff, 0x40, 0x0, 0xff, 0xfb, 0x5f, 0xff,
    0x30, 0x0, 0xff, 0xf7, 0xc, 0xff, 0x70, 0x4,
    0xff, 0xd0, 0x14, 0xcf, 0xe1, 0xc, 0xfd, 0x52,
    0x6f, 0xff, 0xf5, 0x2f, 0xff, 0xfa, 0x6f, 0xff,
    0xf5, 0x2f, 0xff, 0xfa,

    /* U+03BC "μ" */
    0x6f, 0xfb, 0x2, 0xff, 0xf0, 0x6f, 0xfb, 0x2,
    0xff, 0xf0, 0x6f, 0xfb, 0x2, 0xff, 0xf0, 0x6f,
    0xfb, 0x2, 0xff, 0xf0, 0x6f, 0xfb, 0x2, 0xff,
    0xf0, 0x6f, 0xff, 0xbe, 0xff, 0xf0, 0x6f, 0xff,
    0xc5, 0xff, 0xf1, 0x6f, 0xfb, 0x0, 0x0, 0x0,
    0x6f, 0xfb, 0x0, 0x0, 0x0, 0x6f, 0xfb, 0x0,
    0x0, 0x0,

    /* U+03C0 "π" */
    0xbf, 0xff, 0xff, 0xff, 0xff, 0xf0, 0x9e, 0xff,
    0xfd, 0xff, 0xfe, 0xd0, 0x5, 0xff, 0xc0, 0x9f,
    0xf8, 0x0, 0x5, 0xff, 0xc0, 0x9f, 0xf8, 0x0,
    0x5, 0xff, 0xc0, 0x9f, 0xfc, 0x30, 0x5, 0xff,
    0xc0, 0x6f, 0xff, 0xf0, 0x5, 0xff, 0xc0, 0x9,
    0xef, 0xe0,

    /* U+0400 "Ѐ" */
    0x2, 0xdf, 0xf5, 0x0, 0x0, 0x0, 0x9, 0xee,
    0x30, 0x0, 0x5f, 0xff, 0xff, 0xff, 0xfc, 0x5f,
    0xff, 0xff, 0xff, 0xfc, 0x5f, 0xff, 0x32, 0x22,
    0x21, 0x5f, 0xff, 0x10, 0x0, 0x0, 0x5f, 0xff,
    0xff, 0xff, 0xb0, 0x5f, 0xff, 0xff, 0xff, 0xb0,
    0x5f, 0xff, 0x20, 0x0, 0x0, 0x5f, 0xff, 0x32,
    0x22, 0x21, 0x5f, 0xff, 0xff, 0xff, 0xfc, 0x5f,
    0xff, 0xff, 0xff, 0xfc,

    /* U+0401 "Ё" */
    0x1, 0xff, 0xb4, 0xff, 0x80, 0x0, 0xcc, 0x83,
    0xcc, 0x60, 0x5f, 0xff, 0xff, 0xff, 0xfc, 0x5f,
    0xff, 0xff, 0xff, 0xfc, 0x5f, 0xff, 0x32, 0x22,
    0x21, 0x5f, 0xff, 0x10, 0x0, 0x0, 0x5f, 0xff,
    0xff, 0xff, 0xb0, 0x5f, 0xff, 0xff, 0xff, 0xb0,
    0x5f, 0xff, 0x20, 0x0, 0x0, 0x5f, 0xff, 0x32,
    0x22, 0x21, 0x5f, 0xff, 0xff, 0xff, 0xfc, 0x5f,
    0xff, 0xff, 0xff, 0xfc,

    /* U+0402 "Ђ" */
    0xbf, 0xff, 0xff, 0xff, 0xff, 0x60, 0x0, 0xbf,
    0xff, 0xff, 0xff, 0xff, 0x60, 0x0, 0x24, 0x4c,
    0xff, 0xd4, 0x44, 0x10, 0x0, 0x0, 0xa, 0xff,
    0xc0, 0x0, 0x0, 0x0, 0x0, 0xa, 0xff, 0xfe,
    0xff, 0xea, 0x30, 0x0, 0xa, 0xff, 0xff, 0xff,
    0xff, 0xf2, 0x0, 0xa, 0xff, 0xd2, 0x17, 0xff,
    0xf8, 0x0, 0xa, 0xff, 0xc0, 0x28, 0xff, 0xf8,
    0x0, 0xa, 0xff, 0xc0, 0xff, 0xff, 0xf2, 0x0,
    0xa, 0xff, 0xc0, 0xef, 0xea, 0x30,

    /* U+0403 "Ѓ" */
    0x0, 0x0, 0x4f, 0xfd, 0x20, 0x0, 0x2e, 0xe9,
    0x0, 0x5f, 0xff, 0xff, 0xff, 0xf5, 0xff, 0xff,
    0xff, 0xff, 0x5f, 0xff, 0x64, 0x44, 0x35, 0xff,
    0xf2, 0x0, 0x0, 0x5f, 0xff, 0x20, 0x0, 0x5,
    0xff, 0xf2, 0x0, 0x0, 0x5f, 0xff, 0x20, 0x0,
    0x5, 0xff, 0xf2, 0x0, 0x0, 0x5f, 0xff, 0x20,
    0x0, 0x5, 0xff, 0xf2, 0x0, 0x0,

    /* U+0404 "Є" */
    0x0, 0x29, 0xdf, 0xfd, 0x91, 0x0, 0x5, 0xff,
    0xff, 0xef, 0xfe, 0x10, 0x1f, 0xff, 0xe1, 0xa,
    0xfe, 0x70, 0x7f, 0xff, 0x70, 0x0, 0x0, 0x0,
    0x9f, 0xff, 0xff, 0xf0, 0x0, 0x0, 0x9f, 0xff,
    0xff, 0xf0, 0x0, 0x0, 0x7f, 0xff, 0x60, 0x0,
    0x30, 0x0, 0x1f, 0xff, 0xe5, 0x27, 0xff, 0xb0,
    0x5, 0xff, 0xff, 0xff, 0xff, 0x60, 0x0, 0x29,
    0xdf, 0xfd, 0xa3, 0x0,

    /* U+0405 "Ѕ" */
    0x1, 0x9d, 0xff, 0xfd, 0x80, 0x1, 0xef, 0xfc,
    0xad, 0xff, 0xb0, 0x8f, 0xff, 0x0, 0x7, 0x54,
    0x9, 0xff, 0xfe, 0xb8, 0x51, 0x0, 0x4f, 0xff,
    0xff, 0xff, 0xf9, 0x0, 0x5d, 0xff, 0xff, 0xff,
    0xf6, 0x0, 0x1, 0x46, 0xaf, 0xff, 0x91, 0x5a,
    0xb1, 0x0, 0xff, 0xf8, 0x7f, 0xff, 0xfd, 0xff,
    0xfe, 0x10, 0x3a, 0xdf, 0xff, 0xd8, 0x10,

    /* U+0406 "І" */
    0x5f, 0xff, 0x25, 0xff, 0xf2, 0x5f, 0xff, 0x25,
    0xff, 0xf2, 0x5f, 0xff, 0x25, 0xff, 0xf2, 0x5f,
    0xff, 0x25, 0xff, 0xf2, 0x5f, 0xff, 0x25, 0xff,
    0xf2,

    /* U+0407 "Ї" */
    0xef, 0xe1, 0xff, 0xbb, 0xcb, 0x1c, 0xc8, 0x5,
    0xff, 0xf2, 0x0, 0x5f, 0xff, 0x20, 0x5, 0xff,
    0xf2, 0x0, 0x5f, 0xff, 0x20, 0x5, 0xff, 0xf2,
    0x0, 0x5f, 0xff, 0x20, 0x5, 0xff, 0xf2, 0x0,
    0x5f, 0xff, 0x20, 0x5, 0xff, 0xf2, 0x0, 0x5f,
    0xff, 0x20,

    /* U+0408 "Ј" */
    0x0, 0x0, 0x0, 0xef, 0xf9, 0x0, 0x0, 0x0,
    0xef, 0xf9, 0x0, 0x0, 0x0, 0xef, 0xf9, 0x0,
    0x0, 0x0, 0xef, 0xf9, 0x0, 0x0, 0x0, 0xef,
    0xf9, 0x0, 0x0, 0x0, 0xef, 0xf9, 0x2, 0x51,
    0x0, 0xef, 0xf9, 0xcf, 0xfa, 0x36, 0xff, 0xf6,
    0x4f, 0xff, 0xff, 0xff, 0xd0, 0x3, 0xbe, 0xff,
    0xd8, 0x0,

    /* U+0409 "Љ" */
    0x0, 0x7f, 0xff, 0xff, 0xff, 0xfc, 0x0, 0x0,
    0x0, 0x0, 0x7, 0xff, 0xff, 0xff, 0xff, 0xc0,
    0x0, 0x0, 0x0, 0x0, 0x8f, 0xf8, 0x33, 0xbf,
    0xfc, 0x0, 0x0, 0x0, 0x0, 0x9, 0xff, 0x50,
    0xa, 0xff, 0xc0, 0x0, 0x0, 0x0, 0x0, 0xaf,
    0xf4, 0x0, 0xaf, 0xff, 0xff, 0xff, 0xc6, 0x0,
    0xc, 0xff, 0x30, 0xa, 0xff, 0xff, 0xff, 0xff,
    0xf7, 0x1, 0xff, 0xf0, 0x0, 0xaf, 0xfc, 0x0,
    0x1d, 0xff, 0xd8, 0xef, 0xfc, 0x0, 0xa, 0xff,
    0xc0, 0x1, 0xdf, 0xfd, 0x9f, 0xff, 0x50, 0x0,
    0xaf, 0xff, 0xff, 0xff, 0xff, 0x66, 0xfd, 0x60,
    0x0, 0xa, 0xff, 0xff, 0xff, 0xfc, 0x60,

    /* U+040A "Њ" */
    0x5f, 0xff, 0x10, 0x7, 0xff, 0xf0, 0x0, 0x0,
    0x0, 0x5, 0xff, 0xf1, 0x0, 0x7f, 0xff, 0x0,
    0x0, 0x0, 0x0, 0x5f, 0xff, 0x10, 0x7, 0xff,
    0xf0, 0x0, 0x0, 0x0, 0x5, 0xff, 0xf3, 0x22,
    0x8f, 0xff, 0x22, 0x21, 0x0, 0x0, 0x5f, 0xff,
    0xff, 0xff, 0xff, 0xff, 0xff, 0xff, 0xa1, 0x5,
    0xff, 0xff, 0xff, 0xff, 0xff, 0xff, 0xff, 0xff,
    0xb0, 0x5f, 0xff, 0x10, 0x7, 0xff, 0xf0, 0x0,
    0xaf, 0xff, 0x5, 0xff, 0xf1, 0x0, 0x7f, 0xff,
    0x0, 0xa, 0xff, 0xf0, 0x5f, 0xff, 0x10, 0x7,
    0xff, 0xff, 0xff, 0xff, 0xf9, 0x5, 0xff, 0xf1,
    0x0, 0x7f, 0xff, 0xff, 0xff, 0xd8, 0x0,

    /* U+040B "Ћ" */
    0xbf, 0xff, 0xff, 0xff, 0xff, 0x70, 0x0, 0xbf,
    0xff, 0xff, 0xff, 0xff, 0x70, 0x0, 0x24, 0x4c,
    0xff, 0xd4, 0x44, 0x10, 0x0, 0x0, 0xa, 0xff,
    0xc0, 0x0, 0x0, 0x0, 0x0, 0xa, 0xff, 0xfe,
    0xff, 0xd9, 0x20, 0x0, 0xa, 0xff, 0xff, 0xff,
    0xff, 0xe1, 0x0, 0xa, 0xff, 0xd3, 0x38, 0xff,
    0xf5, 0x0, 0xa, 0xff, 0xc0, 0x0, 0xff, 0xf7,
    0x0, 0xa, 0xff, 0xc0, 0x0, 0xff, 0xf7, 0x0,
    0xa, 0xff, 0xc0, 0x0, 0xff, 0xf7,

    /* U+040C "Ќ" */
    0x0, 0x0, 0x7, 0xff, 0xc1, 0x0, 0x0, 0x0,
    0x4e, 0xe8, 0x0, 0x0, 0x5f, 0xff, 0x20, 0x1e,
    0xff, 0x70, 0x5f, 0xff, 0x20, 0xcf, 0xf9, 0x0,
    0x5f, 0xff, 0x19, 0xff, 0xb0, 0x0, 0x5f, 0xff,
    0x7f, 0xfd, 0x10, 0x0, 0x5f, 0xff, 0xff, 0xf5,
    0x0, 0x0, 0x5f, 0xff, 0xff, 0xfe, 0x10, 0x0,
    0x5f, 0xff, 0x5f, 0xff, 0xb0, 0x0, 0x5f, 0xff,
    0x28, 0xff, 0xf8, 0x0, 0x5f, 0xff, 0x20, 0xcf,
    0xff, 0x50, 0x5f, 0xff, 0x20, 0x1e, 0xff, 0xf2,

    /* U+040D "Ѝ" */
    0x0, 0x4e, 0xfe, 0x20, 0x0, 0x0, 0x0, 0x1,
    0xbe, 0xc1, 0x0, 0x0, 0x5f, 0xff, 0x10, 0xa,
    0xff, 0xf5, 0x5f, 0xff, 0x10, 0x3f, 0xff, 0xf5,
    0x5f, 0xff, 0x10, 0xcf, 0xff, 0xf5, 0x5f, 0xff,
    0x15, 0xff, 0xff, 0xf5, 0x5f, 0xff, 0x1e, 0xf8,
    0xff, 0xf5, 0x5f, 0xff, 0x8f, 0xe1, 0xff, 0xf5,
    0x5f, 0xff, 0xff, 0x50, 0xff, 0xf5, 0x5f, 0xff,
    0xfc, 0x0, 0xff, 0xf5, 0x5f, 0xff, 0xf3, 0x0,
    0xff, 0xf5, 0x5f, 0xff, 0xa0, 0x0, 0xff, 0xf5,

    /* U+040E "Ў" */
    0x0, 0xd, 0xfd, 0x27, 0xff, 0x40, 0x0, 0x0,
    0x1a, 0xef, 0xfc, 0x50, 0x0, 0xd, 0xff, 0xe0,
    0x0, 0x5f, 0xfe, 0x0, 0x5f, 0xff, 0x50, 0xb,
    0xff, 0x70, 0x0, 0xdf, 0xfb, 0x1, 0xff, 0xf0,
    0x0, 0x6, 0xff, 0xf2, 0x7f, 0xf8, 0x0, 0x0,
    0xe, 0xff, 0x9d, 0xff, 0x10, 0x0, 0x0, 0x6f,
    0xff, 0xff, 0x90, 0x0, 0x0, 0x0, 0xef, 0xff,
    0xf2, 0x0, 0x0, 0x4, 0x9d, 0xff, 0xf9, 0x0,
    0x0, 0x0, 0x6f, 0xff, 0xfd, 0x0, 0x0, 0x0,
    0x4, 0xff, 0xd8, 0x0, 0x0, 0x0,

    /* U+040F "Џ" */
    0x5f, 0xff, 0x20, 0x8, 0xff, 0xf5, 0xff, 0xf2,
    0x0, 0x8f, 0xff, 0x5f, 0xff, 0x20, 0x8, 0xff,
    0xf5, 0xff, 0xf2, 0x0, 0x8f, 0xff, 0x5f, 0xff,
    0x20, 0x8, 0xff, 0xf5, 0xff, 0xf2, 0x0, 0x8f,
    0xff, 0x5f, 0xff, 0x20, 0x8, 0xff, 0xf5, 0xff,
    0xf4, 0x33, 0x9f, 0xff, 0x5f, 0xff, 0xff, 0xff,
    0xff, 0xf5, 0xff, 0xff, 0xff, 0xff, 0xff, 0x0,
    0x0, 0xcf, 0xf6, 0x0, 0x0, 0x0, 0xc, 0xff,
    0x60, 0x0,

    /* U+0410 "А" */
    0x0, 0x0, 0xbf, 0xff, 0xe0, 0x0, 0x0, 0x0,
    0x1f, 0xff, 0xff, 0x40, 0x0, 0x0, 0x7, 0xff,
    0xff, 0xfa, 0x0, 0x0, 0x0, 0xcf, 0xf7, 0xff,
    0xf0, 0x0, 0x0, 0x2f, 0xfb, 0x1f, 0xff, 0x50,
    0x0, 0x8, 0xff, 0x60, 0xcf, 0xfb, 0x0, 0x0,
    0xdf, 0xfe, 0xdf, 0xff, 0xf1, 0x0, 0x3f, 0xff,
    0xff, 0xff, 0xff, 0x60, 0x9, 0xff, 0x60, 0x0,
    0xdf, 0xfc, 0x0, 0xef, 0xf1, 0x0, 0x8, 0xff,
    0xf2,

    /* U+0411 "Б" */
    0x5f, 0xff, 0xff, 0xff, 0xff, 0x50, 0x5f, 0xff,
    0xff, 0xff, 0xff, 0x50, 0x5f, 0xff, 0x32, 0x22,
    0x22, 0x0, 0x5f, 0xff, 0x10, 0x0, 0x0, 0x0,
    0x5f, 0xff, 0xff, 0xff, 0xe8, 0x10, 0x5f, 0xff,
    0xee, 0xef, 0xff, 0xc0, 0x5f, 0xff, 0x10, 0x8,
    0xff, 0xf2, 0x5f, 0xff, 0x10, 0x9, 0xff, 0xf2,
    0x5f, 0xff, 0xff, 0xff, 0xff, 0xb0, 0x5f, 0xff,
    0xff, 0xff, 0xe8, 0x0,

    /* U+0412 "В" */
    0x5f, 0xff, 0xff, 0xff, 0xe8, 0x0, 0x5f, 0xff,
    0xdd, 0xef, 0xff, 0x80, 0x5f, 0xff, 0x0, 0xa,
    0xff, 0xd0, 0x5f, 0xff, 0x0, 0xa, 0xff, 0xb0,
    0x5f, 0xff, 0xdd, 0xdf, 0xfe, 0x30, 0x5f, 0xff,
    0xff, 0xff, 0xfd, 0x40, 0x5f, 0xff, 0x0, 0x7,
    0xff, 0xf0, 0x5f, 0xff, 0x0, 0x6, 0xff, 0xf2,
    0x5f, 0xff, 0xee, 0xef, 0xff, 0xe0, 0x5f, 0xff,
    0xff, 0xff, 0xeb, 0x20,

    /* U+0413 "Г" */
    0x5f, 0xff, 0xff, 0xff, 0xf5, 0xff, 0xff, 0xff,
    0xff, 0x5f, 0xff, 0x64, 0x44, 0x35, 0xff, 0xf2,
    0x0, 0x0, 0x5f, 0xff, 0x20, 0x0, 0x5, 0xff,
    0xf2, 0x0, 0x0, 0x5f, 0xff, 0x20, 0x0, 0x5,
    0xff, 0xf2, 0x0, 0x0, 0x5f, 0xff, 0x20, 0x0,
    0x5, 0xff, 0xf2, 0x0, 0x0,

    /* U+0414 "Д" */
    0x0, 0x4f, 0xff, 0xff, 0xff, 0xff, 0x0, 0x0,
    0x5f, 0xff, 0xff, 0xff, 0xff, 0x0, 0x0, 0x6f,
    0xf9, 0x22, 0x8f, 0xff, 0x0, 0x0, 0x7f, 0xf7,
    0x0, 0x7f, 0xff, 0x0, 0x0, 0x9f, 0xf5, 0x0,
    0x7f, 0xff, 0x0, 0x0, 0xcf, 0xf2, 0x0, 0x7f,
    0xff, 0x0, 0x0, 0xff, 0xf0, 0x0, 0x7f, 0xff,
    0x0, 0x27, 0xff, 0xc3, 0x33, 0x9f, 0xff, 0x31,
    0xcf, 0xff, 0xff, 0xff, 0xff, 0xff, 0xf6, 0xcf,
    0xff, 0xff, 0xff, 0xff, 0xff, 0xf6, 0xcf, 0xf5,
    0x0, 0x0, 0x0, 0xcf, 0xf6, 0xbe, 0xe4, 0x0,
    0x0, 0x0, 0xbe, 0xe5,

    /* U+0415 "Е" */
    0x5f, 0xff, 0xff, 0xff, 0xfc, 0x5f, 0xff, 0xff,
    0xff, 0xfc, 0x5f, 0xff, 0x32, 0x22, 0x21, 0x5f,
    0xff, 0x10, 0x0, 0x0, 0x5f, 0xff, 0xff, 0xff,
    0xb0, 0x5f, 0xff, 0xff, 0xff, 0xb0, 0x5f, 0xff,
    0x20, 0x0, 0x0, 0x5f, 0xff, 0x32, 0x22, 0x21,
    0x5f, 0xff, 0xff, 0xff, 0xfc, 0x5f, 0xff, 0xff,
    0xff, 0xfc,

    /* U+0416 "Ж" */
    0x3, 0xff, 0xf2, 0x4, 0xff, 0xf3, 0x2, 0xff,
    0xf3, 0x0, 0x6, 0xff, 0xc0, 0x4f, 0xff, 0x30,
    0xcf, 0xf6, 0x0, 0x0, 0xa, 0xff, 0x83, 0xff,
    0xf2, 0x8f, 0xf9, 0x0, 0x0, 0x0, 0xd, 0xff,
    0x7f, 0xff, 0x6f, 0xfc, 0x0, 0x0, 0x0, 0x0,
    0x6f, 0xff, 0xff, 0xff, 0xff, 0x50, 0x0, 0x0,
    0x0, 0x1e, 0xff, 0xef, 0xff, 0xef, 0xfd, 0x0,
    0x0, 0x0, 0xa, 0xff, 0xf5, 0xff, 0xf5, 0xff,
    0xf9, 0x0, 0x0, 0x5, 0xff, 0xf7, 0x3f, 0xff,
    0x28, 0xff, 0xf4, 0x0, 0x1, 0xff, 0xfc, 0x4,
    0xff, 0xf3, 0xd, 0xff, 0xe1, 0x0, 0xcf, 0xff,
    0x30, 0x4f, 0xff, 0x30, 0x3f, 0xff, 0xb0,

    /* U+0417 "З" */
    0x0, 0x8d, 0xff, 0xfc, 0x70, 0x0, 0xcf, 0xfe,
    0xef, 0xff, 0xb0, 0x3d, 0xfa, 0x0, 0xaf, 0xff,
    0x10, 0x0, 0x0, 0xb, 0xff, 0xf0, 0x0, 0x8,
    0xff, 0xff, 0xf6, 0x0, 0x0, 0x8e, 0xff, 0xff,
    0x80, 0x0, 0x0, 0x0, 0x5f, 0xff, 0x56, 0xcf,
    0xa2, 0x17, 0xff, 0xf7, 0x4f, 0xff, 0xff, 0xff,
    0xfe, 0x10, 0x3a, 0xdf, 0xff, 0xc8, 0x10,

    /* U+0418 "И" */
    0x5f, 0xff, 0x10, 0xa, 0xff, 0xf5, 0x5f, 0xff,
    0x10, 0x3f, 0xff, 0xf5, 0x5f, 0xff, 0x10, 0xcf,
    0xff, 0xf5, 0x5f, 0xff, 0x15, 0xff, 0xff, 0xf5,
    0x5f, 0xff, 0x1e, 0xf8, 0xff, 0xf5, 0x5f, 0xff,
    0x8f, 0xe1, 0xff, 0xf5, 0x5f, 0xff, 0xff, 0x50,
    0xff, 0xf5, 0x5f, 0xff, 0xfc, 0x0, 0xff, 0xf5,
    0x5f, 0xff, 0xf3, 0x0, 0xff, 0xf5, 0x5f, 0xff,
    0xa0, 0x0, 0xff, 0xf5,

    /* U+0419 "Й" */
    0x0, 0x9f, 0xf4, 0x4f, 0xf9, 0x0, 0x0, 0x8,
    0xdf, 0xfd, 0x80, 0x0, 0x5f, 0xff, 0x10, 0xa,
    0xff, 0xf5, 0x5f, 0xff, 0x10, 0x3f, 0xff, 0xf5,
    0x5f, 0xff, 0x10, 0xcf, 0xff, 0xf5, 0x5f, 0xff,
    0x15, 0xff, 0xff, 0xf5, 0x5f, 0xff, 0x1e, 0xf8,
    0xff, 0xf5, 0x5f, 0xff, 0x8f, 0xe1, 0xff, 0xf5,
    0x5f, 0xff, 0xff, 0x50, 0xff, 0xf5, 0x5f, 0xff,
    0xfc, 0x0, 0xff, 0xf5, 0x5f, 0xff, 0xf3, 0x0,
    0xff, 0xf5, 0x5f, 0xff, 0xa0, 0x0, 0xff, 0xf5,

    /* U+041A "К" */
    0x5f, 0xff, 0x20, 0x1e, 0xff, 0x70, 0x5f, 0xff,
    0x20, 0xcf, 0xf9, 0x0, 0x5f, 0xff, 0x19, 0xff,
    0xb0, 0x0, 0x5f, 0xff, 0x7f, 0xfd, 0x10, 0x0,
    0x5f, 0xff, 0xff, 0xf5, 0x0, 0x0, 0x5f, 0xff,
    0xff, 0xfe, 0x10, 0x0, 0x5f, 0xff, 0x5f, 0xff,
    0xb0, 0x0, 0x5f, 0xff, 0x28, 0xff, 0xf8, 0x0,
    0x5f, 0xff, 0x20, 0xcf, 0xff, 0x50, 0x5f, 0xff,
    0x20, 0x1e, 0xff, 0xf2,

    /* U+041B "Л" */
    0x0, 0x7f, 0xff, 0xff, 0xff, 0xfd, 0x0, 0x7f,
    0xff, 0xff, 0xff, 0xfd, 0x0, 0x8f, 0xf8, 0x33,
    0xaf, 0xfd, 0x0, 0x9f, 0xf5, 0x0, 0x9f, 0xfd,
    0x0, 0xaf, 0xf4, 0x0, 0x9f, 0xfd, 0x0, 0xcf,
    0xf3, 0x0, 0x9f, 0xfd, 0x2, 0xff, 0xf0, 0x0,
    0x9f, 0xfd, 0x8f, 0xff, 0xc0, 0x0, 0x9f, 0xfd,
    0x9f, 0xff, 0x40, 0x0, 0x9f, 0xfd, 0x6f, 0xc5,
    0x0, 0x0, 0x9f, 0xfd,

    /* U+041C "М" */
    0x5f, 0xff, 0xfd, 0x0, 0x2, 0xff, 0xff, 0xd5,
    0xff, 0xff, 0xf3, 0x0, 0x8f, 0xff, 0xfd, 0x5f,
    0xff, 0xff, 0xa0, 0xf, 0xff, 0xff, 0xd5, 0xff,
    0xbf, 0xff, 0x16, 0xff, 0xbf, 0xfd, 0x5f, 0xf6,
    0xef, 0xf7, 0xdf, 0xb9, 0xff, 0xd5, 0xff, 0x68,
    0xff, 0xff, 0xf4, 0x9f, 0xfd, 0x5f, 0xf6, 0x2f,
    0xff, 0xfd, 0x9, 0xff, 0xd5, 0xff, 0x60, 0xbf,
    0xff, 0x70, 0x9f, 0xfd, 0x5f, 0xf6, 0x4, 0xff,
    0xf1, 0x9, 0xff, 0xd5, 0xff, 0x60, 0xe, 0xf9,
    0x0, 0x9f, 0xfd,

    /* U+041D "Н" */
    0x5f, 0xff, 0x10, 0x6, 0xff, 0xf0, 0x5f, 0xff,
    0x10, 0x6, 0xff, 0xf0, 0x5f, 0xff, 0x10, 0x6,
    0xff, 0xf0, 0x5f, 0xff, 0x10, 0x6, 0xff, 0xf0,
    0x5f, 0xff, 0xff, 0xff, 0xff, 0xf0, 0x5f, 0xff,
    0xff, 0xff, 0xff, 0xf0, 0x5f, 0xff, 0x32, 0x27,
    0xff, 0xf0, 0x5f, 0xff, 0x10, 0x6, 0xff, 0xf0,
    0x5f, 0xff, 0x10, 0x6, 0xff, 0xf0, 0x5f, 0xff,
    0x10, 0x6, 0xff, 0xf0,

    /* U+041E "О" */
    0x0, 0x2a, 0xdf, 0xfe, 0xa3, 0x0, 0x5, 0xff,
    0xff, 0xff, 0xff, 0x70, 0x2f, 0xff, 0xd2, 0x1b,
    0xff, 0xf3, 0x7f, 0xff, 0x50, 0x3, 0xff, 0xf9,
    0xaf, 0xff, 0x20, 0x1, 0xff, 0xfb, 0xaf, 0xff,
    0x20, 0x1, 0xff, 0xfb, 0x7f, 0xff, 0x50, 0x4,
    0xff, 0xf8, 0x2f, 0xff, 0xd3, 0x2d, 0xff, 0xf2,
    0x5, 0xff, 0xff, 0xff, 0xff, 0x60, 0x0, 0x2a,
    0xef, 0xfe, 0xa3, 0x0,

    /* U+041F "П" */
    0x5f, 0xff, 0xff, 0xff, 0xff, 0xf5, 0xff, 0xff,
    0xff, 0xff, 0xff, 0x5f, 0xff, 0x43, 0x39, 0xff,
    0xf5, 0xff, 0xf2, 0x0, 0x7f, 0xff, 0x5f, 0xff,
    0x20, 0x7, 0xff, 0xf5, 0xff, 0xf2, 0x0, 0x7f,
    0xff, 0x5f, 0xff, 0x20, 0x7, 0xff, 0xf5, 0xff,
    0xf2, 0x0, 0x7f, 0xff, 0x5f, 0xff, 0x20, 0x7,
    0xff, 0xf5, 0xff, 0xf2, 0x0, 0x7f, 0xff,

    /* U+0420 "Р" */
    0x5f, 0xff, 0xff, 0xff, 0xe9, 0x10, 0x5f, 0xff,
    0xff, 0xff, 0xff, 0xc0, 0x5f, 0xff, 0x10, 0x9,
    0xff, 0xf2, 0x5f, 0xff, 0x10, 0x9, 0xff, 0xf1,
    0x5f, 0xff, 0xff, 0xff, 0xff, 0xb0, 0x5f, 0xff,
    0xff, 0xff, 0xe9, 0x0, 0x5f, 0xff, 0x10, 0x0,
    0x0, 0x0, 0x5f, 0xff, 0x10, 0x0, 0x0, 0x0,
    0x5f, 0xff, 0x10, 0x0, 0x0, 0x0, 0x5f, 0xff,
    0x10, 0x0, 0x0, 0x0,

    /* U+0421 "С" */
    0x0, 0x29, 0xdf, 0xfe, 0x92, 0x0, 0x5f, 0xff,
    0xff, 0xff, 0xe1, 0x2f, 0xff, 0xe2, 0xb, 0xff,
    0x97, 0xff, 0xf7, 0x0, 0x12, 0x10, 0xaf, 0xff,
    0x50, 0x0, 0x0, 0xa, 0xff, 0xf6, 0x0, 0x0,
    0x0, 0x7f, 0xff, 0x90, 0x0, 0x84, 0x2, 0xff,
    0xff, 0x63, 0xaf, 0xfc, 0x5, 0xff, 0xff, 0xff,
    0xff, 0x30, 0x3, 0xae, 0xff, 0xe9, 0x20,

    /* U+0422 "Т" */
    0xbf, 0xff, 0xff, 0xff, 0xff, 0x3b, 0xff, 0xff,
    0xff, 0xff, 0xf3, 0x24, 0x49, 0xff, 0xf4, 0x44,
    0x0, 0x0, 0x7f, 0xff, 0x0, 0x0, 0x0, 0x7,
    0xff, 0xf0, 0x0, 0x0, 0x0, 0x7f, 0xff, 0x0,
    0x0, 0x0, 0x7, 0xff, 0xf0, 0x0, 0x0, 0x0,
    0x7f, 0xff, 0x0, 0x0, 0x0, 0x7, 0xff, 0xf0,
    0x0, 0x0, 0x0, 0x7f, 0xff, 0x0, 0x0,

    /* U+0423 "У" */
    0xd, 0xff, 0xe0, 0x0, 0x5f, 0xfe, 0x0, 0x5f,
    0xff, 0x50, 0xb, 0xff, 0x70, 0x0, 0xdf, 0xfb,
    0x1, 0xff, 0xf0, 0x0, 0x6, 0xff, 0xf2, 0x7f,
    0xf8, 0x0, 0x0, 0xe, 0xff, 0x8d, 0xff, 0x10,
    0x0, 0x0, 0x6f, 0xff, 0xff, 0x90, 0x0, 0x0,
    0x0, 0xef, 0xff, 0xf2, 0x0, 0x0, 0x4, 0x9d,
    0xff, 0xf9, 0x0, 0x0, 0x0, 0x6f, 0xff, 0xfc,
    0x0, 0x0, 0x0, 0x4, 0xff, 0xd7, 0x0, 0x0,
    0x0,

    /* U+0424 "Ф" */
    0x0, 0x0, 0x0, 0x24, 0x44, 0x0, 0x0, 0x0,
    0x0, 0x0, 0x0, 0x7, 0xff, 0xf0, 0x0, 0x0,
    0x0, 0x0, 0x6b, 0xef, 0xff, 0xff, 0xff, 0xd9,
    0x20, 0x0, 0xcf, 0xff, 0xff, 0xff, 0xff, 0xff,
    0xff, 0x50, 0x6f, 0xff, 0x70, 0x7f, 0xff, 0x2,
    0xdf, 0xff, 0xa, 0xff, 0xe0, 0x7, 0xff, 0xf0,
    0x6, 0xff, 0xf3, 0xaf, 0xff, 0x0, 0x7f, 0xff,
    0x0, 0x6f, 0xff, 0x36, 0xff, 0xf9, 0x17, 0xff,
    0xf0, 0x3d, 0xff, 0xe0, 0xb, 0xff, 0xff, 0xff,
    0xff, 0xff, 0xff, 0xf4, 0x0, 0x5, 0xbe, 0xff,
    0xff, 0xff, 0xfd, 0x92, 0x0, 0x0, 0x0, 0x0,
    0x7f, 0xff, 0x0, 0x0, 0x0, 0x0,

    /* U+0425 "Х" */
    0x7, 0xff, 0xf8, 0x0, 0x4f, 0xff, 0x10, 0xc,
    0xff, 0xf2, 0xd, 0xff, 0x50, 0x0, 0x2f, 0xff,
    0xb7, 0xff, 0xb0, 0x0, 0x0, 0x7f, 0xff, 0xff,
    0xe1, 0x0, 0x0, 0x0, 0xcf, 0xff, 0xf5, 0x0,
    0x0, 0x0, 0xe, 0xff, 0xff, 0x70, 0x0, 0x0,
    0xa, 0xff, 0xef, 0xff, 0x30, 0x0, 0x5, 0xff,
    0xd1, 0xff, 0xfd, 0x0, 0x1, 0xef, 0xf3, 0x7,
    0xff, 0xf9, 0x0, 0xbf, 0xf9, 0x0, 0xe, 0xff,
    0xf4,

    /* U+0426 "Ц" */
    0x5f, 0xff, 0x20, 0x8, 0xff, 0xf0, 0x5, 0xff,
    0xf2, 0x0, 0x8f, 0xff, 0x0, 0x5f, 0xff, 0x20,
    0x8, 0xff, 0xf0, 0x5, 0xff, 0xf2, 0x0, 0x8f,
    0xff, 0x0, 0x5f, 0xff, 0x20, 0x8, 0xff, 0xf0,
    0x5, 0xff, 0xf2, 0x0, 0x8f, 0xff, 0x0, 0x5f,
    0xff, 0x20, 0x8, 0xff, 0xf0, 0x5, 0xff, 0xf4,
    0x33, 0x9f, 0xff, 0x31, 0x5f, 0xff, 0xff, 0xff,
    0xff, 0xff, 0x65, 0xff, 0xff, 0xff, 0xff, 0xff,
    0xf6, 0x0, 0x0, 0x0, 0x0, 0xc, 0xff, 0x60,
    0x0, 0x0, 0x0, 0x0, 0xbe, 0xe5,

    /* U+0427 "Ч" */
    0x8f, 0xff, 0x0, 0xc, 0xff, 0xa8, 0xff, 0xf0,
    0x0, 0xcf, 0xfa, 0x8f, 0xff, 0x0, 0xc, 0xff,
    0xa7, 0xff, 0xf5, 0x0, 0xdf, 0xfa, 0x2f, 0xff,
    0xff, 0xff, 0xff, 0xa0, 0x4c, 0xff, 0xff, 0xff,
    0xfa, 0x0, 0x0, 0x22, 0x1c, 0xff, 0xa0, 0x0,
    0x0, 0x0, 0xcf, 0xfa, 0x0, 0x0, 0x0, 0xc,
    0xff, 0xa0, 0x0, 0x0, 0x0, 0xcf, 0xfa,

    /* U+0428 "Ш" */
    0x5f, 0xff, 0x10, 0x1f, 0xff, 0x50, 0xe, 0xff,
    0x95, 0xff, 0xf1, 0x1, 0xff, 0xf5, 0x0, 0xef,
    0xf9, 0x5f, 0xff, 0x10, 0x1f, 0xff, 0x50, 0xe,
    0xff, 0x95, 0xff, 0xf1, 0x1, 0xff, 0xf5, 0x0,
    0xef, 0xf9, 0x5f, 0xff, 0x10, 0x1f, 0xff, 0x50,
    0xe, 0xff, 0x95, 0xff, 0xf1, 0x1, 0xff, 0xf5,
    0x0, 0xef, 0xf9, 0x5f, 0xff, 0x10, 0x1f, 0xff,
    0x50, 0xe, 0xff, 0x95, 0xff, 0xf3, 0x23, 0xff,
    0xf6, 0x22, 0xef, 0xf9, 0x5f, 0xff, 0xff, 0xff,
    0xff, 0xff, 0xff, 0xff, 0x95, 0xff, 0xff, 0xff,
    0xff, 0xff, 0xff, 0xff, 0xf9,

    /* U+0429 "Щ" */
    0x5f, 0xff, 0x10, 0x1f, 0xff, 0x50, 0xe, 0xff,
    0x90, 0x5f, 0xff, 0x10, 0x1f, 0xff, 0x50, 0xe,
    0xff, 0x90, 0x5f, 0xff, 0x10, 0x1f, 0xff, 0x50,
    0xe, 0xff, 0x90, 0x5f, 0xff, 0x10, 0x1f, 0xff,
    0x50, 0xe, 0xff, 0x90, 0x5f, 0xff, 0x10, 0x1f,
    0xff, 0x50, 0xe, 0xff, 0x90, 0x5f, 0xff, 0x10,
    0x1f, 0xff, 0x50, 0xe, 0xff, 0x90, 0x5f, 0xff,
    0x10, 0x1f, 0xff, 0x50, 0xe, 0xff, 0x90, 0x5f,
    0xff, 0x32, 0x3f, 0xff, 0x62, 0x2e, 0xff, 0xa2,
    0x5f, 0xff, 0xff, 0xff, 0xff, 0xff, 0xff, 0xff,
    0xff, 0x5f, 0xff, 0xff, 0xff, 0xff, 0xff, 0xff,
    0xff, 0xff, 0x0, 0x0, 0x0, 0x0, 0x0, 0x0,
    0x0, 0x2f, 0xff, 0x0, 0x0, 0x0, 0x0, 0x0,
    0x0, 0x0, 0x2e, 0xee,

    /* U+042A "Ъ" */
    0xbf, 0xff, 0xff, 0xa0, 0x0, 0x0, 0x0, 0xbf,
    0xff, 0xff, 0xa0, 0x0, 0x0, 0x0, 0x24, 0x4d,
    0xff, 0xa0, 0x0, 0x0, 0x0, 0x0, 0xc, 0xff,
    0xa0, 0x0, 0x0, 0x0, 0x0, 0xc, 0xff, 0xff,
    0xff, 0xfc, 0x50, 0x0, 0xc, 0xff, 0xff, 0xff,
    0xff, 0xf5, 0x0, 0xc, 0xff, 0xa0, 0x2, 0xef,
    0xfb, 0x0, 0xc, 0xff, 0xa0, 0x1, 0xef, 0xfb,
    0x0, 0xc, 0xff, 0xff, 0xff, 0xff, 0xf4, 0x0,
    0xc, 0xff, 0xff, 0xff, 0xfc, 0x40,

    /* U+042B "Ы" */
    0x5f, 0xff, 0x10, 0x0, 0x0, 0x0, 0xff, 0xf6,
    0x5f, 0xff, 0x10, 0x0, 0x0, 0x0, 0xff, 0xf6,
    0x5f, 0xff, 0x10, 0x0, 0x0, 0x0, 0xff, 0xf6,
    0x5f, 0xff, 0x10, 0x0, 0x0, 0x0, 0xff, 0xf6,
    0x5f, 0xff, 0xff, 0xff, 0xd8, 0x0, 0xff, 0xf6,
    0x5f, 0xff, 0xff, 0xff, 0xff, 0xb0, 0xff, 0xf6,
    0x5f, 0xff, 0x10, 0x9, 0xff, 0xf2, 0xff, 0xf6,
    0x5f, 0xff, 0x10, 0xa, 0xff, 0xf1, 0xff, 0xf6,
    0x5f, 0xff, 0xff, 0xff, 0xff, 0xb0, 0xff, 0xf6,
    0x5f, 0xff, 0xff, 0xff, 0xd8, 0x0, 0xff, 0xf6,

    /* U+042C "Ь" */
    0x5f, 0xff, 0x10, 0x0, 0x0, 0x0, 0x5f, 0xff,
    0x10, 0x0, 0x0, 0x0, 0x5f, 0xff, 0x10, 0x0,
    0x0, 0x0, 0x5f, 0xff, 0x10, 0x0, 0x0, 0x0,
    0x5f, 0xff, 0xff, 0xff, 0xd8, 0x10, 0x5f, 0xff,
    0xff, 0xff, 0xff, 0xc0, 0x5f, 0xff, 0x10, 0x9,
    0xff, 0xf2, 0x5f, 0xff, 0x10, 0x9, 0xff, 0xf2,
    0x5f, 0xff, 0xff, 0xff, 0xff, 0xb0, 0x5f, 0xff,
    0xff, 0xff, 0xd8, 0x0,

    /* U+042D "Э" */
    0x0, 0x6c, 0xef, 0xea, 0x40, 0x0, 0xbf, 0xff,
    0xff, 0xff, 0x90, 0x3e, 0xfd, 0x10, 0xaf, 0xff,
    0x50, 0x0, 0x10, 0x2, 0xff, 0xfb, 0x0, 0x0,
    0xcf, 0xff, 0xff, 0xd0, 0x0, 0xc, 0xff, 0xff,
    0xfd, 0x0, 0x31, 0x0, 0x2f, 0xff, 0xa7, 0xef,
    0xb3, 0x3c, 0xff, 0xf4, 0x3f, 0xff, 0xff, 0xff,
    0xf8, 0x0, 0x29, 0xdf, 0xfe, 0xa4, 0x0,

    /* U+042E "Ю" */
    0x5f, 0xff, 0x10, 0x3, 0xae, 0xff, 0xd8, 0x10,
    0x5, 0xff, 0xf1, 0x7, 0xff, 0xfe, 0xff, 0xfe,
    0x20, 0x5f, 0xff, 0x13, 0xff, 0xf8, 0x2, 0xef,
    0xfd, 0x5, 0xff, 0xf1, 0x9f, 0xff, 0x10, 0x9,
    0xff, 0xf3, 0x5f, 0xff, 0xff, 0xff, 0xe0, 0x0,
    0x7f, 0xff, 0x55, 0xff, 0xff, 0xff, 0xfe, 0x0,
    0x7, 0xff, 0xf5, 0x5f, 0xff, 0x3c, 0xff, 0xf1,
    0x0, 0x9f, 0xff, 0x25, 0xff, 0xf1, 0x6f, 0xff,
    0x90, 0x3f, 0xff, 0xc0, 0x5f, 0xff, 0x10, 0xaf,
    0xff, 0xff, 0xff, 0xe2, 0x5, 0xff, 0xf1, 0x0,
    0x5b, 0xef, 0xfc, 0x81, 0x0,

    /* U+042F "Я" */
    0x3, 0xbe, 0xff, 0xff, 0xff, 0xf2, 0xff, 0xff,
    0xff, 0xff, 0xff, 0x7f, 0xff, 0x40, 0x6, 0xff,
    0xf6, 0xff, 0xf3, 0x0, 0x6f, 0xff, 0x1d, 0xff,
    0xff, 0xff, 0xff, 0xf0, 0xc, 0xff, 0xff, 0xff,
    0xff, 0x2, 0xff, 0xf7, 0x6, 0xff, 0xf0, 0xaf,
    0xff, 0x10, 0x6f, 0xff, 0x2f, 0xff, 0x90, 0x6,
    0xff, 0xfa, 0xff, 0xf2, 0x0, 0x6f, 0xff,

    /* U+0430 "а" */
    0x1, 0x9e, 0xff, 0xe9, 0x0, 0xc, 0xff, 0xad,
    0xff, 0x80, 0x0, 0x23, 0x5, 0xff, 0xc0, 0x1a,
    0xef, 0xff, 0xff, 0xc0, 0x9f, 0xfa, 0x5, 0xff,
    0xc0, 0xaf, 0xfd, 0x8d, 0xff, 0xc0, 0x2c, 0xff,
    0xb6, 0xff, 0xd0,

    /* U+0431 "б" */
    0x0, 0x2, 0x44, 0x4d, 0xf5, 0x3, 0xdf, 0xff,
    0xff, 0xf2, 0x1e, 0xff, 0xff, 0xfd, 0x50, 0x6f,
    0xc1, 0x0, 0x0, 0x0, 0x9f, 0x8a, 0xff, 0xfd,
    0x60, 0xaf, 0xff, 0x75, 0xff, 0xf6, 0x8f, 0xfe,
    0x0, 0xaf, 0xfb, 0x4f, 0xff, 0x0, 0xbf, 0xfa,
    0xb, 0xff, 0xcb, 0xff, 0xf3, 0x0, 0x7d, 0xff,
    0xea, 0x20,

    /* U+0432 "в" */
    0x6f, 0xff, 0xff, 0xfc, 0x20, 0x6f, 0xfc, 0x6a,
    0xff, 0xb0, 0x6f, 0xf9, 0x5, 0xff, 0xb0, 0x6f,
    0xff, 0xff, 0xff, 0x20, 0x6f, 0xfa, 0x35, 0xff,
    0xd0, 0x6f, 0xfc, 0x79, 0xff, 0xf0, 0x6f, 0xff,
    0xff, 0xfd, 0x50,

    /* U+0433 "г" */
    0x6f, 0xff, 0xff, 0xf1, 0x6f, 0xff, 0xff, 0xf0,
    0x6f, 0xfc, 0x0, 0x0, 0x6f, 0xfc, 0x0, 0x0,
    0x6f, 0xfc, 0x0, 0x0, 0x6f, 0xfc, 0x0, 0x0,
    0x6f, 0xfc, 0x0, 0x0,

    /* U+0434 "д" */
    0x0, 0xdf, 0xff, 0xff, 0xfb, 0x0, 0xe, 0xfe,
    0xce, 0xff, 0xb0, 0x0, 0xff, 0x70, 0x7f, 0xfb,
    0x0, 0x3f, 0xf5, 0x7, 0xff, 0xb0, 0x7, 0xff,
    0x10, 0x7f, 0xfb, 0xa, 0xff, 0xfd, 0xde, 0xff,
    0xfd, 0xcf, 0xff, 0xff, 0xff, 0xff, 0xfc, 0xff,
    0x0, 0x0, 0xd, 0xff, 0xad, 0xd0, 0x0, 0x0,
    0xbd, 0xd0,

    /* U+0435 "е" */
    0x1, 0x9e, 0xff, 0xc5, 0x0, 0x2e, 0xff, 0xaa,
    0xff, 0x70, 0x9f, 0xfd, 0x0, 0xef, 0xe0, 0xbf,
    0xff, 0xff, 0xff, 0xf1, 0x9f, 0xfd, 0x22, 0x56,
    0x40, 0x2e, 0xff, 0xec, 0xff, 0xd0, 0x1, 0x9d,
    0xff, 0xd8, 0x10,

    /* U+0436 "ж" */
    0x4, 0xff, 0x90, 0x6f, 0xfb, 0x4, 0xff, 0x90,
    0x0, 0x6f, 0xf6, 0x6f, 0xfb, 0x2f, 0xfb, 0x0,
    0x0, 0x8, 0xff, 0x9f, 0xfb, 0xdf, 0xc0, 0x0,
    0x0, 0x7, 0xff, 0xff, 0xff, 0xff, 0xc0, 0x0,
    0x0, 0x4f, 0xff, 0x9f, 0xfb, 0xdf, 0xf8, 0x0,
    0x1, 0xef, 0xf8, 0x6f, 0xfb, 0x3f, 0xff, 0x50,
    0xb, 0xff, 0xd0, 0x6f, 0xfb, 0x8, 0xff, 0xf2,

    /* U+0437 "з" */
    0x5, 0xbe, 0xff, 0xc6, 0x3, 0xff, 0xa8, 0xef,
    0xf5, 0x0, 0x21, 0x1c, 0xff, 0x60, 0x0, 0xff,
    0xff, 0xc0, 0x1, 0x24, 0x4b, 0xff, 0xa8, 0xff,
    0xb9, 0xdf, 0xfa, 0x7, 0xdf, 0xff, 0xd8, 0x0,

    /* U+0438 "и" */
    0x6f, 0xfa, 0x5, 0xff, 0xf3, 0x6f, 0xfa, 0xd,
    0xff, 0xf3, 0x6f, 0xfa, 0x7f, 0xff, 0xf3, 0x6f,
    0xfa, 0xec, 0xdf, 0xf3, 0x6f, 0xff, 0xf3, 0xdf,
    0xf3, 0x6f, 0xff, 0xb0, 0xdf, 0xf3, 0x6f, 0xff,
    0x20, 0xdf, 0xf3,

    /* U+0439 "й" */
    0x6, 0xff, 0x14, 0xff, 0x30, 0x0, 0x8f, 0xff,
    0xe6, 0x0, 0x0, 0x0, 0x11, 0x0, 0x0, 0x6f,
    0xfa, 0x5, 0xff, 0xf3, 0x6f, 0xfa, 0xd, 0xff,
    0xf3, 0x6f, 0xfa, 0x7f, 0xff, 0xf3, 0x6f, 0xfa,
    0xec, 0xdf, 0xf3, 0x6f, 0xff, 0xf3, 0xdf, 0xf3,
    0x6f, 0xff, 0xb0, 0xdf, 0xf3, 0x6f, 0xff, 0x20,
    0xdf, 0xf3,

    /* U+043A "к" */
    0x6f, 0xfb, 0x3, 0xff, 0xc0, 0x6f, 0xfb, 0x2e,
    0xfd, 0x10, 0x6f, 0xfc, 0xdf, 0xd1, 0x0, 0x6f,
    0xff, 0xff, 0xc0, 0x0, 0x6f, 0xfb, 0xdf, 0xfa,
    0x0, 0x6f, 0xfb, 0x3f, 0xff, 0x70, 0x6f, 0xfb,
    0x6, 0xff, 0xf5,

    /* U+043B "л" */
    0x1, 0xff, 0xff, 0xff, 0xf8, 0x1, 0xff, 0xed,
    0xff, 0xf8, 0x2, 0xff, 0x50, 0xaf, 0xf8, 0x5,
    0xff, 0x30, 0xaf, 0xf8, 0x6d, 0xff, 0x10, 0xaf,
    0xf8, 0xaf, 0xfb, 0x0, 0xaf, 0xf8, 0x8f, 0xb1,
    0x0, 0xaf, 0xf8,

    /* U+043C "м" */
    0x6f, 0xff, 0xc0, 0x8, 0xff, 0xfa, 0x6f, 0xff,
    0xf4, 0xe, 0xff, 0xfa, 0x6f, 0xef, 0xfb, 0x7f,
    0xdf, 0xfa, 0x6f, 0xda, 0xff, 0xef, 0x7f, 0xfa,
    0x6f, 0xd3, 0xff, 0xfa, 0x5f, 0xfa, 0x6f, 0xd0,
    0xbf, 0xf3, 0x5f, 0xfa, 0x6f, 0xd0, 0x4f, 0xb0,
    0x5f, 0xfa,

    /* U+043D "н" */
    0x6f, 0xfb, 0x2, 0xff, 0xf6, 0xff, 0xb0, 0x2f,
    0xff, 0x6f, 0xff, 0xcd, 0xff, 0xf6, 0xff, 0xff,
    0xff, 0xff, 0x6f, 0xfb, 0x2, 0xff, 0xf6, 0xff,
    0xb0, 0x2f, 0xff, 0x6f, 0xfb, 0x2, 0xff, 0xf0,

    /* U+043E "о" */
    0x2, 0x9e, 0xff, 0xd8, 0x10, 0x2e, 0xff, 0xcc,
    0xff, 0xe1, 0x9f, 0xfd, 0x0, 0xef, 0xf7, 0xbf,
    0xfa, 0x0, 0xcf, 0xf9, 0x9f, 0xfd, 0x0, 0xef,
    0xf7, 0x2e, 0xff, 0xcd, 0xff, 0xd0, 0x1, 0x9e,
    0xff, 0xd8, 0x10,

    /* U+043F "п" */
    0x6f, 0xff, 0xff, 0xff, 0xf6, 0xff, 0xfd, 0xdf,
    0xff, 0x6f, 0xfb, 0x2, 0xff, 0xf6, 0xff, 0xb0,
    0x2f, 0xff, 0x6f, 0xfb, 0x2, 0xff, 0xf6, 0xff,
    0xb0, 0x2f, 0xff, 0x6f, 0xfb, 0x2, 0xff, 0xf0,

    /* U+0440 "р" */
    0x6f, 0xfb, 0x9e, 0xfc, 0x30, 0x6f, 0xff, 0xbc,
    0xff, 0xe1, 0x6f, 0xfc, 0x0, 0xff, 0xf6, 0x6f,
    0xf9, 0x0, 0xef, 0xf7, 0x6f, 0xfc, 0x1, 0xff,
    0xf5, 0x6f, 0xff, 0xdd, 0xff, 0xe0, 0x6f, 0xfb,
    0xaf, 0xfb, 0x20, 0x6f, 0xfb, 0x0, 0x0, 0x0,
    0x6f, 0xfb, 0x0, 0x0, 0x0, 0x6f, 0xfb, 0x0,
    0x0, 0x0,

    /* U+0441 "с" */
    0x1, 0x9d, 0xff, 0xd8, 0x0, 0x2e, 0xff, 0xdb,
    0xff, 0xa0, 0x9f, 0xfe, 0x0, 0x76, 0x40, 0xbf,
    0xfc, 0x0, 0x0, 0x0, 0x9f, 0xff, 0x10, 0x8a,
    0x60, 0x2e, 0xff, 0xfe, 0xff, 0xb0, 0x2, 0x9e,
    0xff, 0xd8, 0x0,

    /* U+0442 "т" */
    0xbf, 0xff, 0xff, 0xff, 0x5a, 0xff, 0xff, 0xff,
    0xf4, 0x0, 0x4f, 0xfe, 0x0, 0x0, 0x4, 0xff,
    0xe0, 0x0, 0x0, 0x4f, 0xfe, 0x0, 0x0, 0x4,
    0xff, 0xe0, 0x0, 0x0, 0x4f, 0xfe, 0x0, 0x0,

    /* U+0443 "у" */
    0xd, 0xff, 0x70, 0x2f, 0xf9, 0x7, 0xff, 0xb0,
    0x7f, 0xf3, 0x1, 0xff, 0xf1, 0xbf, 0xd0, 0x0,
    0xaf, 0xf6, 0xff, 0x60, 0x0, 0x4f, 0xfe, 0xff,
    0x10, 0x0, 0xd, 0xff, 0xfa, 0x0, 0x0, 0x7,
    0xff, 0xf3, 0x0, 0x0, 0x38, 0xff, 0xc0, 0x0,
    0x0, 0xff, 0xff, 0x30, 0x0, 0x0, 0xde, 0xb3,
    0x0, 0x0,

    /* U+0444 "ф" */
    0x0, 0x0, 0x4, 0xff, 0xd0, 0x0, 0x0, 0x0,
    0x0, 0x0, 0x4f, 0xfd, 0x0, 0x0, 0x0, 0x0,
    0x0, 0x3, 0xff, 0xd0, 0x0, 0x0, 0x0, 0x5d,
    0xfc, 0x7f, 0xfc, 0x7e, 0xfb, 0x10, 0x3f, 0xff,
    0xcf, 0xff, 0xfe, 0xdf, 0xfc, 0x8, 0xff, 0xb0,
    0x6f, 0xfe, 0x1, 0xff, 0xf2, 0xaf, 0xf9, 0x2,
    0xff, 0xc0, 0xf, 0xff, 0x49, 0xff, 0xb0, 0x6f,
    0xfe, 0x1, 0xff, 0xf2, 0x3f, 0xff, 0xcf, 0xff,
    0xfe, 0xef, 0xfc, 0x0, 0x6d, 0xfc, 0x6f, 0xfd,
    0x8e, 0xfb, 0x10, 0x0, 0x0, 0x4, 0xff, 0xd0,
    0x0, 0x0, 0x0, 0x0, 0x0, 0x4f, 0xfd, 0x0,
    0x0, 0x0, 0x0, 0x0, 0x4, 0xff, 0xd0, 0x0,
    0x0, 0x0,

    /* U+0445 "х" */
    0x8, 0xff, 0xf1, 0x2f, 0xfb, 0x0, 0xc, 0xff,
    0x9c, 0xfe, 0x10, 0x0, 0x1e, 0xff, 0xff, 0x30,
    0x0, 0x0, 0x8f, 0xff, 0xc0, 0x0, 0x0, 0x2f,
    0xff, 0xff, 0x60, 0x0, 0xd, 0xfd, 0x5f, 0xff,
    0x30, 0xa, 0xff, 0x30, 0xaf, 0xfd, 0x10,

    /* U+0446 "ц" */
    0x6f, 0xfb, 0x3, 0xff, 0xe0, 0x6, 0xff, 0xb0,
    0x3f, 0xfe, 0x0, 0x6f, 0xfb, 0x3, 0xff, 0xe0,
    0x6, 0xff, 0xb0, 0x3f, 0xfe, 0x0, 0x6f, 0xfb,
    0x3, 0xff, 0xe0, 0x6, 0xff, 0xfd, 0xef, 0xff,
    0xd2, 0x6f, 0xff, 0xff, 0xff, 0xff, 0x20, 0x0,
    0x0, 0x0, 0xaf, 0xf2, 0x0, 0x0, 0x0, 0x8,
    0xdd, 0x20,

    /* U+0447 "ч" */
    0x9f, 0xf9, 0x7, 0xff, 0xa9, 0xff, 0x90, 0x7f,
    0xfa, 0x7f, 0xfc, 0x8, 0xff, 0xa2, 0xff, 0xff,
    0xff, 0xfa, 0x3, 0x9b, 0xac, 0xff, 0xa0, 0x0,
    0x0, 0x7f, 0xfa, 0x0, 0x0, 0x7, 0xff, 0xa0,

    /* U+0448 "ш" */
    0x6f, 0xfb, 0xa, 0xff, 0x70, 0xef, 0xf4, 0x6f,
    0xfb, 0xa, 0xff, 0x70, 0xef, 0xf4, 0x6f, 0xfb,
    0xa, 0xff, 0x70, 0xef, 0xf4, 0x6f, 0xfb, 0xa,
    0xff, 0x70, 0xef, 0xf4, 0x6f, 0xfb, 0xa, 0xff,
    0x70, 0xef, 0xf4, 0x6f, 0xff, 0xce, 0xff, 0xec,
    0xff, 0xf4, 0x6f, 0xff, 0xff, 0xff, 0xff, 0xff,
    0xf4,

    /* U+0449 "щ" */
    0x6f, 0xfb, 0xa, 0xff, 0x70, 0xef, 0xf3, 0x6,
    0xff, 0xb0, 0xaf, 0xf7, 0xe, 0xff, 0x30, 0x6f,
    0xfb, 0xa, 0xff, 0x70, 0xef, 0xf3, 0x6, 0xff,
    0xb0, 0xaf, 0xf7, 0xe, 0xff, 0x30, 0x6f, 0xfb,
    0xa, 0xff, 0x70, 0xef, 0xf3, 0x6, 0xff, 0xfc,
    0xef, 0xfe, 0xcf, 0xff, 0xd5, 0x6f, 0xff, 0xff,
    0xff, 0xff, 0xff, 0xff, 0x70, 0x0, 0x0, 0x0,
    0x0, 0x0, 0x5f, 0xf7, 0x0, 0x0, 0x0, 0x0,
    0x0, 0x5, 0xee, 0x60,

    /* U+044A "ъ" */
    0xbf, 0xff, 0xfd, 0x0, 0x0, 0xa, 0xff, 0xff,
    0xd0, 0x0, 0x0, 0x0, 0x5f, 0xfe, 0x99, 0x84,
    0x0, 0x5, 0xff, 0xff, 0xff, 0xf9, 0x0, 0x5f,
    0xfd, 0x4, 0xff, 0xf0, 0x5, 0xff, 0xe9, 0xcf,
    0xfc, 0x0, 0x5f, 0xff, 0xff, 0xeb, 0x20,

    /* U+044B "ы" */
    0x6f, 0xfb, 0x0, 0x0, 0x8, 0xff, 0xa6, 0xff,
    0xb0, 0x0, 0x0, 0x8f, 0xfa, 0x6f, 0xfe, 0x99,
    0x83, 0x8, 0xff, 0xa6, 0xff, 0xff, 0xff, 0xf7,
    0x8f, 0xfa, 0x6f, 0xfb, 0x6, 0xff, 0xd8, 0xff,
    0xa6, 0xff, 0xe9, 0xdf, 0xfa, 0x8f, 0xfa, 0x6f,
    0xff, 0xff, 0xea, 0x18, 0xff, 0xa0,

    /* U+044C "ь" */
    0x6f, 0xfb, 0x0, 0x0, 0x6, 0xff, 0xb0, 0x0,
    0x0, 0x6f, 0xfe, 0x99, 0x84, 0x6, 0xff, 0xff,
    0xff, 0xf7, 0x6f, 0xfb, 0x6, 0xff, 0xd6, 0xff,
    0xe9, 0xdf, 0xfa, 0x6f, 0xff, 0xff, 0xea, 0x10,

    /* U+044D "э" */
    0x3, 0xae, 0xfe, 0xc5, 0x0, 0x2f, 0xfd, 0x9e,
    0xff, 0x80, 0x0, 0x23, 0x8a, 0xff, 0xf0, 0x0,
    0x4, 0xff, 0xff, 0xf2, 0x26, 0xa1, 0x6, 0xff,
    0xf0, 0x7f, 0xfe, 0xcf, 0xff, 0x70, 0x5, 0xce,
    0xfe, 0xb5, 0x0,

    /* U+044E "ю" */
    0x6f, 0xfb, 0x1, 0x8d, 0xff, 0xd9, 0x10, 0x6f,
    0xfb, 0xd, 0xff, 0xb9, 0xff, 0xe2, 0x6f, 0xff,
    0xdf, 0xff, 0x0, 0xcf, 0xf9, 0x6f, 0xff, 0xff,
    0xfe, 0x0, 0xaf, 0xfb, 0x6f, 0xfb, 0x3f, 0xff,
    0x0, 0xdf, 0xf8, 0x6f, 0xfb, 0xa, 0xff, 0xba,
    0xff, 0xe1, 0x6f, 0xfb, 0x0, 0x6c, 0xef, 0xd9,
    0x10,

    /* U+044F "я" */
    0x5, 0xdf, 0xff, 0xff, 0xe3, 0xff, 0xfa, 0xbf,
    0xfe, 0x6f, 0xfb, 0x3, 0xff, 0xe3, 0xff, 0xf8,
    0x9f, 0xfe, 0x5, 0xff, 0xff, 0xff, 0xe0, 0xbf,
    0xf7, 0x3f, 0xfe, 0x7f, 0xfd, 0x3, 0xff, 0xe0,

    /* U+0450 "ѐ" */
    0x2, 0xef, 0xf2, 0x0, 0x0, 0x0, 0x1c, 0xfc,
    0x0, 0x0, 0x0, 0x0, 0x0, 0x0, 0x0, 0x1,
    0x9e, 0xff, 0xc5, 0x0, 0x2e, 0xff, 0xaa, 0xff,
    0x70, 0x9f, 0xfd, 0x0, 0xef, 0xe0, 0xbf, 0xff,
    0xff, 0xff, 0xf1, 0x9f, 0xfd, 0x22, 0x56, 0x40,
    0x2e, 0xff, 0xec, 0xff, 0xd0, 0x1, 0x9d, 0xff,
    0xd8, 0x10,

    /* U+0451 "ё" */
    0x4, 0xff, 0x79, 0xff, 0x20, 0x3, 0xee, 0x68,
    0xee, 0x20, 0x0, 0x0, 0x0, 0x0, 0x0, 0x1,
    0x9e, 0xff, 0xc5, 0x0, 0x2e, 0xff, 0xaa, 0xff,
    0x70, 0x9f, 0xfd, 0x0, 0xef, 0xe0, 0xbf, 0xff,
    0xff, 0xff, 0xf1, 0x9f, 0xfd, 0x22, 0x56, 0x40,
    0x2e, 0xff, 0xec, 0xff, 0xd0, 0x1, 0x9d, 0xff,
    0xd8, 0x10,

    /* U+0452 "ђ" */
    0x6, 0xff, 0xb0, 0x0, 0x0, 0x5b, 0xff, 0xd9,
    0x20, 0x0, 0xaf, 0xff, 0xff, 0x30, 0x0, 0x6,
    0xff, 0xa6, 0xdf, 0xd3, 0x6, 0xff, 0xfe, 0xff,
    0xfd, 0x6, 0xff, 0xc0, 0x3f, 0xff, 0x6, 0xff,
    0xb0, 0x2f, 0xff, 0x6, 0xff, 0xb0, 0x2f, 0xff,
    0x6, 0xff, 0xb0, 0x2f, 0xff, 0x6, 0xff, 0xb0,
    0x2f, 0xff, 0x0, 0x0, 0x0, 0x4f, 0xfd, 0x0,
    0x0, 0x8, 0xff, 0xf7, 0x0, 0x0, 0x7, 0xfd,
    0x60,

    /* U+0453 "ѓ" */
    0x0, 0x6, 0xff, 0xb1, 0x0, 0x2e, 0xfa, 0x0,
    0x0, 0x0, 0x0, 0x0, 0x6f, 0xff, 0xff, 0xf1,
    0x6f, 0xff, 0xff, 0xf0, 0x6f, 0xfc, 0x0, 0x0,
    0x6f, 0xfc, 0x0, 0x0, 0x6f, 0xfc, 0x0, 0x0,
    0x6f, 0xfc, 0x0, 0x0, 0x6f, 0xfc, 0x0, 0x0,

    /* U+0454 "є" */
    0x1, 0x9d, 0xff, 0xd8, 0x0, 0x1e, 0xff, 0xba,
    0xff, 0xa0, 0x9f, 0xfe, 0x86, 0x21, 0x0, 0xbf,
    0xff, 0xfc, 0x0, 0x0, 0x9f, 0xfd, 0x0, 0x68,
    0x50, 0x2e, 0xff, 0xdc, 0xff, 0xc0, 0x1, 0x9d,
    0xff, 0xd8, 0x0,

    /* U+0455 "ѕ" */
    0x7, 0xdf, 0xff, 0xc4, 0x6, 0xff, 0x82, 0x8a,
    0x80, 0x9f, 0xfe, 0xa8, 0x51, 0x2, 0xdf, 0xff,
    0xff, 0xe2, 0x0, 0x36, 0x8d, 0xff, 0x75, 0xbe,
    0x85, 0xbf, 0xf4, 0x19, 0xdf, 0xff, 0xc5, 0x0,

    /* U+0456 "і" */
    0x6f, 0xfb, 0x5e, 0xe9, 0x0, 0x0, 0x6f, 0xfb,
    0x6f, 0xfb, 0x6f, 0xfb, 0x6f, 0xfb, 0x6f, 0xfb,
    0x6f, 0xfb, 0x6f, 0xfb,

    /* U+0457 "ї" */
    0xf, 0xfa, 0x6f, 0xf5, 0xe, 0xe9, 0x5e, 0xe4,
    0x0, 0x0, 0x0, 0x0, 0x0, 0x6f, 0xfb, 0x0,
    0x0, 0x6f, 0xfb, 0x0, 0x0, 0x6f, 0xfb, 0x0,
    0x0, 0x6f, 0xfb, 0x0, 0x0, 0x6f, 0xfb, 0x0,
    0x0, 0x6f, 0xfb, 0x0, 0x0, 0x6f, 0xfb, 0x0,

    /* U+0458 "ј" */
    0x6, 0xff, 0xb0, 0x5e, 0xe9, 0x0, 0x0, 0x0,
    0x6f, 0xfb, 0x6, 0xff, 0xb0, 0x6f, 0xfb, 0x6,
    0xff, 0xb0, 0x6f, 0xfb, 0x6, 0xff, 0xb0, 0x6f,
    0xfb, 0x8, 0xff, 0x9c, 0xff, 0xf3, 0xbf, 0xc4,
    0x0,

    /* U+0459 "љ" */
    0x1, 0xff, 0xff, 0xff, 0xf7, 0x0, 0x0, 0x0,
    0x1f, 0xfe, 0xdf, 0xff, 0x70, 0x0, 0x0, 0x2,
    0xff, 0x50, 0xaf, 0xfc, 0x99, 0x72, 0x0, 0x4f,
    0xf3, 0xa, 0xff, 0xff, 0xff, 0xf3, 0x5d, 0xff,
    0x10, 0xaf, 0xf7, 0xa, 0xff, 0x9a, 0xff, 0xb0,
    0xa, 0xff, 0xca, 0xef, 0xf6, 0x8f, 0xb1, 0x0,
    0xaf, 0xff, 0xff, 0xe8, 0x0,

    /* U+045A "њ" */
    0x6f, 0xfb, 0x2, 0xff, 0xf0, 0x0, 0x0, 0x6,
    0xff, 0xb0, 0x2f, 0xff, 0x0, 0x0, 0x0, 0x6f,
    0xff, 0xdd, 0xff, 0xfd, 0xdc, 0x91, 0x6, 0xff,
    0xff, 0xff, 0xff, 0xff, 0xff, 0xd0, 0x6f, 0xfb,
    0x2, 0xff, 0xf0, 0x2f, 0xff, 0x16, 0xff, 0xb0,
    0x2f, 0xff, 0x9b, 0xff, 0xe0, 0x6f, 0xfb, 0x2,
    0xff, 0xff, 0xff, 0xb2, 0x0,

    /* U+045B "ћ" */
    0x6, 0xff, 0xb0, 0x0, 0x0, 0xaf, 0xff, 0xff,
    0x30, 0x0, 0x5b, 0xff, 0xd9, 0x20, 0x0, 0x6,
    0xff, 0xa7, 0xdf, 0xe4, 0x6, 0xff, 0xfe, 0xef,
    0xfe, 0x6, 0xff, 0xc0, 0x3f, 0xff, 0x6, 0xff,
    0xb0, 0x2f, 0xff, 0x6, 0xff, 0xb0, 0x2f, 0xff,
    0x6, 0xff, 0xb0, 0x2f, 0xff, 0x6, 0xff, 0xb0,
    0x2f, 0xff,

    /* U+045C "ќ" */
    0x0, 0x0, 0x2f, 0xfe, 0x20, 0x0, 0x0, 0xcf,
    0xc1, 0x0, 0x0, 0x0, 0x0, 0x0, 0x0, 0x6f,
    0xfb, 0x3, 0xff, 0xc0, 0x6f, 0xfb, 0x2e, 0xfd,
    0x10, 0x6f, 0xfc, 0xdf, 0xd1, 0x0, 0x6f, 0xff,
    0xff, 0xc0, 0x0, 0x6f, 0xfb, 0xdf, 0xfa, 0x0,
    0x6f, 0xfb, 0x3f, 0xff, 0x70, 0x6f, 0xfb, 0x6,
    0xff, 0xf5,

    /* U+045D "ѝ" */
    0x2, 0xef, 0xf2, 0x0, 0x0, 0x0, 0x1c, 0xfc,
    0x0, 0x0, 0x0, 0x0, 0x0, 0x0, 0x0, 0x6f,
    0xfa, 0x5, 0xff, 0xf3, 0x6f, 0xfa, 0xd, 0xff,
    0xf3, 0x6f, 0xfa, 0x7f, 0xff, 0xf3, 0x6f, 0xfa,
    0xec, 0xdf, 0xf3, 0x6f, 0xff, 0xf3, 0xdf, 0xf3,
    0x6f, 0xff, 0xb0, 0xdf, 0xf3, 0x6f, 0xff, 0x20,
    0xdf, 0xf3,

    /* U+045E "ў" */
    0x0, 0xef, 0x80, 0x9f, 0xd0, 0x0, 0x7f, 0xc0,
    0xdf, 0x70, 0x0, 0x8, 0xef, 0xe7, 0x0, 0xd,
    0xff, 0x70, 0x2f, 0xf9, 0x7, 0xff, 0xb0, 0x7f,
    0xf3, 0x1, 0xff, 0xf1, 0xbf, 0xd0, 0x0, 0xaf,
    0xf6, 0xff, 0x60, 0x0, 0x4f, 0xfe, 0xff, 0x10,
    0x0, 0xd, 0xff, 0xfa, 0x0, 0x0, 0x7, 0xff,
    0xf3, 0x0, 0x0, 0x38, 0xff, 0xc0, 0x0, 0x0,
    0xff, 0xff, 0x30, 0x0, 0x0, 0xde, 0xb3, 0x0,
    0x0,

    /* U+045F "џ" */
    0x6f, 0xfb, 0x3, 0xff, 0xf6, 0xff, 0xb0, 0x3f,
    0xff, 0x6f, 0xfb, 0x3, 0xff, 0xf6, 0xff, 0xb0,
    0x3f, 0xff, 0x6f, 0xfb, 0x3, 0xff, 0xf6, 0xff,
    0xec, 0xcf, 0xff, 0x6f, 0xff, 0xff, 0xff, 0xf0,
    0x0, 0xaf, 0xf3, 0x0, 0x0, 0xa, 0xff, 0x30,
    0x0,

    /* U+0490 "Ґ" */
    0x0, 0x0, 0x1, 0x88, 0x70, 0x0, 0x0, 0x3f,
    0xff, 0x5f, 0xff, 0xff, 0xff, 0xf5, 0xff, 0xff,
    0xff, 0xff, 0x5f, 0xff, 0x64, 0x44, 0x35, 0xff,
    0xf2, 0x0, 0x0, 0x5f, 0xff, 0x20, 0x0, 0x5,
    0xff, 0xf2, 0x0, 0x0, 0x5f, 0xff, 0x20, 0x0,
    0x5, 0xff, 0xf2, 0x0, 0x0, 0x5f, 0xff, 0x20,
    0x0, 0x5, 0xff, 0xf2, 0x0, 0x0,

    /* U+0491 "ґ" */
    0x0, 0x0, 0x68, 0x80, 0x0, 0x0, 0xcf, 0xf1,
    0x6f, 0xff, 0xff, 0xf1, 0x6f, 0xff, 0xff, 0xf0,
    0x6f, 0xfc, 0x0, 0x0, 0x6f, 0xfc, 0x0, 0x0,
    0x6f, 0xfc, 0x0, 0x0, 0x6f, 0xfc, 0x0, 0x0,
    0x6f, 0xfc, 0x0, 0x0,

    /* U+1E02 "Ḃ" */
    0x0, 0x2, 0xff, 0xf4, 0x0, 0x0, 0x0, 0x2,
    0xcc, 0xc3, 0x0, 0x0, 0x5f, 0xff, 0xff, 0xff,
    0xe8, 0x0, 0x5f, 0xff, 0xdd, 0xef, 0xff, 0x80,
    0x5f, 0xff, 0x0, 0xa, 0xff, 0xd0, 0x5f, 0xff,
    0x0, 0xa, 0xff, 0xb0, 0x5f, 0xff, 0xdd, 0xdf,
    0xfe, 0x30, 0x5f, 0xff, 0xff, 0xff, 0xfd, 0x40,
    0x5f, 0xff, 0x0, 0x7, 0xff, 0xf0, 0x5f, 0xff,
    0x0, 0x6, 0xff, 0xf2, 0x5f, 0xff, 0xee, 0xef,
    0xff, 0xe0, 0x5f, 0xff, 0xff, 0xff, 0xeb, 0x20,

    /* U+1E03 "ḃ" */
    0x0, 0xc, 0xff, 0xb0, 0x0, 0x0, 0x9, 0xcc,
    0x80, 0x0, 0x6f, 0xfb, 0x0, 0x0, 0x0, 0x6f,
    0xfb, 0x0, 0x0, 0x0, 0x6f, 0xfb, 0x0, 0x0,
    0x0, 0x6f, 0xfa, 0x8e, 0xfc, 0x30, 0x6f, 0xff,
    0xee, 0xff, 0xe1, 0x6f, 0xfd, 0x1, 0xff, 0xf6,
    0x6f, 0xf9, 0x0, 0xef, 0xf7, 0x6f, 0xfb, 0x0,
    0xff, 0xf5, 0x6f, 0xff, 0xab, 0xff, 0xe0, 0x6f,
    0xfb, 0xaf, 0xfb, 0x20,

    /* U+1E0A "Ḋ" */
    0x0, 0x0, 0xcf, 0xfb, 0x0, 0x0, 0x0, 0x0,
    0x9c, 0xc9, 0x0, 0x0, 0x5f, 0xff, 0xff, 0xfd,
    0x92, 0x0, 0x5f, 0xff, 0xff, 0xff, 0xff, 0x50,
    0x5f, 0xff, 0x32, 0x5e, 0xff, 0xf1, 0x5f, 0xff,
    0x10, 0x6, 0xff, 0xf7, 0x5f, 0xff, 0x10, 0x2,
    0xff, 0xf9, 0x5f, 0xff, 0x10, 0x3, 0xff, 0xf9,
    0x5f, 0xff, 0x10, 0x7, 0xff, 0xf6, 0x5f, 0xff,
    0x42, 0x6f, 0xff, 0xf1, 0x5f, 0xff, 0xff, 0xff,
    0xff, 0x40, 0x5f, 0xff, 0xff, 0xfd, 0x92, 0x0,

    /* U+1E0B "ḋ" */
    0x0, 0xe, 0xff, 0x80, 0x0, 0x0, 0xb, 0xcc,
    0x70, 0x0, 0x0, 0x0, 0x0, 0xef, 0xf3, 0x0,
    0x0, 0x0, 0xef, 0xf3, 0x0, 0x0, 0x0, 0xef,
    0xf3, 0x4, 0xcf, 0xe8, 0xdf, 0xf3, 0x2f, 0xff,
    0xce, 0xff, 0xf3, 0x9f, 0xfd, 0x1, 0xff, 0xf3,
    0xaf, 0xfb, 0x0, 0xcf, 0xf3, 0x9f, 0xfd, 0x0,
    0xff, 0xf3, 0x3f, 0xff, 0xad, 0xff, 0xf3, 0x5,
    0xdf, 0xe7, 0xdf, 0xf3,

    /* U+1E1E "Ḟ" */
    0x0, 0xa, 0xff, 0xd0, 0x0, 0x0, 0x8, 0xcc,
    0xa0, 0x0, 0x5f, 0xff, 0xff, 0xff, 0xf8, 0x5f,
    0xff, 0xff, 0xff, 0xf8, 0x5f, 0xff, 0x32, 0x22,
    0x21, 0x5f, 0xff, 0x10, 0x0, 0x0, 0x5f, 0xff,
    0xff, 0xff, 0x80, 0x5f, 0xff, 0xff, 0xff, 0x80,
    0x5f, 0xff, 0x32, 0x22, 0x10, 0x5f, 0xff, 0x10,
    0x0, 0x0, 0x5f, 0xff, 0x10, 0x0, 0x0, 0x5f,
    0xff, 0x10, 0x0, 0x0,

    /* U+1E1F "ḟ" */
    0x0, 0xef, 0xf3, 0x0, 0xc, 0xdd, 0x20, 0x0,
    0x3c, 0xff, 0xb0, 0x1f, 0xff, 0xdb, 0x4, 0xff,
    0xd0, 0xb, 0xff, 0xff, 0xfc, 0x7c, 0xff, 0xfa,
    0x80, 0x5f, 0xfd, 0x0, 0x5, 0xff, 0xd0, 0x0,
    0x5f, 0xfd, 0x0, 0x5, 0xff, 0xd0, 0x0, 0x5f,
    0xfd, 0x0,

    /* U+1E40 "Ṁ" */
    0x0, 0x0, 0x0, 0xef, 0xf9, 0x0, 0x0, 0x0,
    0x0, 0x0, 0xb, 0xcc, 0x70, 0x0, 0x0, 0x5f,
    0xff, 0xfd, 0x0, 0x2, 0xff, 0xff, 0xd5, 0xff,
    0xff, 0xf3, 0x0, 0x8f, 0xff, 0xfd, 0x5f, 0xff,
    0xff, 0xa0, 0xf, 0xff, 0xff, 0xd5, 0xff, 0xbf,
    0xff, 0x16, 0xff, 0xbf, 0xfd, 0x5f, 0xf6, 0xef,
    0xf7, 0xdf, 0xb9, 0xff, 0xd5, 0xff, 0x68, 0xff,
    0xff, 0xf4, 0x9f, 0xfd, 0x5f, 0xf6, 0x2f, 0xff,
    0xfd, 0x9, 0xff, 0xd5, 0xff, 0x60, 0xbf, 0xff,
    0x70, 0x9f, 0xfd, 0x5f, 0xf6, 0x4, 0xff, 0xf1,
    0x9, 0xff, 0xd5, 0xff, 0x60, 0xe, 0xf9, 0x0,
    0x9f, 0xfd,

    /* U+1E41 "ṁ" */
    0x0, 0x0, 0x6, 0xff, 0xc0, 0x0, 0x0, 0x0,
    0x0, 0x5, 0xee, 0xa0, 0x0, 0x0, 0x0, 0x0,
    0x0, 0x0, 0x0, 0x0, 0x0, 0x6f, 0xfb, 0x8e,
    0xfd, 0x37, 0xef, 0xd3, 0x6f, 0xff, 0xce, 0xff,
    0xfc, 0xef, 0xfb, 0x6f, 0xfb, 0x6, 0xff, 0xc0,
    0x5f, 0xfd, 0x6f, 0xfb, 0x6, 0xff, 0xc0, 0x5f,
    0xfd, 0x6f, 0xfb, 0x6, 0xff, 0xc0, 0x5f, 0xfd,
    0x6f, 0xfb, 0x6, 0xff, 0xc0, 0x5f, 0xfd, 0x6f,
    0xfb, 0x6, 0xff, 0xc0, 0x5f, 0xfd,

    /* U+1E56 "Ṗ" */
    0x0, 0x0, 0xef, 0xf9, 0x0, 0x0, 0x0, 0x0,
    0xbc, 0xc7, 0x0, 0x0, 0x5f, 0xff, 0xff, 0xff,
    0xe9, 0x10, 0x5f, 0xff, 0xff, 0xff, 0xff, 0xc0,
    0x5f, 0xff, 0x10, 0x9, 0xff, 0xf2, 0x5f, 0xff,
    0x10, 0x9, 0xff, 0xf1, 0x5f, 0xff, 0xff, 0xff,
    0xff, 0xb0, 0x5f, 0xff, 0xff, 0xff, 0xe9, 0x0,
    0x5f, 0xff, 0x10, 0x0, 0x0, 0x0, 0x5f, 0xff,
    0x10, 0x0, 0x0, 0x0, 0x5f, 0xff, 0x10, 0x0,
    0x0, 0x0, 0x5f, 0xff, 0x10, 0x0, 0x0, 0x0,

    /* U+1E57 "ṗ" */
    0x0, 0x9, 0xff, 0x80, 0x0, 0x0, 0x8, 0xee,
    0x70, 0x0, 0x0, 0x0, 0x0, 0x0, 0x0, 0x6f,
    0xfb, 0x9e, 0xfc, 0x30, 0x6f, 0xff, 0xbc, 0xff,
    0xe1, 0x6f, 0xfc, 0x0, 0xff, 0xf6, 0x6f, 0xf9,
    0x0, 0xef, 0xf7, 0x6f, 0xfc, 0x1, 0xff, 0xf5,
    0x6f, 0xff, 0xdd, 0xff, 0xe0, 0x6f, 0xfb, 0xaf,
    0xfb, 0x20, 0x6f, 0xfb, 0x0, 0x0, 0x0, 0x6f,
    0xfb, 0x0, 0x0, 0x0, 0x6f, 0xfb, 0x0, 0x0,
    0x0,

    /* U+1E60 "Ṡ" */
    0x0, 0x3, 0xcc, 0xc2, 0x0, 0x0, 0x0, 0x4f,
    0xff, 0x20, 0x0, 0x0, 0x0, 0x0, 0x0, 0x0,
    0x0, 0x19, 0xdf, 0xff, 0xd8, 0x0, 0x1e, 0xff,
    0xca, 0xdf, 0xfb, 0x8, 0xff, 0xf0, 0x0, 0x75,
    0x40, 0x9f, 0xff, 0xeb, 0x85, 0x10, 0x4, 0xff,
    0xff, 0xff, 0xff, 0x90, 0x5, 0xdf, 0xff, 0xff,
    0xff, 0x60, 0x0, 0x14, 0x6a, 0xff, 0xf9, 0x15,
    0xab, 0x10, 0xf, 0xff, 0x87, 0xff, 0xff, 0xdf,
    0xff, 0xe1, 0x3, 0xad, 0xff, 0xfd, 0x81, 0x0,

    /* U+1E61 "ṡ" */
    0x0, 0x3f, 0xfe, 0x0, 0x0, 0x2, 0xee, 0xc0,
    0x0, 0x0, 0x0, 0x0, 0x0, 0x0, 0x7d, 0xff,
    0xfc, 0x40, 0x6f, 0xf8, 0x28, 0xa8, 0x9, 0xff,
    0xea, 0x85, 0x10, 0x2d, 0xff, 0xff, 0xfe, 0x20,
    0x3, 0x68, 0xdf, 0xf7, 0x5b, 0xe8, 0x5b, 0xff,
    0x41, 0x9d, 0xff, 0xfc, 0x50,

    /* U+1E6A "Ṫ" */
    0x0, 0x7, 0xff, 0xf0, 0x0, 0x0, 0x0, 0x6c,
    0xcc, 0x0, 0x0, 0xbf, 0xff, 0xff, 0xff, 0xff,
    0x3b, 0xff, 0xff, 0xff, 0xff, 0xf3, 0x24, 0x49,
    0xff, 0xf4, 0x44, 0x0, 0x0, 0x7f, 0xff, 0x0,
    0x0, 0x0, 0x7, 0xff, 0xf0, 0x0, 0x0, 0x0,
    0x7f, 0xff, 0x0, 0x0, 0x0, 0x7, 0xff, 0xf0,
    0x0, 0x0, 0x0, 0x7f, 0xff, 0x0, 0x0, 0x0,
    0x7, 0xff, 0xf0, 0x0, 0x0, 0x0, 0x7f, 0xff,
    0x0, 0x0,

    /* U+1E6B "ṫ" */
    0x3, 0xee, 0xb0, 0x0, 0x4f, 0xfd, 0x0, 0x0,
    0x0, 0x20, 0x0, 0x3c, 0xfd, 0x0, 0x5, 0xff,
    0xd0, 0xb, 0xff, 0xff, 0xfe, 0x7c, 0xff, 0xfa,
    0x90, 0x5f, 0xfd, 0x0, 0x5, 0xff, 0xd0, 0x0,
    0x4f, 0xff, 0x43, 0x2, 0xff, 0xff, 0xe0, 0x5,
    0xdf, 0xfc,

    /* U+1E80 "Ẁ" */
    0x0, 0x0, 0x0, 0x9f, 0xfa, 0x0, 0x0, 0x0,
    0x0, 0x0, 0x0, 0x0, 0x0, 0x5e, 0xe7, 0x0,
    0x0, 0x0, 0x0, 0xe, 0xff, 0xb0, 0x0, 0xbf,
    0xf6, 0x0, 0xf, 0xff, 0x10, 0x9f, 0xff, 0x0,
    0xf, 0xff, 0xc0, 0x4, 0xff, 0xb0, 0x4, 0xff,
    0xf4, 0x5, 0xff, 0xff, 0x10, 0x8f, 0xf6, 0x0,
    0xe, 0xff, 0x80, 0xaf, 0xff, 0xf6, 0xc, 0xff,
    0x10, 0x0, 0xaf, 0xfc, 0xf, 0xff, 0xff, 0xb1,
    0xff, 0xc0, 0x0, 0x4, 0xff, 0xf6, 0xff, 0x6f,
    0xff, 0x6f, 0xf7, 0x0, 0x0, 0xf, 0xff, 0xef,
    0xc0, 0xff, 0xfe, 0xff, 0x20, 0x0, 0x0, 0xaf,
    0xff, 0xf8, 0xa, 0xff, 0xff, 0xd0, 0x0, 0x0,
    0x5, 0xff, 0xff, 0x30, 0x5f, 0xff, 0xf7, 0x0,
    0x0, 0x0, 0xf, 0xff, 0xe0, 0x0, 0xff, 0xff,
    0x20, 0x0,

    /* U+1E81 "ẁ" */
    0x0, 0x0, 0x4f, 0xfe, 0x10, 0x0, 0x0, 0x0,
    0x0, 0x0, 0x2d, 0xfa, 0x0, 0x0, 0x0, 0x0,
    0x0, 0x0, 0x0, 0x0, 0x0, 0x0, 0x0, 0xdf,
    0xf6, 0x5, 0xff, 0x50, 0x5f, 0xf5, 0x8, 0xff,
    0xa0, 0xaf, 0xfb, 0xa, 0xfe, 0x0, 0x2f, 0xff,
    0x1f, 0xff, 0xf1, 0xef, 0x90, 0x0, 0xcf, 0xf9,
    0xfd, 0xff, 0x9f, 0xf3, 0x0, 0x6, 0xff, 0xff,
    0x4f, 0xff, 0xfd, 0x0, 0x0, 0x1f, 0xff, 0xe0,
    0xaf, 0xff, 0x70, 0x0, 0x0, 0xaf, 0xfa, 0x4,
    0xff, 0xf1, 0x0,

    /* U+1E82 "Ẃ" */
    0x0, 0x0, 0x0, 0x0, 0x8, 0xff, 0xb1, 0x0,
    0x0, 0x0, 0x0, 0x0, 0x0, 0x5, 0xee, 0x70,
    0x0, 0x0, 0x0, 0xe, 0xff, 0xb0, 0x0, 0xbf,
    0xf6, 0x0, 0xf, 0xff, 0x10, 0x9f, 0xff, 0x0,
    0xf, 0xff, 0xc0, 0x4, 0xff, 0xb0, 0x4, 0xff,
    0xf4, 0x5, 0xff, 0xff, 0x10, 0x8f, 0xf6, 0x0,
    0xe, 0xff, 0x80, 0xaf, 0xff, 0xf6, 0xc, 0xff,
    0x10, 0x0, 0xaf, 0xfc, 0xf, 0xff, 0xff, 0xb1,
    0xff, 0xc0, 0x0, 0x4, 0xff, 0xf6, 0xff, 0x6f,
    0xff, 0x6f, 0xf7, 0x0, 0x0, 0xf, 0xff, 0xef,
    0xc0, 0xff, 0xfe, 0xff, 0x20, 0x0, 0x0, 0xaf,
    0xff, 0xf8, 0xa, 0xff, 0xff, 0xd0, 0x0, 0x0,
    0x5, 0xff, 0xff, 0x30, 0x5f, 0xff, 0xf7, 0x0,
    0x0, 0x0, 0xf, 0xff, 0xe0, 0x0, 0xff, 0xff,
    0x20, 0x0,

    /* U+1E83 "ẃ" */
    0x0, 0x0, 0x0, 0x7, 0xff, 0xa0, 0x0, 0x0,
    0x0, 0x0, 0x3, 0xff, 0x80, 0x0, 0x0, 0x0,
    0x0, 0x0, 0x0, 0x0, 0x0, 0x0, 0x0, 0xdf,
    0xf6, 0x5, 0xff, 0x50, 0x5f, 0xf5, 0x8, 0xff,
    0xa0, 0xaf, 0xfb, 0xa, 0xfe, 0x0, 0x2f, 0xff,
    0x1f, 0xff, 0xf1, 0xef, 0x90, 0x0, 0xcf, 0xf9,
    0xfd, 0xff, 0x9f, 0xf3, 0x0, 0x6, 0xff, 0xff,
    0x4f, 0xff, 0xfd, 0x0, 0x0, 0x1f, 0xff, 0xe0,
    0xaf, 0xff, 0x70, 0x0, 0x0, 0xaf, 0xfa, 0x4,
    0xff, 0xf1, 0x0,

    /* U+1E84 "Ẅ" */
    0x0, 0x0, 0x0, 0xbf, 0xf0, 0xef, 0xe0, 0x0,
    0x0, 0x0, 0x0, 0x0, 0x9, 0xcc, 0xb, 0xcb,
    0x0, 0x0, 0x0, 0xe, 0xff, 0xb0, 0x0, 0xbf,
    0xf6, 0x0, 0xf, 0xff, 0x10, 0x9f, 0xff, 0x0,
    0xf, 0xff, 0xc0, 0x4, 0xff, 0xb0, 0x4, 0xff,
    0xf4, 0x5, 0xff, 0xff, 0x10, 0x8f, 0xf6, 0x0,
    0xe, 0xff, 0x80, 0xaf, 0xff, 0xf6, 0xc, 0xff,
    0x10, 0x0, 0xaf, 0xfc, 0xf, 0xff, 0xff, 0xb1,
    0xff, 0xc0, 0x0, 0x4, 0xff, 0xf6, 0xff, 0x6f,
    0xff, 0x6f, 0xf7, 0x0, 0x0, 0xf, 0xff, 0xef,
    0xc0, 0xff, 0xfe, 0xff, 0x20, 0x0, 0x0, 0xaf,
    0xff, 0xf8, 0xa, 0xff, 0xff, 0xd0, 0x0, 0x0,
    0x5, 0xff, 0xff, 0x30, 0x5f, 0xff, 0xf7, 0x0,
    0x0, 0x0, 0xf, 0xff, 0xe0, 0x0, 0xff, 0xff,
    0x20, 0x0,

    /* U+1E85 "ẅ" */
    0x0, 0x0, 0x7f, 0xf4, 0xcf, 0xf0, 0x0, 0x0,
    0x0, 0x6, 0xee, 0x3a, 0xed, 0x0, 0x0, 0x0,
    0x0, 0x0, 0x0, 0x0, 0x0, 0x0, 0x0, 0xdf,
    0xf6, 0x5, 0xff, 0x50, 0x5f, 0xf5, 0x8, 0xff,
    0xa0, 0xaf, 0xfb, 0xa, 0xfe, 0x0, 0x2f, 0xff,
    0x1f, 0xff, 0xf1, 0xef, 0x90, 0x0, 0xcf, 0xf9,
    0xfd, 0xff, 0x9f, 0xf3, 0x0, 0x6, 0xff, 0xff,
    0x4f, 0xff, 0xfd, 0x0, 0x0, 0x1f, 0xff, 0xe0,
    0xaf, 0xff, 0x70, 0x0, 0x0, 0xaf, 0xfa, 0x4,
    0xff, 0xf1, 0x0,

    /* U+1E9E "ẞ" */
    0x0, 0x6c, 0xef, 0xed, 0x93, 0x0, 0xa, 0xff,
    0xff, 0xff, 0xff, 0xb0, 0x2f, 0xff, 0x60, 0x4f,
    0xff, 0x80, 0x5f, 0xff, 0x2, 0xef, 0xf9, 0x0,
    0x6f, 0xff, 0x6, 0xff, 0xe3, 0x0, 0x6f, 0xff,
    0x5, 0xff, 0xff, 0xb0, 0x6f, 0xff, 0x0, 0x5,
    0xff, 0xf6, 0x6f, 0xff, 0x0, 0x17, 0xff, 0xf7,
    0x6f, 0xff, 0x5, 0xff, 0xff, 0xf2, 0x6f, 0xff,
    0x3, 0xff, 0xda, 0x20,

    /* U+1EBC "Ẽ" */
    0x0, 0x1, 0x11, 0x11, 0x10, 0x1, 0xdf, 0xff,
    0xff, 0x80, 0x1, 0x44, 0x44, 0x43, 0x0, 0x5f,
    0xff, 0xff, 0xff, 0xfc, 0x5f, 0xff, 0xff, 0xff,
    0xfc, 0x5f, 0xff, 0x32, 0x22, 0x21, 0x5f, 0xff,
    0x10, 0x0, 0x0, 0x5f, 0xff, 0xff, 0xff, 0xb0,
    0x5f, 0xff, 0xff, 0xff, 0xb0, 0x5f, 0xff, 0x20,
    0x0, 0x0, 0x5f, 0xff, 0x32, 0x22, 0x21, 0x5f,
    0xff, 0xff, 0xff, 0xfc, 0x5f, 0xff, 0xff, 0xff,
    0xfc,

    /* U+1EBD "ẽ" */
    0x1, 0xcf, 0xc3, 0x3e, 0x50, 0x7, 0xf9, 0xcf,
    0xff, 0x20, 0x2, 0x60, 0x4, 0x73, 0x0, 0x1,
    0x9e, 0xff, 0xc5, 0x0, 0x2e, 0xff, 0xaa, 0xff,
    0x70, 0x9f, 0xfd, 0x0, 0xef, 0xe0, 0xbf, 0xff,
    0xff, 0xff, 0xf1, 0x9f, 0xfd, 0x22, 0x56, 0x40,
    0x2e, 0xff, 0xec, 0xff, 0xd0, 0x1, 0x9d, 0xff,
    0xd8, 0x10,

    /* U+1EF2 "Ỳ" */
    0x0, 0x9, 0xff, 0xa0, 0x0, 0x0, 0x0, 0x0,
    0x5e, 0xe7, 0x0, 0x0, 0xe, 0xff, 0xe0, 0x0,
    0xaf, 0xf9, 0x5, 0xff, 0xf6, 0x2, 0xff, 0xe1,
    0x0, 0xcf, 0xfe, 0xa, 0xff, 0x60, 0x0, 0x3f,
    0xff, 0x9f, 0xfd, 0x0, 0x0, 0x9, 0xff, 0xff,
    0xf4, 0x0, 0x0, 0x1, 0xff, 0xff, 0xa0, 0x0,
    0x0, 0x0, 0x8f, 0xff, 0x20, 0x0, 0x0, 0x0,
    0x6f, 0xff, 0x10, 0x0, 0x0, 0x0, 0x6f, 0xff,
    0x10, 0x0, 0x0, 0x0, 0x6f, 0xff, 0x10, 0x0,

    /* U+1EF3 "ỳ" */
    0x0, 0x7f, 0xfb, 0x0, 0x0, 0x0, 0x5, 0xff,
    0x60, 0x0, 0x0, 0x0, 0x0, 0x0, 0x0, 0xd,
    0xff, 0x70, 0x2f, 0xf9, 0x7, 0xff, 0xb0, 0x7f,
    0xf3, 0x1, 0xff, 0xf1, 0xbf, 0xd0, 0x0, 0xaf,
    0xf6, 0xff, 0x60, 0x0, 0x4f, 0xfe, 0xff, 0x10,
    0x0, 0xd, 0xff, 0xfa, 0x0, 0x0, 0x7, 0xff,
    0xf3, 0x0, 0x0, 0x38, 0xff, 0xc0, 0x0, 0x0,
    0xff, 0xff, 0x30, 0x0, 0x0, 0xde, 0xb3, 0x0,
    0x0,

    /* U+1EF8 "Ỹ" */
    0x0, 0x0, 0x1, 0x11, 0x11, 0x0, 0x0, 0x8,
    0xff, 0xff, 0xfd, 0x0, 0x0, 0x4, 0x44, 0x44,
    0x40, 0x0, 0xe, 0xff, 0xe0, 0x0, 0xaf, 0xf9,
    0x5, 0xff, 0xf6, 0x2, 0xff, 0xe1, 0x0, 0xcf,
    0xfe, 0xa, 0xff, 0x60, 0x0, 0x3f, 0xff, 0x9f,
    0xfd, 0x0, 0x0, 0x9, 0xff, 0xff, 0xf4, 0x0,
    0x0, 0x1, 0xff, 0xff, 0xa0, 0x0, 0x0, 0x0,
    0x8f, 0xff, 0x20, 0x0, 0x0, 0x0, 0x6f, 0xff,
    0x10, 0x0, 0x0, 0x0, 0x6f, 0xff, 0x10, 0x0,
    0x0, 0x0, 0x6f, 0xff, 0x10, 0x0,

    /* U+1EF9 "ỹ" */
    0x0, 0x4e, 0xe5, 0x8, 0xc0, 0x0, 0xde, 0x9f,
    0x9e, 0xd0, 0x0, 0xb8, 0x4, 0xee, 0x40, 0xd,
    0xff, 0x70, 0x2f, 0xf9, 0x7, 0xff, 0xb0, 0x7f,
    0xf3, 0x1, 0xff, 0xf1, 0xbf, 0xd0, 0x0, 0xaf,
    0xf6, 0xff, 0x60, 0x0, 0x4f, 0xfe, 0xff, 0x10,
    0x0, 0xd, 0xff, 0xfa, 0x0, 0x0, 0x7, 0xff,
    0xf3, 0x0, 0x0, 0x38, 0xff, 0xc0, 0x0, 0x0,
    0xff, 0xff, 0x30, 0x0, 0x0, 0xde, 0xb3, 0x0,
    0x0,

    /* U+2013 "–" */
    0x0, 0x0, 0x0, 0x0, 0x6, 0xff, 0xff, 0xff,
    0xfe, 0x6f, 0xff, 0xff, 0xff, 0xe0,

    /* U+2014 "—" */
    0x0, 0x0, 0x0, 0x0, 0x0, 0x0, 0x0, 0x6f,
    0xff, 0xff, 0xff, 0xff, 0xff, 0xfb, 0x6f, 0xff,
    0xff, 0xff, 0xff, 0xff, 0xfb,

    /* U+2018 "‘" */
    0x0, 0x0, 0x3, 0xd3, 0xe, 0xc1, 0x5f, 0xc9,
    0x6f, 0xff, 0x6f, 0xff,

    /* U+2019 "’" */
    0x6f, 0xff, 0x6f, 0xff, 0x39, 0xee, 0x4, 0xf8,
    0x9, 0xa0, 0x0, 0x0,

    /* U+201A "‚" */
    0x5d, 0xdd, 0x6f, 0xff, 0x6f, 0xff, 0x1, 0xec,
    0xa, 0xf3, 0x2, 0x20,

    /* U+201C "“" */
    0x0, 0x0, 0x0, 0x0, 0x0, 0x3d, 0x30, 0xb,
    0x80, 0xe, 0xc1, 0xa, 0xf3, 0x5, 0xfc, 0x90,
    0xfe, 0x93, 0x6f, 0xff, 0x1f, 0xff, 0x56, 0xff,
    0xf1, 0xff, 0xf5,

    /* U+201D "”" */
    0x6f, 0xff, 0x1f, 0xff, 0x56, 0xff, 0xf1, 0xff,
    0xf5, 0x39, 0xee, 0x9, 0xcf, 0x30, 0x4f, 0x80,
    0x1d, 0xd0, 0x9, 0xa0, 0x4, 0xd2, 0x0, 0x0,
    0x0, 0x0, 0x0,

    /* U+201E "„" */
    0x5d, 0xdd, 0x1d, 0xdd, 0x46, 0xff, 0xf1, 0xff,
    0xf5, 0x6f, 0xff, 0x1f, 0xff, 0x50, 0x1e, 0xc0,
    0xa, 0xf1, 0xa, 0xf3, 0x5, 0xf7, 0x0, 0x22,
    0x0, 0x4, 0x0,

    /* U+2020 "†" */
    0x0, 0xe, 0xff, 0x20, 0x0, 0x0, 0xef, 0xf2,
    0x0, 0x0, 0xe, 0xff, 0x20, 0x5, 0xff, 0xff,
    0xff, 0xf9, 0x5f, 0xff, 0xff, 0xff, 0x90, 0x11,
    0xef, 0xf3, 0x11, 0x0, 0xe, 0xff, 0x20, 0x0,
    0x0, 0xef, 0xf2, 0x0, 0x0, 0xe, 0xff, 0x20,
    0x0, 0x0, 0xef, 0xf2, 0x0,

    /* U+2021 "‡" */
    0x0, 0xe, 0xff, 0x20, 0x0, 0x0, 0xef, 0xf2,
    0x0, 0x0, 0xe, 0xff, 0x20, 0x5, 0xff, 0xff,
    0xff, 0xf9, 0x5f, 0xff, 0xff, 0xff, 0x90, 0x0,
    0xef, 0xf2, 0x0, 0x5f, 0xff, 0xff, 0xff, 0x95,
    0xff, 0xff, 0xff, 0xf9, 0x0, 0xe, 0xff, 0x20,
    0x0, 0x0, 0xef, 0xf2, 0x0,

    /* U+2022 "•" */
    0x0, 0x59, 0x82, 0x0, 0x8f, 0xff, 0xe2, 0xf,
    0xff, 0xff, 0x91, 0xff, 0xff, 0xfa, 0xc, 0xff,
    0xff, 0x50, 0x1a, 0xfe, 0x60,

    /* U+2026 "…" */
    0x5d, 0xdd, 0xb, 0xdd, 0x74, 0xdd, 0xd0, 0x6f,
    0xff, 0xe, 0xff, 0x85, 0xff, 0xf1, 0x6f, 0xff,
    0xe, 0xff, 0x85, 0xff, 0xf1,

    /* U+2030 "‰" */
    0x7, 0xdf, 0xeb, 0x30, 0x0, 0x5, 0xff, 0x50,
    0x0, 0x0, 0x0, 0x0, 0x7f, 0xf6, 0xbf, 0xf1,
    0x0, 0x6f, 0xf4, 0x0, 0x0, 0x0, 0x0, 0x0,
    0xcf, 0xe0, 0x5f, 0xf4, 0x7, 0xff, 0x40, 0x0,
    0x0, 0x0, 0x0, 0x0, 0x9f, 0xf3, 0x9f, 0xf2,
    0x8f, 0xe3, 0x0, 0x0, 0x0, 0x0, 0x0, 0x0,
    0x1b, 0xff, 0xff, 0x69, 0xfe, 0x20, 0x10, 0x0,
    0x0, 0x0, 0x10, 0x0, 0x0, 0x24, 0x30, 0xaf,
    0xd3, 0xaf, 0xff, 0xb2, 0x4, 0xdf, 0xfe, 0x80,
    0x0, 0x0, 0xb, 0xfd, 0x1a, 0xff, 0x5d, 0xfd,
    0x1f, 0xfb, 0x7f, 0xf6, 0x0, 0x0, 0xbf, 0xc1,
    0xd, 0xfc, 0x9, 0xff, 0x5f, 0xf5, 0xf, 0xfa,
    0x0, 0x1c, 0xfc, 0x0, 0x9, 0xff, 0x5d, 0xfc,
    0x1f, 0xfb, 0x7f, 0xf5, 0x1, 0xdf, 0xb0, 0x0,
    0x0, 0x8e, 0xfe, 0xa1, 0x3, 0xbf, 0xfd, 0x60,

    /* U+2039 "‹" */
    0x0, 0x1d, 0xfd, 0x0, 0x1d, 0xfe, 0x20, 0x1d,
    0xff, 0x40, 0x0, 0xaf, 0xf7, 0x0, 0x0, 0xaf,
    0xf4, 0x0, 0x0, 0x9c, 0xb0,

    /* U+203A "›" */
    0x1d, 0xfc, 0x0, 0x0, 0x3f, 0xfc, 0x10, 0x0,
    0x5f, 0xfc, 0x0, 0x8, 0xff, 0x90, 0x5, 0xff,
    0x90, 0x1, 0xbc, 0x80, 0x0,

    /* U+2044 "⁄" */
    0x0, 0x0, 0x0, 0x0, 0x0, 0x9f, 0xe2, 0x0,
    0x0, 0x0, 0x0, 0xa, 0xfd, 0x10, 0x0, 0x0,
    0x0, 0x0, 0xbf, 0xd1, 0x0, 0x0, 0x0, 0x0,
    0xc, 0xfc, 0x10, 0x0, 0x0, 0x0, 0x1, 0xcf,
    0xb0, 0x0, 0x0, 0x0, 0x0, 0x1d, 0xfb, 0x0,
    0x0, 0x0, 0x0, 0x2, 0xdf, 0xa0, 0x0, 0x0,
    0x0, 0x0, 0x2e, 0xf9, 0x0, 0x0, 0x0, 0x0,
    0x3, 0xef, 0x80, 0x0, 0x0, 0x0, 0x0, 0x3f,
    0xf7, 0x0, 0x0, 0x0, 0x0, 0x0,

    /* U+2070 "⁰" */
    0x8, 0xef, 0xe9, 0x7, 0xff, 0x6e, 0xf8, 0xaf,
    0xc0, 0xbf, 0xc7, 0xff, 0x7f, 0xf8, 0x8, 0xef,
    0xe8, 0x0,

    /* U+2074 "⁴" */
    0x0, 0x4f, 0xfe, 0x0, 0x4f, 0xdf, 0xe0, 0x5f,
    0x87, 0xfe, 0x1b, 0xff, 0xff, 0xfd, 0x34, 0x49,
    0xfe, 0x30,

    /* U+2075 "⁵" */
    0x4f, 0xff, 0xff, 0x15, 0xfb, 0x66, 0x60, 0x6f,
    0xde, 0xfc, 0x13, 0x99, 0x6f, 0xf6, 0x2b, 0xff,
    0xea, 0x0,

    /* U+2076 "⁶" */
    0x8, 0xef, 0xe9, 0x7, 0xfe, 0x49, 0x82, 0xaf,
    0xfd, 0xff, 0x57, 0xfe, 0x3d, 0xf9, 0x8, 0xef,
    0xfb, 0x10,

    /* U+2077 "⁷" */
    0xbf, 0xff, 0xff, 0x16, 0x88, 0xaf, 0xd0, 0x0,
    0x4f, 0xe1, 0x0, 0x1f, 0xf7, 0x0, 0x7, 0xff,
    0x20, 0x0,

    /* U+2078 "⁸" */
    0x1b, 0xff, 0xea, 0x17, 0xfd, 0x2e, 0xf5, 0x2e,
    0xff, 0xfe, 0x1a, 0xfc, 0x4e, 0xf9, 0x3c, 0xff,
    0xfb, 0x20,

    /* U+2079 "⁹" */
    0x1b, 0xff, 0xe8, 0xa, 0xfc, 0x4e, 0xf7, 0x5f,
    0xfd, 0xff, 0xa2, 0x78, 0x4e, 0xf7, 0x1b, 0xff,
    0xe8, 0x0,

    /* U+2080 "₀" */
    0x7, 0xdf, 0xe8, 0x6, 0xff, 0x5e, 0xf8, 0xaf,
    0xc0, 0xbf, 0xb6, 0xff, 0x7f, 0xf7, 0x7, 0xdf,
    0xe8, 0x0,

    /* U+2081 "₁" */
    0x5, 0xff, 0x1c, 0xff, 0xf1, 0x5, 0xff, 0x10,
    0x5f, 0xf1, 0x5, 0xff, 0x10,

    /* U+2082 "₂" */
    0xa, 0xef, 0xe8, 0x3, 0x97, 0x8f, 0xf2, 0x6,
    0xcf, 0xc5, 0x7, 0xff, 0x97, 0x72, 0xaf, 0xff,
    0xff, 0x40,

    /* U+2083 "₃" */
    0x1a, 0xef, 0xe7, 0x3, 0x85, 0x6f, 0xf1, 0x0,
    0x7f, 0xfb, 0x4, 0x76, 0x7f, 0xf4, 0x3c, 0xff,
    0xea, 0x0,

    /* U+2084 "₄" */
    0x0, 0x4f, 0xfe, 0x0, 0x4f, 0xdf, 0xe0, 0x4f,
    0x87, 0xfe, 0x1b, 0xff, 0xff, 0xfd, 0x34, 0x49,
    0xfe, 0x30,

    /* U+2085 "₅" */
    0x4f, 0xff, 0xff, 0x15, 0xfb, 0x77, 0x70, 0x6f,
    0xde, 0xfc, 0x13, 0x9a, 0x6f, 0xf6, 0x2b, 0xef,
    0xe9, 0x0,

    /* U+2086 "₆" */
    0x7, 0xdf, 0xe9, 0x6, 0xfe, 0x49, 0x71, 0xaf,
    0xfd, 0xff, 0x56, 0xfe, 0x4d, 0xf9, 0x8, 0xdf,
    0xea, 0x10,

    /* U+2087 "₇" */
    0xbf, 0xff, 0xff, 0x16, 0x88, 0xaf, 0xe0, 0x0,
    0x4f, 0xe1, 0x0, 0x1e, 0xf7, 0x0, 0x7, 0xff,
    0x30, 0x0,

    /* U+2088 "₈" */
    0x1b, 0xef, 0xea, 0x17, 0xfd, 0x2f, 0xf5, 0x1e,
    0xff, 0xfd, 0x1a, 0xfd, 0x4e, 0xf8, 0x3c, 0xff,
    0xeb, 0x20,

    /* U+2089 "₉" */
    0x1a, 0xef, 0xd7, 0x9, 0xfd, 0x4f, 0xf6, 0x5f,
    0xfd, 0xff, 0x92, 0x78, 0x4e, 0xf6, 0x1b, 0xff,
    0xd7, 0x0,

    /* U+20AC "€" */
    0x0, 0x6, 0xce, 0xfe, 0xa3, 0x0, 0x0, 0xcf,
    0xff, 0xef, 0xff, 0x40, 0x8, 0xff, 0xf3, 0x5,
    0xbb, 0x70, 0xff, 0xff, 0xff, 0xf6, 0x0, 0x0,
    0x2f, 0xff, 0xc3, 0x30, 0x0, 0x0, 0xff, 0xff,
    0xff, 0xc0, 0x0, 0x0, 0x2c, 0xff, 0xf3, 0x10,
    0x72, 0x0, 0x5, 0xff, 0xf9, 0x28, 0xff, 0xc0,
    0x0, 0xaf, 0xff, 0xff, 0xff, 0x50, 0x0, 0x5,
    0xce, 0xfe, 0xa3, 0x0,

    /* U+20B4 "₴" */
    0x0, 0x4b, 0xef, 0xfe, 0xb4, 0x0, 0x5f, 0xff,
    0xdf, 0xff, 0xf2, 0x6, 0x88, 0x30, 0x6f, 0xff,
    0x2a, 0xff, 0xff, 0xff, 0xff, 0xfe, 0x12, 0x26,
    0xef, 0xf8, 0x22, 0x1a, 0xff, 0xff, 0xff, 0xff,
    0xfe, 0x1e, 0xff, 0x92, 0x22, 0x22, 0x12, 0xff,
    0xf9, 0x3, 0xeb, 0x61, 0xd, 0xff, 0xff, 0xff,
    0xff, 0x40, 0x19, 0xdf, 0xfe, 0xc8, 0x10,

    /* U+20BA "₺" */
    0x9, 0xff, 0xb0, 0x0, 0x0, 0x0, 0x9, 0xff,
    0xb4, 0x96, 0x0, 0x0, 0x9, 0xff, 0xff, 0xe5,
    0x0, 0x0, 0x8e, 0xff, 0xd4, 0x23, 0x0, 0x0,
    0xde, 0xff, 0xed, 0xf8, 0x0, 0x0, 0x2b, 0xff,
    0xfb, 0x50, 0x0, 0x0, 0xef, 0xff, 0xb0, 0x7,
    0xd9, 0x50, 0x5a, 0xff, 0xc2, 0x5f, 0xff, 0xd0,
    0x9, 0xff, 0xff, 0xff, 0xfe, 0x30, 0x9, 0xff,
    0xff, 0xfd, 0x92, 0x0,

    /* U+2116 "№" */
    0x1c, 0xcc, 0xb0, 0x0, 0x8c, 0xc1, 0x7, 0xcd,
    0xc8, 0x10, 0x2f, 0xff, 0xf9, 0x0, 0xaf, 0xf1,
    0x9f, 0xf8, 0xef, 0xc0, 0x2f, 0xff, 0xff, 0x40,
    0xaf, 0xf1, 0xef, 0xd0, 0x8f, 0xf2, 0x2f, 0xff,
    0xff, 0xe1, 0xaf, 0xf1, 0xef, 0xe0, 0xaf, 0xf1,
    0x2f, 0xfb, 0xef, 0xfb, 0xaf, 0xf1, 0x5f, 0xfe,
    0xff, 0x80, 0x2f, 0xfa, 0x5f, 0xff, 0xff, 0xf1,
    0x2, 0x79, 0x73, 0x0, 0x2f, 0xfa, 0x9, 0xff,
    0xff, 0xf1, 0x7b, 0xbb, 0xbb, 0xa0, 0x2f, 0xfa,
    0x0, 0xdf, 0xff, 0xf1, 0x9f, 0xff, 0xff, 0xe0,
    0x2f, 0xfa, 0x0, 0x3f, 0xff, 0xf1, 0x35, 0x55,
    0x55, 0x40, 0x2f, 0xfa, 0x0, 0x8, 0xff, 0xf1,
    0x0, 0x0, 0x0, 0x0,

    /* U+2117 "℗" */
    0x0, 0x0, 0x0, 0x11, 0x0, 0x0, 0x0, 0x0,
    0x4, 0xbf, 0xee, 0xfb, 0x40, 0x0, 0x0, 0x8e,
    0x50, 0x0, 0x5, 0xe8, 0x0, 0x6, 0xd1, 0xde,
    0xee, 0xc5, 0x1d, 0x60, 0xd, 0x40, 0xff, 0x78,
    0xff, 0x4, 0xd0, 0xf, 0x0, 0xff, 0x67, 0xff,
    0x0, 0xf1, 0xf, 0x0, 0xff, 0xff, 0xd6, 0x0,
    0xf1, 0xd, 0x40, 0xff, 0x30, 0x0, 0x3, 0xe0,
    0x6, 0xd0, 0x89, 0x20, 0x0, 0xc, 0x60, 0x0,
    0x9d, 0x50, 0x0, 0x4, 0xd9, 0x0, 0x0, 0x5,
    0xcf, 0xdd, 0xfc, 0x50, 0x0, 0x0, 0x0, 0x0,
    0x22, 0x0, 0x0, 0x0,

    /* U+2122 "™" */
    0xef, 0xff, 0xf7, 0xff, 0xa0, 0xbf, 0xf1, 0x7b,
    0xfd, 0x85, 0xff, 0xf2, 0xff, 0xf1, 0x6, 0xfb,
    0x4, 0xfc, 0xfd, 0xee, 0xf1, 0x6, 0xfb, 0x4,
    0xf6, 0xff, 0x8e, 0xf1, 0x6, 0xfb, 0x4, 0xf4,
    0xcf, 0x2e, 0xf1, 0x3, 0x96, 0x2, 0x92, 0x48,
    0x8, 0x90,

    /* U+212E "℮" */
    0x0, 0x0, 0x1, 0x0, 0x0, 0x0, 0x2, 0xaf,
    0xdf, 0xc4, 0x0, 0x3, 0xe6, 0x0, 0x4, 0xd7,
    0x0, 0xee, 0x0, 0x0, 0xa, 0xf3, 0x5f, 0xe0,
    0x0, 0x0, 0xaf, 0xa8, 0xff, 0xee, 0xee, 0xef,
    0xfd, 0x8f, 0xe0, 0x0, 0x0, 0x0, 0x5, 0xfe,
    0x0, 0x0, 0x0, 0x0, 0xe, 0xe0, 0x0, 0x0,
    0x18, 0x0, 0x3e, 0x60, 0x0, 0x3d, 0x70, 0x0,
    0x2a, 0xfd, 0xec, 0x40, 0x0, 0x0, 0x0, 0x10,
    0x0, 0x0,

    /* U+2154 "⅔" */
    0x1a, 0xef, 0xe8, 0x0, 0x0, 0x7, 0xff, 0x40,
    0x3a, 0x77, 0xff, 0x20, 0x0, 0x8f, 0xe3, 0x0,
    0x4, 0xbf, 0xf9, 0x0, 0x9, 0xfe, 0x20, 0x0,
    0x6f, 0xf8, 0x32, 0x0, 0xaf, 0xe2, 0x0, 0x0,
    0xaf, 0xff, 0xff, 0x4b, 0xfd, 0x10, 0x0, 0x0,
    0x35, 0x55, 0x55, 0xdf, 0xc2, 0xae, 0xed, 0x70,
    0x0, 0x0, 0x1c, 0xfc, 0x3, 0x95, 0x5f, 0xf1,
    0x0, 0x1, 0xdf, 0xb0, 0x0, 0x7, 0xff, 0xb0,
    0x0, 0x2d, 0xfa, 0x0, 0x3, 0x75, 0x5f, 0xf4,
    0x2, 0xef, 0xa0, 0x0, 0x3, 0xcf, 0xfe, 0xa0,

    /* U+215B "⅛" */
    0x0, 0x4f, 0xf1, 0x0, 0x0, 0x8f, 0xf3, 0x0,
    0xbf, 0xff, 0x10, 0x0, 0x8f, 0xe3, 0x0, 0x1,
    0x6f, 0xf1, 0x0, 0x9f, 0xe2, 0x0, 0x0, 0x5,
    0xff, 0x10, 0xaf, 0xd2, 0x0, 0x0, 0x0, 0x3c,
    0xc1, 0xbf, 0xd1, 0x0, 0x0, 0x0, 0x0, 0x0,
    0xcf, 0xc3, 0xad, 0xed, 0x90, 0x0, 0x1, 0xcf,
    0xc0, 0x7f, 0xd2, 0xff, 0x50, 0x1, 0xdf, 0xb0,
    0x2, 0xff, 0xff, 0xd1, 0x2, 0xdf, 0xa0, 0x0,
    0xbf, 0xc2, 0xef, 0x82, 0xef, 0x90, 0x0, 0x3,
    0xcf, 0xff, 0xb2,

    /* U+215C "⅜" */
    0x1b, 0xff, 0xe8, 0x0, 0x0, 0x2d, 0xfa, 0x0,
    0x38, 0x45, 0xff, 0x10, 0x2, 0xef, 0x90, 0x0,
    0x0, 0x7f, 0xfb, 0x0, 0x3e, 0xf8, 0x0, 0x0,
    0x25, 0x43, 0xff, 0x43, 0xff, 0x70, 0x0, 0x0,
    0x5f, 0xff, 0xfc, 0x6f, 0xf6, 0x0, 0x0, 0x0,
    0x0, 0x22, 0x15, 0xff, 0x56, 0xce, 0xec, 0x40,
    0x0, 0x0, 0x6f, 0xf5, 0xf, 0xf6, 0x8f, 0xd0,
    0x0, 0x7, 0xff, 0x40, 0x9, 0xff, 0xff, 0x70,
    0x0, 0x8f, 0xf3, 0x0, 0x2f, 0xf5, 0x7f, 0xf1,
    0x8, 0xfe, 0x30, 0x0, 0x9, 0xef, 0xfd, 0x70,

    /* U+215D "⅝" */
    0x4f, 0xff, 0xff, 0x10, 0x0, 0x1c, 0xfb, 0x0,
    0x5f, 0xa6, 0x66, 0x0, 0x1, 0xdf, 0xb0, 0x0,
    0x6f, 0xde, 0xfc, 0x10, 0x2e, 0xfa, 0x0, 0x0,
    0x16, 0x72, 0xff, 0x62, 0xef, 0x90, 0x0, 0x0,
    0x5f, 0xff, 0xfd, 0x5e, 0xf8, 0x0, 0x0, 0x0,
    0x0, 0x23, 0x24, 0xff, 0x75, 0xce, 0xec, 0x50,
    0x0, 0x0, 0x4f, 0xf6, 0xe, 0xf7, 0x7f, 0xf0,
    0x0, 0x5, 0xff, 0x50, 0x8, 0xff, 0xff, 0x80,
    0x0, 0x6f, 0xf4, 0x0, 0x1f, 0xf6, 0x6f, 0xf2,
    0x7, 0xff, 0x40, 0x0, 0x8, 0xef, 0xfe, 0x80,

    /* U+215E "⅞" */
    0xb, 0xff, 0xff, 0xf1, 0x0, 0x3e, 0xf8, 0x0,
    0x57, 0x7a, 0xfd, 0x0, 0x4f, 0xf7, 0x0, 0x0,
    0x4, 0xfe, 0x10, 0x4f, 0xf6, 0x0, 0x0, 0x1,
    0xef, 0x70, 0x5f, 0xf5, 0x0, 0x0, 0x0, 0x6f,
    0xf3, 0x6f, 0xf4, 0x0, 0x0, 0x0, 0x1, 0x22,
    0x7f, 0xf4, 0x7d, 0xee, 0xb3, 0x0, 0x0, 0x8f,
    0xe3, 0x2f, 0xf4, 0xaf, 0xb0, 0x0, 0x9f, 0xe2,
    0x0, 0xbf, 0xff, 0xf4, 0x0, 0xaf, 0xe2, 0x0,
    0x5f, 0xf3, 0x9f, 0xe0, 0xaf, 0xd1, 0x0, 0x0,
    0xae, 0xff, 0xd5,

    /* U+2190 "←" */
    0x0, 0x0, 0x1, 0x0, 0x0, 0x0, 0x0, 0x1c,
    0xa0, 0x0, 0x0, 0x0, 0x1d, 0xfb, 0x0, 0x0,
    0x0, 0x2e, 0xe6, 0x12, 0x22, 0x20, 0x3e, 0xff,
    0xff, 0xff, 0xff, 0x54, 0xff, 0xff, 0xff, 0xff,
    0xf5, 0x4, 0xfe, 0x64, 0x45, 0x55, 0x10, 0x3,
    0xef, 0x80, 0x0, 0x0, 0x0, 0x2, 0xec, 0x0,
    0x0, 0x0, 0x0, 0x2, 0x20, 0x0, 0x0,

    /* U+2191 "↑" */
    0x0, 0x0, 0x83, 0x0, 0x0, 0x0, 0x8, 0xfe,
    0x20, 0x0, 0x0, 0x7f, 0xff, 0xe2, 0x0, 0x6,
    0xfd, 0xff, 0xdd, 0x10, 0x5f, 0xd6, 0xff, 0x4f,
    0xd1, 0x1a, 0x56, 0xff, 0xa, 0x60, 0x0, 0x6,
    0xff, 0x0, 0x0, 0x0, 0x7, 0xff, 0x0, 0x0,
    0x0, 0x7, 0xff, 0x10, 0x0, 0x0, 0x7, 0xff,
    0x10, 0x0,

    /* U+2192 "→" */
    0x0, 0x0, 0x1, 0x0, 0x0, 0x0, 0x0, 0x0,
    0xac, 0x10, 0x0, 0x0, 0x0, 0xb, 0xfd, 0x10,
    0x1, 0x22, 0x22, 0x16, 0xed, 0x20, 0x5f, 0xff,
    0xff, 0xff, 0xfe, 0x25, 0xff, 0xff, 0xff, 0xff,
    0xf4, 0x25, 0x55, 0x44, 0x7e, 0xf3, 0x0, 0x0,
    0x0, 0x8f, 0xe3, 0x0, 0x0, 0x0, 0xc, 0xe2,
    0x0, 0x0, 0x0, 0x0, 0x21, 0x0, 0x0,

    /* U+2193 "↓" */
    0x0, 0x6, 0xcc, 0x10, 0x0, 0x0, 0x7, 0xff,
    0x10, 0x0, 0x0, 0x7, 0xff, 0x0, 0x0, 0x0,
    0x6, 0xff, 0x0, 0x0, 0x6, 0x36, 0xff, 0x6,
    0x30, 0x6f, 0xc6, 0xff, 0x3f, 0xe1, 0x9, 0xfc,
    0xff, 0xcf, 0x30, 0x0, 0xaf, 0xff, 0xf4, 0x0,
    0x0, 0xb, 0xff, 0x50, 0x0, 0x0, 0x0, 0xb5,
    0x0, 0x0, 0x0, 0x0, 0x0, 0x0, 0x0,

    /* U+2194 "↔" */
    0x0, 0x0, 0x1, 0x0, 0x20, 0x0, 0x0, 0x0,
    0x1, 0xca, 0x0, 0xcb, 0x0, 0x0, 0x0, 0x1d,
    0xfb, 0x1, 0xcf, 0xc1, 0x0, 0x2, 0xee, 0x61,
    0x11, 0x17, 0xfd, 0x10, 0x3e, 0xff, 0xff, 0xff,
    0xff, 0xff, 0xd2, 0x4f, 0xff, 0xff, 0xff, 0xff,
    0xff, 0xe3, 0x4, 0xfe, 0x64, 0x44, 0x47, 0xfe,
    0x20, 0x0, 0x3e, 0xf8, 0x0, 0x9f, 0xe2, 0x0,
    0x0, 0x2, 0xeb, 0x0, 0xdd, 0x10, 0x0, 0x0,
    0x0, 0x22, 0x0, 0x31, 0x0, 0x0,

    /* U+2195 "↕" */
    0x0, 0x0, 0x30, 0x0, 0x0, 0x0, 0x3, 0xfc,
    0x0, 0x0, 0x0, 0x3f, 0xff, 0xb0, 0x0, 0x2,
    0xef, 0xff, 0xfa, 0x0, 0x1e, 0xf8, 0xff, 0x7f,
    0x90, 0x4e, 0x86, 0xff, 0xe, 0xb1, 0x0, 0x6,
    0xff, 0x1, 0x0, 0x0, 0x6, 0xff, 0x0, 0x0,
    0x3c, 0x66, 0xff, 0xc, 0x80, 0x3f, 0xe7, 0xff,
    0x6f, 0xc0, 0x4, 0xfe, 0xff, 0xec, 0x0, 0x0,
    0x5f, 0xff, 0xd1, 0x0, 0x0, 0x6, 0xfd, 0x10,
    0x0, 0x0, 0x0, 0x62, 0x0, 0x0,

    /* U+2196 "↖" */
    0x26, 0x65, 0x54, 0x40, 0x5, 0xff, 0xff, 0xff,
    0x10, 0x4f, 0xff, 0x76, 0x80, 0x3, 0xff, 0xff,
    0x50, 0x0, 0x3f, 0x7e, 0xff, 0x50, 0x2, 0xf9,
    0x2e, 0xff, 0x60, 0x2f, 0x90, 0x3f, 0xff, 0x40,
    0x0, 0x0, 0x3f, 0xa0, 0x0, 0x0, 0x0, 0x20,
    0x0,

    /* U+2197 "↗" */
    0x1, 0x44, 0x55, 0x66, 0x10, 0x3f, 0xff, 0xff,
    0xf2, 0x0, 0x95, 0x9f, 0xff, 0x20, 0x0, 0x7f,
    0xff, 0xf1, 0x0, 0x8f, 0xfd, 0x8f, 0x0, 0x8f,
    0xfd, 0x1b, 0xf0, 0x7f, 0xfd, 0x10, 0xbf, 0x1,
    0xce, 0x20, 0x0, 0x0, 0x1, 0x20, 0x0, 0x0,
    0x0,

    /* U+2198 "↘" */
    0x1, 0x20, 0x0, 0x0, 0x1, 0xce, 0x20, 0x0,
    0x0, 0x7f, 0xfe, 0x10, 0xbf, 0x0, 0x8f, 0xfd,
    0x1b, 0xf0, 0x0, 0x8f, 0xfd, 0x8f, 0x0, 0x0,
    0x7f, 0xff, 0xf1, 0x0, 0x96, 0x9f, 0xff, 0x20,
    0x3f, 0xff, 0xff, 0xf2, 0x1, 0x44, 0x55, 0x66,
    0x10,

    /* U+2199 "↙" */
    0x0, 0x0, 0x0, 0x30, 0x0, 0x0, 0x0, 0x3f,
    0xb0, 0x2f, 0x90, 0x3f, 0xff, 0x42, 0xf9, 0x2e,
    0xff, 0x60, 0x3f, 0x7e, 0xff, 0x50, 0x3, 0xff,
    0xff, 0x50, 0x0, 0x4f, 0xff, 0x76, 0x80, 0x5,
    0xff, 0xff, 0xff, 0x10, 0x26, 0x65, 0x54, 0x40,
    0x0,

    /* U+2202 "∂" */
    0x0, 0x9b, 0xa7, 0x30, 0x0, 0x0, 0xd, 0xff,
    0xff, 0xd4, 0x0, 0x0, 0x3, 0x8e, 0xff, 0xf6,
    0x0, 0x3, 0x79, 0x9e, 0xff, 0xf1, 0x9, 0xff,
    0xfe, 0xff, 0xff, 0x74, 0xff, 0xf6, 0x0, 0xff,
    0xfa, 0x7f, 0xff, 0x10, 0xf, 0xff, 0x95, 0xff,
    0xf3, 0x2, 0xff, 0xf5, 0xd, 0xff, 0xeb, 0xef,
    0xfb, 0x0, 0x18, 0xef, 0xff, 0xe8, 0x0, 0x0,
    0x0, 0x12, 0x10, 0x0, 0x0,

    /* U+220F "∏" */
    0x4f, 0xff, 0xff, 0xff, 0xff, 0xe4, 0xff, 0xff,
    0xff, 0xff, 0xfe, 0x6, 0xff, 0xd3, 0x5f, 0xfe,
    0x30, 0x3f, 0xfc, 0x2, 0xff, 0xd0, 0x3, 0xff,
    0xc0, 0x2f, 0xfd, 0x0, 0x3f, 0xfc, 0x2, 0xff,
    0xd0, 0x3, 0xff, 0xc0, 0x2f, 0xfd, 0x0, 0x3f,
    0xfc, 0x2, 0xff, 0xd0, 0x3, 0xff, 0xc0, 0x2f,
    0xfd, 0x0, 0x3f, 0xfc, 0x2, 0xff, 0xd0, 0x3,
    0xff, 0xc0, 0x2f, 0xfd, 0x0, 0x3f, 0xfc, 0x2,
    0xff, 0xd0, 0x2, 0xaa, 0x80, 0x1a, 0xa8, 0x0,

    /* U+2211 "∑" */
    0x1f, 0xff, 0xff, 0xff, 0xff, 0x52, 0xff, 0xff,
    0xff, 0xff, 0xf5, 0xc, 0xff, 0xc3, 0x33, 0x33,
    0x10, 0x1d, 0xff, 0x90, 0x0, 0x0, 0x0, 0x2e,
    0xff, 0x80, 0x0, 0x0, 0x0, 0x2e, 0xff, 0x70,
    0x0, 0x0, 0x0, 0x6f, 0xff, 0x30, 0x0, 0x0,
    0x2e, 0xff, 0x70, 0x0, 0x0, 0x1e, 0xff, 0x80,
    0x0, 0x0, 0x1d, 0xff, 0x80, 0x0, 0x0, 0xc,
    0xff, 0xc3, 0x33, 0x33, 0x12, 0xff, 0xff, 0xff,
    0xff, 0xf5, 0x2f, 0xff, 0xff, 0xff, 0xff, 0x50,

    /* U+2212 "−" */
    0x9f, 0xff, 0xff, 0xff, 0xe9, 0xff, 0xff, 0xff,
    0xfe, 0x12, 0x22, 0x22, 0x22, 0x20,

    /* U+221A "√" */
    0x0, 0x0, 0x0, 0x0, 0x0, 0x11, 0x11, 0x0,
    0x0, 0x0, 0x0, 0x0, 0x5f, 0xff, 0xf8, 0x0,
    0x0, 0x0, 0x0, 0xc, 0xff, 0xff, 0x70, 0x0,
    0x0, 0x0, 0x3, 0xff, 0xa0, 0x0, 0x0, 0x0,
    0x0, 0x0, 0x9f, 0xf3, 0x0, 0x0, 0x0, 0x0,
    0x0, 0x1f, 0xfc, 0x0, 0x0, 0x0, 0x0, 0x0,
    0x7, 0xff, 0x50, 0x0, 0x0, 0x0, 0x0, 0x0,
    0xef, 0xe0, 0x0, 0x0, 0x0, 0x0, 0x0, 0x5f,
    0xf8, 0x0, 0x0, 0x0, 0x0, 0x0, 0xb, 0xff,
    0x10, 0x0, 0x0, 0x69, 0x94, 0x2, 0xff, 0xa0,
    0x0, 0x0, 0x3, 0xff, 0xd0, 0x9f, 0xf3, 0x0,
    0x0, 0x0, 0xb, 0xff, 0x5f, 0xfc, 0x0, 0x0,
    0x0, 0x0, 0x2f, 0xff, 0xff, 0x50, 0x0, 0x0,
    0x0, 0x0, 0xaf, 0xff, 0xe0, 0x0, 0x0, 0x0,
    0x0, 0x2, 0xff, 0xf8, 0x0, 0x0, 0x0, 0x0,
    0x0, 0x0, 0x0, 0x0, 0x0, 0x0, 0x0, 0x0,

    /* U+221E "∞" */
    0x0, 0x0, 0x0, 0x0, 0x0, 0x0, 0x7, 0xff,
    0xe5, 0x9, 0xff, 0xa0, 0x5f, 0xff, 0xff, 0xdf,
    0xce, 0xf8, 0xbf, 0xc4, 0xdf, 0xf7, 0x6, 0xfd,
    0xbf, 0x70, 0x4f, 0xfd, 0x29, 0xfd, 0x7f, 0xe9,
    0xff, 0xff, 0xff, 0xf9, 0xc, 0xff, 0xd2, 0x6f,
    0xff, 0xb0, 0x0, 0x23, 0x0, 0x0, 0x32, 0x0,

    /* U+222B "∫" */
    0x0, 0x0, 0x0, 0x5b, 0xdd, 0x90, 0x0, 0x0,
    0x6f, 0xff, 0xfe, 0x0, 0x0, 0xf, 0xff, 0xb4,
    0x40, 0x0, 0x5, 0xff, 0xf1, 0x0, 0x0, 0x0,
    0x9f, 0xfd, 0x0, 0x0, 0x0, 0xd, 0xff, 0x90,
    0x0, 0x0, 0x1, 0xff, 0xf5, 0x0, 0x0, 0x0,
    0x5f, 0xff, 0x10, 0x0, 0x0, 0x9, 0xff, 0xd0,
    0x0, 0x0, 0x0, 0xef, 0xf9, 0x0, 0x0, 0x33,
    0x9f, 0xff, 0x30, 0x0, 0xb, 0xff, 0xff, 0x90,
    0x0, 0x0, 0x7d, 0xdc, 0x60, 0x0, 0x0, 0x0,

    /* U+2248 "≈" */
    0x0, 0x22, 0x0, 0x2, 0x20, 0xcf, 0xfd, 0x77,
    0xfc, 0x6f, 0xff, 0xff, 0xff, 0x77, 0xb4, 0x6,
    0xbc, 0x80, 0x4, 0xab, 0x60, 0x1b, 0x93, 0xff,
    0xff, 0xff, 0xfa, 0x8f, 0xc8, 0xef, 0xfe, 0x23,
    0x51, 0x0, 0x33, 0x0,

    /* U+2260 "≠" */
    0x0, 0x0, 0x0, 0x69, 0x10, 0x0, 0x0, 0x3f,
    0xa0, 0x7d, 0xdd, 0xde, 0xfd, 0xb9, 0xff, 0xff,
    0xff, 0xfe, 0x24, 0x45, 0xfd, 0x44, 0x41, 0x22,
    0x8f, 0x72, 0x22, 0x9f, 0xff, 0xff, 0xff, 0xe9,
    0xff, 0xff, 0xff, 0xfe, 0x4, 0xf9, 0x0, 0x0,
    0x0, 0x8a, 0x10, 0x0, 0x0,

    /* U+2264 "≤" */
    0x0, 0x0, 0x3, 0x69, 0xb2, 0x69, 0xdf, 0xff,
    0xfe, 0x9f, 0xff, 0xdb, 0x86, 0x39, 0xff, 0xb8,
    0x53, 0x0, 0x5c, 0xff, 0xff, 0xff, 0xd0, 0x0,
    0x25, 0x8c, 0xfe, 0x12, 0x22, 0x22, 0x22, 0x39,
    0xff, 0xff, 0xff, 0xfe, 0x9f, 0xff, 0xff, 0xff,
    0xe0,

    /* U+2265 "≥" */
    0x8a, 0x74, 0x10, 0x0, 0x9, 0xff, 0xff, 0xea,
    0x74, 0x15, 0x7a, 0xcf, 0xff, 0xe0, 0x2, 0x47,
    0xae, 0xfe, 0x8f, 0xff, 0xff, 0xfd, 0x99, 0xfd,
    0x96, 0x30, 0x0, 0x22, 0x22, 0x22, 0x22, 0x19,
    0xff, 0xff, 0xff, 0xfe, 0x9f, 0xff, 0xff, 0xff,
    0xe0,

    /* U+2460 "①" */
    0x0, 0x0, 0x0, 0x10, 0x0, 0x0, 0x0, 0x1,
    0x8e, 0xee, 0xfb, 0x50, 0x0, 0x3, 0xe8, 0x20,
    0x0, 0x4d, 0xa0, 0x1, 0xe5, 0x0, 0x3, 0x20,
    0xc, 0x80, 0x7a, 0x0, 0x3b, 0xfe, 0x0, 0x2f,
    0xb, 0x50, 0xa, 0xcf, 0xe0, 0x0, 0xd3, 0xb5,
    0x0, 0x7, 0xfe, 0x0, 0xd, 0x37, 0xa0, 0x0,
    0x7f, 0xe0, 0x2, 0xf1, 0x1e, 0x40, 0x5, 0xba,
    0x0, 0xb8, 0x0, 0x3e, 0x71, 0x0, 0x4, 0xcb,
    0x0, 0x0, 0x19, 0xee, 0xdf, 0xc6, 0x0, 0x0,
    0x0, 0x0, 0x12, 0x0, 0x0, 0x0,

    /* U+2461 "②" */
    0x0, 0x0, 0x0, 0x10, 0x0, 0x0, 0x0, 0x1,
    0x8e, 0xee, 0xfb, 0x50, 0x0, 0x3, 0xe8, 0x20,
    0x0, 0x4d, 0xa0, 0x1, 0xe5, 0x1, 0x45, 0x40,
    0xc, 0x80, 0x7a, 0x3, 0xff, 0xef, 0xe0, 0x2f,
    0xb, 0x50, 0x3, 0x4a, 0xfc, 0x0, 0xd3, 0xb5,
    0x3, 0xdf, 0x94, 0x10, 0xd, 0x37, 0xa0, 0xaf,
    0xff, 0xff, 0x32, 0xf1, 0x1e, 0x44, 0x66, 0x66,
    0x61, 0xb8, 0x0, 0x3e, 0x71, 0x0, 0x4, 0xcb,
    0x0, 0x0, 0x19, 0xee, 0xdf, 0xc6, 0x0, 0x0,
    0x0, 0x0, 0x12, 0x0, 0x0, 0x0,

    /* U+2462 "③" */
    0x0, 0x0, 0x0, 0x10, 0x0, 0x0, 0x0, 0x1,
    0x8e, 0xee, 0xfb, 0x50, 0x0, 0x3, 0xe8, 0x20,
    0x0, 0x4d, 0xa0, 0x1, 0xe5, 0x3, 0x67, 0x61,
    0xc, 0x80, 0x7a, 0x4, 0xeb, 0xaf, 0xe0, 0x2f,
    0xb, 0x50, 0x0, 0x6e, 0xfb, 0x0, 0xd3, 0xb5,
    0x0, 0x2, 0x6f, 0xf2, 0xd, 0x37, 0xa0, 0x7d,
    0x98, 0xff, 0x32, 0xf1, 0x1e, 0x41, 0x9c, 0xcb,
    0x50, 0xb8, 0x0, 0x3e, 0x71, 0x0, 0x4, 0xcb,
    0x0, 0x0, 0x19, 0xee, 0xdf, 0xc6, 0x0, 0x0,
    0x0, 0x0, 0x12, 0x0, 0x0, 0x0,

    /* U+2463 "④" */
    0x0, 0x0, 0x0, 0x10, 0x0, 0x0, 0x0, 0x1,
    0x8e, 0xee, 0xfb, 0x50, 0x0, 0x3, 0xe8, 0x20,
    0x0, 0x4d, 0xa0, 0x1, 0xe5, 0x0, 0x49, 0x95,
    0xc, 0x80, 0x7a, 0x0, 0x6f, 0xff, 0x80, 0x2f,
    0xb, 0x50, 0x7f, 0x5c, 0xf8, 0x0, 0xd3, 0xb5,
    0x1f, 0xff, 0xff, 0xf7, 0xd, 0x37, 0xa0, 0x66,
    0x6d, 0xfb, 0x32, 0xf1, 0x1e, 0x40, 0x0, 0x34,
    0x20, 0xb8, 0x0, 0x3e, 0x71, 0x0, 0x4, 0xcb,
    0x0, 0x0, 0x19, 0xee, 0xdf, 0xc6, 0x0, 0x0,
    0x0, 0x0, 0x12, 0x0, 0x0, 0x0,

    /* U+2464 "⑤" */
    0x0, 0x0, 0x0, 0x10, 0x0, 0x0, 0x0, 0x1,
    0x8e, 0xee, 0xfb, 0x50, 0x0, 0x3, 0xe8, 0x20,
    0x0, 0x4d, 0xa0, 0x1, 0xe5, 0x15, 0x55, 0x55,
    0xc, 0x80, 0x7a, 0x6, 0xff, 0xff, 0xf0, 0x2f,
    0xb, 0x50, 0x8f, 0x9a, 0xa6, 0x0, 0xd3, 0xb5,
    0x2, 0x67, 0x6f, 0xf3, 0xd, 0x37, 0xa0, 0x6b,
    0xa9, 0xff, 0x32, 0xf1, 0x1e, 0x41, 0x9c, 0xdb,
    0x50, 0xb8, 0x0, 0x3e, 0x71, 0x0, 0x4, 0xcb,
    0x0, 0x0, 0x19, 0xee, 0xdf, 0xc6, 0x0, 0x0,
    0x0, 0x0, 0x12, 0x0, 0x0, 0x0,

    /* U+2465 "⑥" */
    0x0, 0x0, 0x0, 0x10, 0x0, 0x0, 0x0, 0x1,
    0x8e, 0xee, 0xfb, 0x50, 0x0, 0x3, 0xe8, 0x20,
    0x0, 0x4d, 0xa0, 0x1, 0xe5, 0x0, 0x34, 0x30,
    0xc, 0x80, 0x7a, 0x4, 0xef, 0xef, 0xc0, 0x2f,
    0xb, 0x50, 0xdf, 0xda, 0xc9, 0x0, 0xd3, 0xb5,
    0xd, 0xfd, 0x9f, 0xf5, 0xd, 0x37, 0xa0, 0x5f,
    0xfe, 0xfe, 0x22, 0xf1, 0x1e, 0x40, 0x4, 0x54,
    0x0, 0xb8, 0x0, 0x3e, 0x71, 0x0, 0x4, 0xcb,
    0x0, 0x0, 0x19, 0xee, 0xdf, 0xc6, 0x0, 0x0,
    0x0, 0x0, 0x12, 0x0, 0x0, 0x0,

    /* U+2466 "⑦" */
    0x0, 0x0, 0x0, 0x10, 0x0, 0x0, 0x0, 0x1,
    0x8e, 0xee, 0xfb, 0x50, 0x0, 0x3, 0xe8, 0x20,
    0x0, 0x4d, 0xa0, 0x1, 0xe5, 0x0, 0x0, 0x0,
    0xc, 0x80, 0x7a, 0xc, 0xff, 0xff, 0xf1, 0x2f,
    0xb, 0x50, 0x57, 0x7a, 0xfd, 0x0, 0xd3, 0xb5,
    0x0, 0x5, 0xfd, 0x0, 0xd, 0x37, 0xa0, 0x2,
    0xff, 0x60, 0x2, 0xf1, 0x1e, 0x40, 0x6d, 0xd2,
    0x0, 0xb8, 0x0, 0x3e, 0x71, 0x0, 0x4, 0xcb,
    0x0, 0x0, 0x19, 0xee, 0xdf, 0xc6, 0x0, 0x0,
    0x0, 0x0, 0x12, 0x0, 0x0, 0x0,

    /* U+2467 "⑧" */
    0x0, 0x0, 0x0, 0x10, 0x0, 0x0, 0x0, 0x1,
    0x8e, 0xee, 0xfb, 0x50, 0x0, 0x3, 0xe8, 0x20,
    0x0, 0x4d, 0xa0, 0x1, 0xe5, 0x0, 0x23, 0x10,
    0xc, 0x80, 0x7a, 0x6, 0xff, 0xef, 0xd1, 0x2f,
    0xb, 0x50, 0x6f, 0xd8, 0xfd, 0x10, 0xd3, 0xb5,
    0x8, 0xfc, 0x7f, 0xe3, 0xd, 0x37, 0xa0, 0xaf,
    0xfe, 0xff, 0x32, 0xf1, 0x1e, 0x40, 0x24, 0x54,
    0x0, 0xb8, 0x0, 0x3e, 0x71, 0x0, 0x4, 0xcb,
    0x0, 0x0, 0x19, 0xee, 0xdf, 0xc6, 0x0, 0x0,
    0x0, 0x0, 0x12, 0x0, 0x0, 0x0,

    /* U+2468 "⑨" */
    0x0, 0x0, 0x0, 0x10, 0x0, 0x0, 0x0, 0x1,
    0x8e, 0xee, 0xfb, 0x50, 0x0, 0x3, 0xe8, 0x20,
    0x0, 0x4d, 0xa0, 0x1, 0xe5, 0x1, 0x45, 0x20,
    0xc, 0x80, 0x7a, 0x7, 0xff, 0xef, 0xb0, 0x2f,
    0xb, 0x50, 0xcf, 0x92, 0xff, 0x50, 0xd3, 0xb5,
    0x3, 0xbc, 0xaf, 0xf6, 0xd, 0x37, 0xa0, 0x5b,
    0x88, 0xff, 0x22, 0xf1, 0x1e, 0x41, 0x9c, 0xca,
    0x30, 0xb8, 0x0, 0x3e, 0x71, 0x0, 0x4, 0xcb,
    0x0, 0x0, 0x19, 0xee, 0xdf, 0xc6, 0x0, 0x0,
    0x0, 0x0, 0x12, 0x0, 0x0, 0x0,

    /* U+24EA "⓪" */
    0x0, 0x0, 0x0, 0x10, 0x0, 0x0, 0x0, 0x1,
    0x8e, 0xee, 0xfb, 0x50, 0x0, 0x3, 0xe8, 0x20,
    0x0, 0x4d, 0xa0, 0x1, 0xe5, 0x1, 0x45, 0x30,
    0xc, 0x80, 0x7a, 0x5, 0xff, 0xff, 0xc0, 0x2f,
    0xb, 0x50, 0xdf, 0x91, 0xff, 0x60, 0xd3, 0xb5,
    0xe, 0xf9, 0x1f, 0xf6, 0xd, 0x37, 0xa0, 0x6f,
    0xfe, 0xfd, 0x2, 0xf1, 0x1e, 0x40, 0x26, 0x75,
    0x0, 0xb8, 0x0, 0x3e, 0x71, 0x0, 0x4, 0xcb,
    0x0, 0x0, 0x19, 0xee, 0xdf, 0xc6, 0x0, 0x0,
    0x0, 0x0, 0x12, 0x0, 0x0, 0x0,

    /* U+24FF "⓿" */
    0x0, 0x0, 0x0, 0x10, 0x0, 0x0, 0x0, 0x0,
    0x7d, 0xff, 0xfd, 0x60, 0x0, 0x1, 0xdf, 0xff,
    0xff, 0xff, 0xc0, 0x0, 0xcf, 0xff, 0xcb, 0xcf,
    0xff, 0xb0, 0x4f, 0xfd, 0x20, 0x0, 0x2e, 0xff,
    0x38, 0xff, 0x50, 0x4f, 0x10, 0x6f, 0xf7, 0x9f,
    0xf3, 0x4, 0xf1, 0x4, 0xff, 0x87, 0xff, 0x80,
    0x2, 0x0, 0xaf, 0xf6, 0x1f, 0xff, 0xa4, 0x34,
    0xaf, 0xfe, 0x0, 0x6f, 0xff, 0xff, 0xff, 0xff,
    0x50, 0x0, 0x5e, 0xff, 0xff, 0xfe, 0x40, 0x0,
    0x0, 0x5, 0x89, 0x84, 0x0, 0x0,

    /* U+25A0 "■" */
    0x1c, 0xcc, 0xcc, 0xcc, 0xcc, 0x82, 0xff, 0xff,
    0xff, 0xff, 0xfa, 0x2f, 0xff, 0xff, 0xff, 0xff,
    0xa2, 0xff, 0xff, 0xff, 0xff, 0xfa, 0x2f, 0xff,
    0xff, 0xff, 0xff, 0xa2, 0xff, 0xff, 0xff, 0xff,
    0xfa, 0x2f, 0xff, 0xff, 0xff, 0xff, 0xa2, 0xff,
    0xff, 0xff, 0xff, 0xfa, 0x2f, 0xff, 0xff, 0xff,
    0xff, 0xa2, 0xff, 0xff, 0xff, 0xff, 0xfa,

    /* U+25A1 "□" */
    0x1e, 0xee, 0xee, 0xee, 0xee, 0xd2, 0xd0, 0x0,
    0x0, 0x0, 0x1e, 0x2d, 0x0, 0x0, 0x0, 0x1,
    0xe2, 0xd0, 0x0, 0x0, 0x0, 0x1e, 0x2d, 0x0,
    0x0, 0x0, 0x1, 0xe2, 0xd0, 0x0, 0x0, 0x0,
    0x1e, 0x2d, 0x0, 0x0, 0x0, 0x1, 0xe2, 0xd0,
    0x0, 0x0, 0x0, 0x1e, 0x2d, 0x0, 0x0, 0x0,
    0x1, 0xe2, 0xff, 0xff, 0xff, 0xff, 0xfe,

    /* U+25A3 "▣" */
    0x1e, 0xee, 0xee, 0xee, 0xee, 0xd2, 0xd0, 0x0,
    0x0, 0x0, 0x1e, 0x2d, 0x9, 0xaa, 0xaa, 0x71,
    0xe2, 0xd0, 0xff, 0xff, 0xfc, 0x1e, 0x2d, 0xf,
    0xff, 0xff, 0xc1, 0xe2, 0xd0, 0xff, 0xff, 0xfc,
    0x1e, 0x2d, 0xf, 0xff, 0xff, 0xc1, 0xe2, 0xd0,
    0xef, 0xff, 0xfb, 0x1e, 0x2d, 0x0, 0x0, 0x0,
    0x1, 0xe2, 0xff, 0xff, 0xff, 0xff, 0xfe,

    /* U+25B2 "▲" */
    0x0, 0x0, 0x6, 0x0, 0x0, 0x0, 0x0, 0x6,
    0xf1, 0x0, 0x0, 0x0, 0x0, 0xef, 0x80, 0x0,
    0x0, 0x0, 0x6f, 0xff, 0x10, 0x0, 0x0, 0xe,
    0xff, 0xf8, 0x0, 0x0, 0x7, 0xff, 0xff, 0xf1,
    0x0, 0x0, 0xef, 0xff, 0xff, 0x80, 0x0, 0x7f,
    0xff, 0xff, 0xff, 0x10, 0xe, 0xff, 0xff, 0xff,
    0xf8, 0x7, 0xff, 0xff, 0xff, 0xff, 0xf1,

    /* U+25B3 "△" */
    0x0, 0x0, 0x6, 0x0, 0x0, 0x0, 0x0, 0x6,
    0xf1, 0x0, 0x0, 0x0, 0x0, 0xda, 0x80, 0x0,
    0x0, 0x0, 0x69, 0x1e, 0x10, 0x0, 0x0, 0xe,
    0x20, 0x88, 0x0, 0x0, 0x7, 0x90, 0x1, 0xe1,
    0x0, 0x0, 0xe1, 0x0, 0x8, 0x80, 0x0, 0x79,
    0x0, 0x0, 0xe, 0x10, 0xe, 0x10, 0x0, 0x0,
    0x78, 0x7, 0xff, 0xff, 0xff, 0xff, 0xf1,

    /* U+25BA "►" */
    0x47, 0x0, 0x0, 0x0, 0x0, 0x5, 0xfe, 0x70,
    0x0, 0x0, 0x0, 0x5f, 0xff, 0xe7, 0x0, 0x0,
    0x5, 0xff, 0xff, 0xfe, 0x70, 0x0, 0x5f, 0xff,
    0xff, 0xff, 0xe7, 0x5, 0xff, 0xff, 0xff, 0xff,
    0xa2, 0x5f, 0xff, 0xff, 0xfa, 0x20, 0x5, 0xff,
    0xff, 0xa2, 0x0, 0x0, 0x5f, 0xfa, 0x20, 0x0,
    0x0, 0x5, 0xb3, 0x0, 0x0, 0x0, 0x0, 0x0,
    0x0, 0x0, 0x0, 0x0, 0x0,

    /* U+25BB "▻" */
    0x19, 0x10, 0x0, 0x0, 0x0, 0x2, 0xee, 0x91,
    0x0, 0x0, 0x0, 0x2d, 0x7, 0xe9, 0x10, 0x0,
    0x2, 0xd0, 0x0, 0x7e, 0x81, 0x0, 0x2d, 0x0,
    0x0, 0x7, 0xe8, 0x12, 0xd0, 0x0, 0x0, 0x4c,
    0xb3, 0x2d, 0x0, 0x4, 0xcc, 0x40, 0x2, 0xd0,
    0x3c, 0xc4, 0x0, 0x0, 0x2e, 0xbc, 0x40, 0x0,
    0x0, 0x2, 0xc4, 0x0, 0x0, 0x0, 0x0, 0x0,
    0x0, 0x0, 0x0, 0x0, 0x0,

    /* U+25BC "▼" */
    0x6c, 0xcc, 0xcc, 0xcc, 0xcc, 0x11, 0xff, 0xff,
    0xff, 0xff, 0xa0, 0x8, 0xff, 0xff, 0xff, 0xf2,
    0x0, 0x1f, 0xff, 0xff, 0xfa, 0x0, 0x0, 0x8f,
    0xff, 0xff, 0x20, 0x0, 0x1, 0xff, 0xff, 0x90,
    0x0, 0x0, 0x8, 0xff, 0xf2, 0x0, 0x0, 0x0,
    0x1f, 0xf9, 0x0, 0x0, 0x0, 0x0, 0x8f, 0x20,
    0x0, 0x0, 0x0, 0x1, 0x80, 0x0, 0x0, 0x0,
    0x0, 0x0, 0x0, 0x0, 0x0,

    /* U+25BD "▽" */
    0x7e, 0xee, 0xee, 0xee, 0xee, 0x11, 0xe1, 0x0,
    0x0, 0x7, 0x90, 0x7, 0x80, 0x0, 0x0, 0xe1,
    0x0, 0xe, 0x10, 0x0, 0x79, 0x0, 0x0, 0x79,
    0x0, 0xe, 0x10, 0x0, 0x0, 0xe1, 0x7, 0x80,
    0x0, 0x0, 0x7, 0x90, 0xe1, 0x0, 0x0, 0x0,
    0xe, 0x98, 0x0, 0x0, 0x0, 0x0, 0x7f, 0x10,
    0x0, 0x0, 0x0, 0x0, 0x70, 0x0, 0x0,

    /* U+25C4 "◄" */
    0x0, 0x0, 0x0, 0x0, 0x4, 0x80, 0x0, 0x0,
    0x0, 0x3b, 0xfc, 0x0, 0x0, 0x3, 0xbf, 0xff,
    0xc0, 0x0, 0x3b, 0xff, 0xff, 0xfc, 0x3, 0xbf,
    0xff, 0xff, 0xff, 0xc0, 0x6e, 0xff, 0xff, 0xff,
    0xfc, 0x0, 0x6, 0xef, 0xff, 0xff, 0xc0, 0x0,
    0x0, 0x7e, 0xff, 0xfc, 0x0, 0x0, 0x0, 0x7,
    0xef, 0xc0, 0x0, 0x0, 0x0, 0x0, 0x7b, 0x0,
    0x0, 0x0, 0x0, 0x0, 0x0,

    /* U+25C5 "◅" */
    0x0, 0x0, 0x0, 0x0, 0x3, 0x90, 0x0, 0x0,
    0x0, 0x3b, 0xdd, 0x0, 0x0, 0x3, 0xbd, 0x51,
    0xd0, 0x0, 0x3b, 0xd5, 0x0, 0x1d, 0x2, 0xad,
    0x50, 0x0, 0x1, 0xd0, 0x5d, 0xa2, 0x0, 0x0,
    0x1d, 0x0, 0x6, 0xda, 0x20, 0x1, 0xd0, 0x0,
    0x0, 0x6d, 0x92, 0x1d, 0x0, 0x0, 0x0, 0x6,
    0xea, 0xd0, 0x0, 0x0, 0x0, 0x0, 0x7c, 0x0,
    0x0, 0x0, 0x0, 0x0, 0x0,

    /* U+25C9 "◉" */
    0x0, 0x0, 0x1, 0x0, 0x0, 0x0, 0x3, 0xbe,
    0xde, 0xb3, 0x0, 0x4, 0xe5, 0x0, 0x4, 0xd5,
    0x1, 0xe2, 0x1a, 0xed, 0x52, 0xe2, 0x78, 0xd,
    0xff, 0xff, 0x48, 0x8a, 0x43, 0xff, 0xff, 0xfa,
    0x4b, 0xa4, 0x4f, 0xff, 0xff, 0xb4, 0xb7, 0x80,
    0xef, 0xff, 0xf6, 0x78, 0x1e, 0x23, 0xdf, 0xf8,
    0x2e, 0x20, 0x4e, 0x50, 0x10, 0x5d, 0x50, 0x0,
    0x3b, 0xfd, 0xfb, 0x30, 0x0, 0x0, 0x0, 0x10,
    0x0, 0x0,

    /* U+25CA "◊" */
    0x0, 0x1, 0xbc, 0xc5, 0x0, 0x0, 0x0, 0xb,
    0xff, 0xff, 0x30, 0x0, 0x0, 0x9f, 0xfc, 0xff,
    0xe1, 0x0, 0x6, 0xff, 0xd0, 0x6f, 0xfc, 0x0,
    0x3f, 0xfe, 0x20, 0xa, 0xff, 0xa0, 0x6f, 0xfd,
    0x10, 0x7, 0xff, 0xc0, 0x8, 0xff, 0xb0, 0x4f,
    0xfe, 0x10, 0x0, 0xbf, 0xf9, 0xef, 0xf3, 0x0,
    0x0, 0x1d, 0xff, 0xff, 0x60, 0x0, 0x0, 0x2,
    0xef, 0xf9, 0x0, 0x0,

    /* U+25CB "○" */
    0x0, 0x0, 0x1, 0x0, 0x0, 0x0, 0x3, 0xbe,
    0xde, 0xb3, 0x0, 0x4, 0xe5, 0x0, 0x4, 0xd5,
    0x1, 0xe2, 0x0, 0x0, 0x2, 0xe2, 0x78, 0x0,
    0x0, 0x0, 0x8, 0x8a, 0x40, 0x0, 0x0, 0x0,
    0x4b, 0xa4, 0x0, 0x0, 0x0, 0x4, 0xb7, 0x80,
    0x0, 0x0, 0x0, 0x78, 0x1e, 0x20, 0x0, 0x0,
    0x1e, 0x20, 0x4e, 0x50, 0x0, 0x5d, 0x50, 0x0,
    0x3b, 0xfd, 0xfb, 0x30, 0x0, 0x0, 0x0, 0x10,
    0x0, 0x0,

    /* U+25CF "●" */
    0x0, 0x0, 0x1, 0x0, 0x0, 0x0, 0x2, 0xaf,
    0xff, 0xc4, 0x0, 0x3, 0xef, 0xff, 0xff, 0xf6,
    0x0, 0xef, 0xff, 0xff, 0xff, 0xf2, 0x5f, 0xff,
    0xff, 0xff, 0xff, 0x99, 0xff, 0xff, 0xff, 0xff,
    0xfc, 0x9f, 0xff, 0xff, 0xff, 0xff, 0xd6, 0xff,
    0xff, 0xff, 0xff, 0xfa, 0x1f, 0xff, 0xff, 0xff,
    0xff, 0x40, 0x5f, 0xff, 0xff, 0xff, 0x90, 0x0,
    0x4e, 0xff, 0xff, 0x70, 0x0, 0x0, 0x3, 0x54,
    0x0, 0x0,

    /* U+25D0 "◐" */
    0x0, 0x0, 0x1, 0x0, 0x0, 0x0, 0x3, 0xbf,
    0xee, 0xb3, 0x0, 0x6, 0xff, 0xf6, 0x5, 0xe4,
    0x2, 0xff, 0xff, 0x60, 0x2, 0xe1, 0x9f, 0xff,
    0xf6, 0x0, 0x8, 0x7c, 0xff, 0xff, 0x60, 0x0,
    0x4a, 0xcf, 0xff, 0xf6, 0x0, 0x4, 0xa9, 0xff,
    0xff, 0x60, 0x0, 0x87, 0x2f, 0xff, 0xf6, 0x0,
    0x2e, 0x10, 0x6f, 0xff, 0x60, 0x5e, 0x40, 0x0,
    0x3b, 0xfe, 0xfb, 0x30, 0x0, 0x0, 0x0, 0x10,
    0x0, 0x0,

    /* U+25D1 "◑" */
    0x0, 0x0, 0x1, 0x0, 0x0, 0x0, 0x2, 0xae,
    0xef, 0xc4, 0x0, 0x4, 0xe5, 0x5, 0xff, 0xf7,
    0x1, 0xe2, 0x0, 0x5f, 0xff, 0xf3, 0x78, 0x0,
    0x5, 0xff, 0xff, 0xaa, 0x40, 0x0, 0x5f, 0xff,
    0xfd, 0xa4, 0x0, 0x5, 0xff, 0xff, 0xd7, 0x80,
    0x0, 0x5f, 0xff, 0xfa, 0x1e, 0x20, 0x5, 0xff,
    0xff, 0x30, 0x4e, 0x50, 0x5f, 0xff, 0x70, 0x0,
    0x2b, 0xfe, 0xfc, 0x40, 0x0, 0x0, 0x0, 0x10,
    0x0, 0x0,

    /* U+25D2 "◒" */
    0x0, 0x0, 0x1, 0x0, 0x0, 0x0, 0x2, 0xbe,
    0xde, 0xb3, 0x0, 0x4, 0xe5, 0x0, 0x5, 0xe5,
    0x1, 0xe2, 0x0, 0x0, 0x2, 0xe1, 0x78, 0x0,
    0x0, 0x0, 0x8, 0x8a, 0x40, 0x0, 0x0, 0x0,
    0x4b, 0xaf, 0xff, 0xff, 0xff, 0xff, 0xb8, 0xff,
    0xff, 0xff, 0xff, 0xf9, 0x2f, 0xff, 0xff, 0xff,
    0xff, 0x20, 0x6f, 0xff, 0xff, 0xff, 0x70, 0x0,
    0x5d, 0xff, 0xfe, 0x50, 0x0, 0x0, 0x2, 0x43,
    0x0, 0x0,

    /* U+25D3 "◓" */
    0x0, 0x0, 0x1, 0x0, 0x0, 0x0, 0x3, 0xbf,
    0xff, 0xb3, 0x0, 0x4, 0xff, 0xff, 0xff, 0xf5,
    0x1, 0xff, 0xff, 0xff, 0xff, 0xf2, 0x7f, 0xff,
    0xff, 0xff, 0xff, 0x8a, 0xff, 0xff, 0xff, 0xff,
    0xfb, 0xa5, 0x11, 0x11, 0x11, 0x15, 0xb7, 0x80,
    0x0, 0x0, 0x0, 0x78, 0x1e, 0x20, 0x0, 0x0,
    0x1e, 0x20, 0x4e, 0x50, 0x0, 0x4d, 0x50, 0x0,
    0x3b, 0xfd, 0xfb, 0x30, 0x0, 0x0, 0x0, 0x10,
    0x0, 0x0,

    /* U+2776 "❶" */
    0x0, 0x0, 0x0, 0x0, 0x0, 0x0, 0x0, 0x0,
    0x6c, 0xff, 0xeb, 0x50, 0x0, 0x1, 0xcf, 0xff,
    0xff, 0xff, 0xb0, 0x0, 0xcf, 0xff, 0xeb, 0xcf,
    0xff, 0xa0, 0x5f, 0xff, 0x92, 0x1, 0xff, 0xff,
    0x38, 0xff, 0xfa, 0x40, 0x1f, 0xff, 0xf7, 0x9f,
    0xff, 0xf7, 0x1, 0xff, 0xff, 0x75, 0xff, 0xff,
    0x70, 0x1f, 0xff, 0xf4, 0xd, 0xff, 0xfd, 0xbc,
    0xff, 0xfc, 0x0, 0x2e, 0xff, 0xff, 0xff, 0xfd,
    0x10, 0x0, 0x18, 0xef, 0xff, 0xd7, 0x0, 0x0,
    0x0, 0x0, 0x12, 0x10, 0x0, 0x0,

    /* U+2777 "❷" */
    0x0, 0x0, 0x0, 0x10, 0x0, 0x0, 0x0, 0x1,
    0x8e, 0xff, 0xfb, 0x50, 0x0, 0x3, 0xef, 0xff,
    0xff, 0xff, 0xa0, 0x1, 0xef, 0xfd, 0x87, 0x9e,
    0xff, 0x80, 0x7f, 0xfb, 0x2, 0x20, 0xe, 0xff,
    0xb, 0xff, 0xfd, 0x93, 0x3, 0xff, 0xf3, 0xbf,
    0xfa, 0x0, 0x6c, 0xff, 0xff, 0x37, 0xff, 0x40,
    0x0, 0x0, 0xcf, 0xf1, 0x1e, 0xfe, 0xdd, 0xdd,
    0xdf, 0xf9, 0x0, 0x3f, 0xff, 0xff, 0xff, 0xfb,
    0x0, 0x0, 0x19, 0xff, 0xff, 0xc6, 0x0, 0x0,
    0x0, 0x0, 0x12, 0x0, 0x0, 0x0,

    /* U+2778 "❸" */
    0x0, 0x0, 0x1, 0x10, 0x0, 0x0, 0x0, 0x1,
    0x9e, 0xff, 0xfb, 0x40, 0x0, 0x3, 0xef, 0xff,
    0xff, 0xff, 0x80, 0x1, 0xef, 0xfe, 0xba, 0xcf,
    0xff, 0x50, 0x8f, 0xfa, 0x3, 0x30, 0x3f, 0xfd,
    0xc, 0xff, 0xff, 0x82, 0x5, 0xff, 0xf1, 0xdf,
    0xff, 0xcc, 0x80, 0x1e, 0xff, 0x2a, 0xff, 0x50,
    0x11, 0x0, 0xdf, 0xf0, 0x4f, 0xff, 0x73, 0x34,
    0xbf, 0xfa, 0x0, 0x9f, 0xff, 0xff, 0xff, 0xfe,
    0x10, 0x0, 0x8f, 0xff, 0xff, 0xfb, 0x10, 0x0,
    0x0, 0x16, 0x89, 0x73, 0x0, 0x0,

    /* U+2779 "❹" */
    0x0, 0x0, 0x0, 0x0, 0x0, 0x0, 0x0, 0x0,
    0x6c, 0xff, 0xea, 0x30, 0x0, 0x1, 0xdf, 0xff,
    0xff, 0xff, 0x80, 0x0, 0xcf, 0xff, 0xeb, 0xbe,
    0xff, 0x60, 0x4f, 0xff, 0xd2, 0x0, 0xaf, 0xfe,
    0x8, 0xff, 0xc1, 0x52, 0xa, 0xff, 0xf2, 0x8f,
    0xf0, 0x5, 0x10, 0x4d, 0xff, 0x25, 0xff, 0xaa,
    0xa2, 0x6, 0xef, 0xf0, 0xd, 0xff, 0xff, 0xcc,
    0xef, 0xf8, 0x0, 0x2e, 0xff, 0xff, 0xff, 0xfa,
    0x0, 0x0, 0x19, 0xef, 0xff, 0xc6, 0x0, 0x0,
    0x0, 0x0, 0x12, 0x0, 0x0, 0x0,

    /* U+277A "❺" */
    0x0, 0x0, 0x0, 0x0, 0x0, 0x0, 0x0, 0x0,
    0x6c, 0xff, 0xea, 0x30, 0x0, 0x1, 0xcf, 0xff,
    0xff, 0xff, 0x70, 0x0, 0xcf, 0xfe, 0xee, 0xee,
    0xff, 0x50, 0x4f, 0xfb, 0x0, 0x0, 0x1f, 0xfd,
    0x8, 0xff, 0xa0, 0x45, 0x49, 0xff, 0xf2, 0x9f,
    0xfe, 0x97, 0xa0, 0xd, 0xff, 0x37, 0xff, 0x80,
    0x1, 0x0, 0xdf, 0xf0, 0x1f, 0xff, 0x83, 0x24,
    0xaf, 0xfa, 0x0, 0x6f, 0xff, 0xff, 0xff, 0xfe,
    0x10, 0x0, 0x5e, 0xff, 0xff, 0xfb, 0x10, 0x0,
    0x0, 0x4, 0x78, 0x62, 0x0, 0x0,

    /* U+277B "❻" */
    0x0, 0x0, 0x0, 0x10, 0x0, 0x0, 0x0, 0x0,
    0x7d, 0xff, 0xfd, 0x70, 0x0, 0x1, 0xdf, 0xff,
    0xff, 0xff, 0xd1, 0x0, 0xdf, 0xff, 0xba, 0xbe,
    0xff, 0xd0, 0x5f, 0xfc, 0x10, 0x30, 0x1d, 0xff,
    0x59, 0xff, 0x40, 0x17, 0x56, 0xef, 0xf9, 0x9f,
    0xf4, 0x2, 0xb1, 0x5, 0xff, 0x95, 0xff, 0xc1,
    0x1, 0x0, 0xaf, 0xf5, 0xd, 0xff, 0xfc, 0xab,
    0xef, 0xfd, 0x0, 0x2e, 0xff, 0xff, 0xff, 0xfe,
    0x20, 0x0, 0x8, 0xef, 0xff, 0xe8, 0x0, 0x0,
    0x0, 0x0, 0x12, 0x10, 0x0, 0x0,

    /* U+277C "❼" */
    0x0, 0x0, 0x0, 0x0, 0x0, 0x0, 0x0, 0x1,
    0x7d, 0xff, 0xe9, 0x20, 0x0, 0x3, 0xef, 0xff,
    0xff, 0xff, 0x50, 0x1, 0xef, 0xff, 0xff, 0xff,
    0xff, 0x30, 0x7f, 0xf5, 0x0, 0x0, 0xe, 0xfb,
    0xc, 0xff, 0xa7, 0x75, 0x2, 0xff, 0xf0, 0xdf,
    0xff, 0xfc, 0x1, 0xef, 0xff, 0xa, 0xff, 0xfe,
    0x10, 0x9f, 0xff, 0xe0, 0x4f, 0xff, 0xa1, 0x1d,
    0xff, 0xf8, 0x0, 0xaf, 0xff, 0xff, 0xff, 0xfd,
    0x0, 0x0, 0x8f, 0xff, 0xff, 0xfa, 0x10, 0x0,
    0x0, 0x16, 0x89, 0x72, 0x0, 0x0,

    /* U+277D "❽" */
    0x0, 0x0, 0x0, 0x10, 0x0, 0x0, 0x0, 0x1,
    0x8e, 0xff, 0xfb, 0x50, 0x0, 0x3, 0xef, 0xff,
    0xff, 0xff, 0xa0, 0x1, 0xef, 0xfd, 0xaa, 0xbf,
    0xff, 0x80, 0x7f, 0xf9, 0x0, 0x10, 0x1e, 0xff,
    0xb, 0xff, 0x80, 0x39, 0x1, 0xef, 0xf3, 0xbf,
    0xf8, 0x2, 0x60, 0x3d, 0xff, 0x37, 0xff, 0x50,
    0x14, 0x0, 0xcf, 0xf0, 0x1e, 0xff, 0xda, 0xab,
    0xef, 0xf8, 0x0, 0x3f, 0xff, 0xff, 0xff, 0xfa,
    0x0, 0x0, 0x19, 0xff, 0xff, 0xc6, 0x0, 0x0,
    0x0, 0x0, 0x12, 0x0, 0x0, 0x0,

    /* U+277E "❾" */
    0x0, 0x0, 0x0, 0x10, 0x0, 0x0, 0x0, 0x0,
    0x7d, 0xff, 0xfd, 0x60, 0x0, 0x1, 0xdf, 0xff,
    0xff, 0xff, 0xc0, 0x0, 0xcf, 0xfe, 0xbb, 0xcf,
    0xff, 0xb0, 0x4f, 0xfa, 0x0, 0x10, 0x2e, 0xff,
    0x38, 0xff, 0x40, 0x3b, 0x0, 0x6f, 0xf7, 0x9f,
    0xfb, 0x20, 0x31, 0x4, 0xff, 0x87, 0xff, 0xb6,
    0x78, 0x0, 0xaf, 0xf6, 0x1f, 0xfe, 0x73, 0x35,
    0xaf, 0xfe, 0x0, 0x6f, 0xff, 0xff, 0xff, 0xff,
    0x50, 0x0, 0x5e, 0xff, 0xff, 0xfe, 0x40, 0x0,
    0x0, 0x5, 0x89, 0x84, 0x0, 0x0,

    /* U+27F5 "⟵" */
    0x0, 0x0, 0x1, 0x0, 0x0, 0x0, 0x0, 0x0,
    0x0, 0x0, 0x1c, 0xa0, 0x0, 0x0, 0x0, 0x0,
    0x0, 0x0, 0x1d, 0xfb, 0x0, 0x0, 0x0, 0x0,
    0x0, 0x0, 0x2e, 0xe6, 0x11, 0x11, 0x22, 0x22,
    0x22, 0x32, 0x3e, 0xff, 0xff, 0xff, 0xff, 0xff,
    0xff, 0xff, 0xc4, 0xff, 0xff, 0xff, 0xff, 0xff,
    0xff, 0xff, 0xfc, 0x4, 0xfe, 0x64, 0x44, 0x44,
    0x55, 0x55, 0x55, 0x40, 0x3, 0xef, 0x80, 0x0,
    0x0, 0x0, 0x0, 0x0, 0x0, 0x2, 0xec, 0x0,
    0x0, 0x0, 0x0, 0x0, 0x0, 0x0, 0x2, 0x20,
    0x0, 0x0, 0x0, 0x0, 0x0,

    /* U+27F6 "⟶" */
    0x0, 0x0, 0x0, 0x0, 0x0, 0x0, 0x20, 0x0,
    0x0, 0x0, 0x0, 0x0, 0x0, 0x0, 0x3, 0xf5,
    0x0, 0x0, 0x0, 0x0, 0x0, 0x0, 0x0, 0x5,
    0xff, 0x60, 0x0, 0x13, 0x22, 0x22, 0x22, 0x21,
    0x11, 0x3b, 0xf7, 0x0, 0x5f, 0xff, 0xff, 0xff,
    0xff, 0xff, 0xff, 0xff, 0x80, 0x5f, 0xff, 0xff,
    0xff, 0xff, 0xff, 0xff, 0xff, 0xa0, 0x25, 0x55,
    0x55, 0x55, 0x44, 0x44, 0x4b, 0xf9, 0x0, 0x0,
    0x0, 0x0, 0x0, 0x0, 0x4, 0xdf, 0x80, 0x0,
    0x0, 0x0, 0x0, 0x0, 0x0, 0x5, 0xf7, 0x0,
    0x0, 0x0, 0x0, 0x0, 0x0, 0x0, 0x0, 0x40,
    0x0, 0x0,

    /* U+27F7 "⟷" */
    0x0, 0x0, 0x1, 0x0, 0x0, 0x0, 0x0, 0x2,
    0x0, 0x0, 0x0, 0x0, 0x1c, 0xa0, 0x0, 0x0,
    0x0, 0x0, 0xda, 0x0, 0x0, 0x0, 0x1d, 0xfb,
    0x0, 0x0, 0x0, 0x0, 0x2d, 0xfb, 0x0, 0x0,
    0x2e, 0xe6, 0x11, 0x11, 0x11, 0x11, 0x11, 0x18,
    0xfc, 0x0, 0x3e, 0xff, 0xff, 0xff, 0xff, 0xff,
    0xff, 0xff, 0xff, 0xfc, 0x14, 0xff, 0xff, 0xff,
    0xff, 0xff, 0xff, 0xff, 0xff, 0xff, 0xe2, 0x4,
    0xfe, 0x64, 0x44, 0x44, 0x44, 0x44, 0x44, 0x8f,
    0xd1, 0x0, 0x3, 0xef, 0x80, 0x0, 0x0, 0x0,
    0x1, 0xaf, 0xd1, 0x0, 0x0, 0x2, 0xeb, 0x0,
    0x0, 0x0, 0x0, 0xe, 0xc1, 0x0, 0x0, 0x0,
    0x2, 0x20, 0x0, 0x0, 0x0, 0x0, 0x40, 0x0,
    0x0
};


/*---------------------
 *  GLYPH DESCRIPTION
 *--------------------*/

static const lv_font_fmt_txt_glyph_dsc_t glyph_dsc[] = {
    {.bitmap_index = 0, .adv_w = 0, .box_w = 0, .box_h = 0, .ofs_x = 0, .ofs_y = 0} /* id = 0 reserved */,
    {.bitmap_index = 0, .adv_w = 61, .box_w = 0, .box_h = 0, .ofs_x = 0, .ofs_y = 0},
    {.bitmap_index = 0, .adv_w = 74, .box_w = 4, .box_h = 10, .ofs_x = 0, .ofs_y = 0},
    {.bitmap_index = 20, .adv_w = 143, .box_w = 10, .box_h = 5, .ofs_x = 0, .ofs_y = 5},
    {.bitmap_index = 45, .adv_w = 227, .box_w = 14, .box_h = 10, .ofs_x = 0, .ofs_y = 0},
    {.bitmap_index = 115, .adv_w = 179, .box_w = 11, .box_h = 13, .ofs_x = 0, .ofs_y = -2},
    {.bitmap_index = 187, .adv_w = 263, .box_w = 17, .box_h = 10, .ofs_x = 0, .ofs_y = 0},
    {.bitmap_index = 272, .adv_w = 203, .box_w = 13, .box_h = 10, .ofs_x = 0, .ofs_y = 0},
    {.bitmap_index = 337, .adv_w = 78, .box_w = 6, .box_h = 5, .ofs_x = 0, .ofs_y = 5},
    {.bitmap_index = 352, .adv_w = 94, .box_w = 6, .box_h = 13, .ofs_x = 0, .ofs_y = -3},
    {.bitmap_index = 391, .adv_w = 94, .box_w = 6, .box_h = 13, .ofs_x = 0, .ofs_y = -3},
    {.bitmap_index = 430, .adv_w = 118, .box_w = 8, .box_h = 7, .ofs_x = 0, .ofs_y = 3},
    {.bitmap_index = 458, .adv_w = 179, .box_w = 9, .box_h = 8, .ofs_x = 1, .ofs_y = 0},
    {.bitmap_index = 494, .adv_w = 73, .box_w = 4, .box_h = 6, .ofs_x = 0, .ofs_y = -3},
    {.bitmap_index = 506, .adv_w = 109, .box_w = 7, .box_h = 3, .ofs_x = 0, .ofs_y = 3},
    {.bitmap_index = 517, .adv_w = 73, .box_w = 4, .box_h = 3, .ofs_x = 0, .ofs_y = 0},
    {.bitmap_index = 523, .adv_w = 134, .box_w = 9, .box_h = 13, .ofs_x = 0, .ofs_y = -3},
    {.bitmap_index = 582, .adv_w = 179, .box_w = 11, .box_h = 10, .ofs_x = 0, .ofs_y = 0},
    {.bitmap_index = 637, .adv_w = 115, .box_w = 7, .box_h = 10, .ofs_x = 0, .ofs_y = 0},
    {.bitmap_index = 672, .adv_w = 166, .box_w = 11, .box_h = 10, .ofs_x = 0, .ofs_y = 0},
    {.bitmap_index = 727, .adv_w = 168, .box_w = 11, .box_h = 10, .ofs_x = 0, .ofs_y = 0},
    {.bitmap_index = 782, .adv_w = 180, .box_w = 11, .box_h = 10, .ofs_x = 0, .ofs_y = 0},
    {.bitmap_index = 837, .adv_w = 170, .box_w = 11, .box_h = 10, .ofs_x = 0, .ofs_y = 0},
    {.bitmap_index = 892, .adv_w = 177, .box_w = 11, .box_h = 10, .ofs_x = 0, .ofs_y = 0},
    {.bitmap_index = 947, .adv_w = 163, .box_w = 10, .box_h = 10, .ofs_x = 0, .ofs_y = 0},
    {.bitmap_index = 997, .adv_w = 175, .box_w = 11, .box_h = 10, .ofs_x = 0, .ofs_y = 0},
    {.bitmap_index = 1052, .adv_w = 177, .box_w = 11, .box_h = 10, .ofs_x = 0, .ofs_y = 0},
    {.bitmap_index = 1107, .adv_w = 73, .box_w = 4, .box_h = 7, .ofs_x = 0, .ofs_y = 0},
    {.bitmap_index = 1121, .adv_w = 73, .box_w = 4, .box_h = 10, .ofs_x = 0, .ofs_y = -3},
    {.bitmap_index = 1141, .adv_w = 179, .box_w = 9, .box_h = 8, .ofs_x = 1, .ofs_y = 0},
    {.bitmap_index = 1177, .adv_w = 179, .box_w = 9, .box_h = 6, .ofs_x = 1, .ofs_y = 1},
    {.bitmap_index = 1204, .adv_w = 179, .box_w = 9, .box_h = 8, .ofs_x = 1, .ofs_y = 0},
    {.bitmap_index = 1240, .adv_w = 149, .box_w = 10, .box_h = 10, .ofs_x = 0, .ofs_y = 0},
    {.bitmap_index = 1290, .adv_w = 254, .box_w = 16, .box_h = 13, .ofs_x = 0, .ofs_y = -3},
    {.bitmap_index = 1394, .adv_w = 179, .box_w = 13, .box_h = 10, .ofs_x = -1, .ofs_y = 0},
    {.bitmap_index = 1459, .adv_w = 183, .box_w = 12, .box_h = 10, .ofs_x = 0, .ofs_y = 0},
    {.bitmap_index = 1519, .adv_w = 178, .box_w = 11, .box_h = 10, .ofs_x = 0, .ofs_y = 0},
    {.bitmap_index = 1574, .adv_w = 191, .box_w = 12, .box_h = 10, .ofs_x = 0, .ofs_y = 0},
    {.bitmap_index = 1634, .adv_w = 164, .box_w = 10, .box_h = 10, .ofs_x = 0, .ofs_y = 0},
    {.bitmap_index = 1684, .adv_w = 160, .box_w = 10, .box_h = 10, .ofs_x = 0, .ofs_y = 0},
    {.bitmap_index = 1734, .adv_w = 188, .box_w = 12, .box_h = 10, .ofs_x = 0, .ofs_y = 0},
    {.bitmap_index = 1794, .adv_w = 187, .box_w = 12, .box_h = 10, .ofs_x = 0, .ofs_y = 0},
    {.bitmap_index = 1854, .adv_w = 77, .box_w = 5, .box_h = 10, .ofs_x = 0, .ofs_y = 0},
    {.bitmap_index = 1879, .adv_w = 163, .box_w = 10, .box_h = 10, .ofs_x = 0, .ofs_y = 0},
    {.bitmap_index = 1929, .adv_w = 182, .box_w = 12, .box_h = 10, .ofs_x = 0, .ofs_y = 0},
    {.bitmap_index = 1989, .adv_w = 149, .box_w = 10, .box_h = 10, .ofs_x = 0, .ofs_y = 0},
    {.bitmap_index = 2039, .adv_w = 248, .box_w = 15, .box_h = 10, .ofs_x = 0, .ofs_y = 0},
    {.bitmap_index = 2114, .adv_w = 188, .box_w = 12, .box_h = 10, .ofs_x = 0, .ofs_y = 0},
    {.bitmap_index = 2174, .adv_w = 194, .box_w = 12, .box_h = 10, .ofs_x = 0, .ofs_y = 0},
    {.bitmap_index = 2234, .adv_w = 183, .box_w = 12, .box_h = 10, .ofs_x = 0, .ofs_y = 0},
    {.bitmap_index = 2294, .adv_w = 194, .box_w = 12, .box_h = 13, .ofs_x = 0, .ofs_y = -3},
    {.bitmap_index = 2372, .adv_w = 186, .box_w = 12, .box_h = 10, .ofs_x = 0, .ofs_y = 0},
    {.bitmap_index = 2432, .adv_w = 174, .box_w = 11, .box_h = 10, .ofs_x = 0, .ofs_y = 0},
    {.bitmap_index = 2487, .adv_w = 168, .box_w = 11, .box_h = 10, .ofs_x = 0, .ofs_y = 0},
    {.bitmap_index = 2542, .adv_w = 183, .box_w = 11, .box_h = 10, .ofs_x = 0, .ofs_y = 0},
    {.bitmap_index = 2597, .adv_w = 176, .box_w = 13, .box_h = 10, .ofs_x = -1, .ofs_y = 0},
    {.bitmap_index = 2662, .adv_w = 274, .box_w = 19, .box_h = 10, .ofs_x = -1, .ofs_y = 0},
    {.bitmap_index = 2757, .adv_w = 185, .box_w = 13, .box_h = 10, .ofs_x = -1, .ofs_y = 0},
    {.bitmap_index = 2822, .adv_w = 171, .box_w = 12, .box_h = 10, .ofs_x = -1, .ofs_y = 0},
    {.bitmap_index = 2882, .adv_w = 173, .box_w = 11, .box_h = 10, .ofs_x = 0, .ofs_y = 0},
    {.bitmap_index = 2937, .adv_w = 102, .box_w = 6, .box_h = 13, .ofs_x = 0, .ofs_y = -3},
    {.bitmap_index = 2976, .adv_w = 134, .box_w = 9, .box_h = 13, .ofs_x = 0, .ofs_y = -3},
    {.bitmap_index = 3035, .adv_w = 102, .box_w = 6, .box_h = 13, .ofs_x = 0, .ofs_y = -3},
    {.bitmap_index = 3074, .adv_w = 173, .box_w = 11, .box_h = 5, .ofs_x = 0, .ofs_y = 4},
    {.bitmap_index = 3102, .adv_w = 132, .box_w = 9, .box_h = 2, .ofs_x = 0, .ofs_y = -3},
    {.bitmap_index = 3111, .adv_w = 159, .box_w = 6, .box_h = 2, .ofs_x = 2, .ofs_y = 8},
    {.bitmap_index = 3117, .adv_w = 149, .box_w = 10, .box_h = 7, .ofs_x = 0, .ofs_y = 0},
    {.bitmap_index = 3152, .adv_w = 157, .box_w = 10, .box_h = 10, .ofs_x = 0, .ofs_y = 0},
    {.bitmap_index = 3202, .adv_w = 150, .box_w = 10, .box_h = 7, .ofs_x = 0, .ofs_y = 0},
    {.bitmap_index = 3237, .adv_w = 157, .box_w = 10, .box_h = 10, .ofs_x = 0, .ofs_y = 0},
    {.bitmap_index = 3287, .adv_w = 152, .box_w = 10, .box_h = 7, .ofs_x = 0, .ofs_y = 0},
    {.bitmap_index = 3322, .adv_w = 113, .box_w = 7, .box_h = 10, .ofs_x = 0, .ofs_y = 0},
    {.bitmap_index = 3357, .adv_w = 154, .box_w = 11, .box_h = 12, .ofs_x = -1, .ofs_y = -3},
    {.bitmap_index = 3423, .adv_w = 152, .box_w = 9, .box_h = 10, .ofs_x = 0, .ofs_y = 0},
    {.bitmap_index = 3468, .adv_w = 69, .box_w = 4, .box_h = 10, .ofs_x = 0, .ofs_y = 0},
    {.bitmap_index = 3488, .adv_w = 69, .box_w = 5, .box_h = 13, .ofs_x = -1, .ofs_y = -3},
    {.bitmap_index = 3521, .adv_w = 153, .box_w = 10, .box_h = 10, .ofs_x = 0, .ofs_y = 0},
    {.bitmap_index = 3571, .adv_w = 69, .box_w = 4, .box_h = 10, .ofs_x = 0, .ofs_y = 0},
    {.bitmap_index = 3591, .adv_w = 230, .box_w = 14, .box_h = 7, .ofs_x = 0, .ofs_y = 0},
    {.bitmap_index = 3640, .adv_w = 152, .box_w = 9, .box_h = 7, .ofs_x = 0, .ofs_y = 0},
    {.bitmap_index = 3672, .adv_w = 158, .box_w = 10, .box_h = 7, .ofs_x = 0, .ofs_y = 0},
    {.bitmap_index = 3707, .adv_w = 157, .box_w = 10, .box_h = 10, .ofs_x = 0, .ofs_y = -3},
    {.bitmap_index = 3757, .adv_w = 157, .box_w = 10, .box_h = 10, .ofs_x = 0, .ofs_y = -3},
    {.bitmap_index = 3807, .adv_w = 110, .box_w = 7, .box_h = 8, .ofs_x = 0, .ofs_y = 0},
    {.bitmap_index = 3835, .adv_w = 140, .box_w = 9, .box_h = 7, .ofs_x = 0, .ofs_y = 0},
    {.bitmap_index = 3867, .adv_w = 117, .box_w = 7, .box_h = 10, .ofs_x = 0, .ofs_y = 0},
    {.bitmap_index = 3902, .adv_w = 152, .box_w = 9, .box_h = 7, .ofs_x = 0, .ofs_y = 0},
    {.bitmap_index = 3934, .adv_w = 140, .box_w = 10, .box_h = 7, .ofs_x = -1, .ofs_y = 0},
    {.bitmap_index = 3969, .adv_w = 215, .box_w = 15, .box_h = 7, .ofs_x = -1, .ofs_y = 0},
    {.bitmap_index = 4022, .adv_w = 148, .box_w = 11, .box_h = 7, .ofs_x = -1, .ofs_y = 0},
    {.bitmap_index = 4061, .adv_w = 140, .box_w = 10, .box_h = 10, .ofs_x = -1, .ofs_y = -3},
    {.bitmap_index = 4111, .adv_w = 132, .box_w = 8, .box_h = 7, .ofs_x = 0, .ofs_y = 0},
    {.bitmap_index = 4139, .adv_w = 116, .box_w = 7, .box_h = 13, .ofs_x = 0, .ofs_y = -3},
    {.bitmap_index = 4185, .adv_w = 70, .box_w = 4, .box_h = 13, .ofs_x = 0, .ofs_y = -3},
    {.bitmap_index = 4211, .adv_w = 116, .box_w = 7, .box_h = 13, .ofs_x = 0, .ofs_y = -3},
    {.bitmap_index = 4257, .adv_w = 179, .box_w = 9, .box_h = 3, .ofs_x = 1, .ofs_y = 2},
    {.bitmap_index = 4271, .adv_w = 61, .box_w = 0, .box_h = 0, .ofs_x = 0, .ofs_y = 0},
    {.bitmap_index = 4271, .adv_w = 74, .box_w = 4, .box_h = 10, .ofs_x = 0, .ofs_y = -3},
    {.bitmap_index = 4291, .adv_w = 179, .box_w = 11, .box_h = 10, .ofs_x = 0, .ofs_y = 0},
    {.bitmap_index = 4346, .adv_w = 179, .box_w = 12, .box_h = 10, .ofs_x = 0, .ofs_y = 0},
    {.bitmap_index = 4406, .adv_w = 179, .box_w = 11, .box_h = 10, .ofs_x = 0, .ofs_y = 0},
    {.bitmap_index = 4461, .adv_w = 179, .box_w = 13, .box_h = 10, .ofs_x = -1, .ofs_y = 0},
    {.bitmap_index = 4526, .adv_w = 70, .box_w = 4, .box_h = 13, .ofs_x = 0, .ofs_y = -3},
    {.bitmap_index = 4552, .adv_w = 151, .box_w = 10, .box_h = 12, .ofs_x = 0, .ofs_y = -2},
    {.bitmap_index = 4612, .adv_w = 159, .box_w = 8, .box_h = 2, .ofs_x = 1, .ofs_y = 8},
    {.bitmap_index = 4620, .adv_w = 225, .box_w = 14, .box_h = 10, .ofs_x = 0, .ofs_y = 0},
    {.bitmap_index = 4690, .adv_w = 116, .box_w = 7, .box_h = 7, .ofs_x = 0, .ofs_y = 4},
    {.bitmap_index = 4715, .adv_w = 183, .box_w = 11, .box_h = 6, .ofs_x = 0, .ofs_y = 1},
    {.bitmap_index = 4748, .adv_w = 179, .box_w = 9, .box_h = 5, .ofs_x = 1, .ofs_y = 0},
    {.bitmap_index = 4771, .adv_w = 225, .box_w = 14, .box_h = 10, .ofs_x = 0, .ofs_y = 0},
    {.bitmap_index = 4841, .adv_w = 159, .box_w = 8, .box_h = 2, .ofs_x = 1, .ofs_y = 8},
    {.bitmap_index = 4849, .adv_w = 119, .box_w = 7, .box_h = 6, .ofs_x = 0, .ofs_y = 4},
    {.bitmap_index = 4870, .adv_w = 179, .box_w = 9, .box_h = 9, .ofs_x = 1, .ofs_y = 0},
    {.bitmap_index = 4911, .adv_w = 106, .box_w = 7, .box_h = 5, .ofs_x = 0, .ofs_y = 6},
    {.bitmap_index = 4929, .adv_w = 106, .box_w = 7, .box_h = 5, .ofs_x = 0, .ofs_y = 6},
    {.bitmap_index = 4947, .adv_w = 159, .box_w = 6, .box_h = 2, .ofs_x = 2, .ofs_y = 8},
    {.bitmap_index = 4953, .adv_w = 153, .box_w = 10, .box_h = 10, .ofs_x = 0, .ofs_y = -3},
    {.bitmap_index = 5003, .adv_w = 198, .box_w = 12, .box_h = 13, .ofs_x = 0, .ofs_y = -3},
    {.bitmap_index = 5081, .adv_w = 73, .box_w = 4, .box_h = 3, .ofs_x = 0, .ofs_y = 2},
    {.bitmap_index = 5087, .adv_w = 159, .box_w = 6, .box_h = 4, .ofs_x = 2, .ofs_y = -3},
    {.bitmap_index = 5099, .adv_w = 73, .box_w = 5, .box_h = 5, .ofs_x = 0, .ofs_y = 6},
    {.bitmap_index = 5112, .adv_w = 123, .box_w = 8, .box_h = 7, .ofs_x = 0, .ofs_y = 4},
    {.bitmap_index = 5140, .adv_w = 183, .box_w = 11, .box_h = 6, .ofs_x = 0, .ofs_y = 1},
    {.bitmap_index = 5173, .adv_w = 213, .box_w = 15, .box_h = 11, .ofs_x = -1, .ofs_y = -1},
    {.bitmap_index = 5256, .adv_w = 217, .box_w = 15, .box_h = 10, .ofs_x = -1, .ofs_y = -1},
    {.bitmap_index = 5331, .adv_w = 237, .box_w = 15, .box_h = 11, .ofs_x = 0, .ofs_y = -1},
    {.bitmap_index = 5414, .adv_w = 148, .box_w = 10, .box_h = 10, .ofs_x = 0, .ofs_y = -3},
    {.bitmap_index = 5464, .adv_w = 179, .box_w = 13, .box_h = 12, .ofs_x = -1, .ofs_y = 0},
    {.bitmap_index = 5542, .adv_w = 179, .box_w = 13, .box_h = 12, .ofs_x = -1, .ofs_y = 0},
    {.bitmap_index = 5620, .adv_w = 179, .box_w = 13, .box_h = 12, .ofs_x = -1, .ofs_y = 0},
    {.bitmap_index = 5698, .adv_w = 179, .box_w = 13, .box_h = 13, .ofs_x = -1, .ofs_y = 0},
    {.bitmap_index = 5783, .adv_w = 179, .box_w = 13, .box_h = 12, .ofs_x = -1, .ofs_y = 0},
    {.bitmap_index = 5861, .adv_w = 179, .box_w = 13, .box_h = 13, .ofs_x = -1, .ofs_y = 0},
    {.bitmap_index = 5946, .adv_w = 276, .box_w = 18, .box_h = 10, .ofs_x = -1, .ofs_y = 0},
    {.bitmap_index = 6036, .adv_w = 178, .box_w = 11, .box_h = 13, .ofs_x = 0, .ofs_y = -3},
    {.bitmap_index = 6108, .adv_w = 164, .box_w = 10, .box_h = 12, .ofs_x = 0, .ofs_y = 0},
    {.bitmap_index = 6168, .adv_w = 164, .box_w = 10, .box_h = 12, .ofs_x = 0, .ofs_y = 0},
    {.bitmap_index = 6228, .adv_w = 164, .box_w = 10, .box_h = 12, .ofs_x = 0, .ofs_y = 0},
    {.bitmap_index = 6288, .adv_w = 164, .box_w = 10, .box_h = 12, .ofs_x = 0, .ofs_y = 0},
    {.bitmap_index = 6348, .adv_w = 77, .box_w = 7, .box_h = 12, .ofs_x = -2, .ofs_y = 0},
    {.bitmap_index = 6390, .adv_w = 77, .box_w = 7, .box_h = 12, .ofs_x = 0, .ofs_y = 0},
    {.bitmap_index = 6432, .adv_w = 77, .box_w = 9, .box_h = 12, .ofs_x = -2, .ofs_y = 0},
    {.bitmap_index = 6486, .adv_w = 77, .box_w = 7, .box_h = 12, .ofs_x = -1, .ofs_y = 0},
    {.bitmap_index = 6528, .adv_w = 204, .box_w = 13, .box_h = 10, .ofs_x = 0, .ofs_y = 0},
    {.bitmap_index = 6593, .adv_w = 188, .box_w = 12, .box_h = 13, .ofs_x = 0, .ofs_y = 0},
    {.bitmap_index = 6671, .adv_w = 194, .box_w = 12, .box_h = 12, .ofs_x = 0, .ofs_y = 0},
    {.bitmap_index = 6743, .adv_w = 194, .box_w = 12, .box_h = 12, .ofs_x = 0, .ofs_y = 0},
    {.bitmap_index = 6815, .adv_w = 194, .box_w = 12, .box_h = 12, .ofs_x = 0, .ofs_y = 0},
    {.bitmap_index = 6887, .adv_w = 194, .box_w = 12, .box_h = 13, .ofs_x = 0, .ofs_y = 0},
    {.bitmap_index = 6965, .adv_w = 194, .box_w = 12, .box_h = 13, .ofs_x = 0, .ofs_y = 0},
    {.bitmap_index = 7043, .adv_w = 179, .box_w = 9, .box_h = 9, .ofs_x = 1, .ofs_y = -1},
    {.bitmap_index = 7084, .adv_w = 194, .box_w = 12, .box_h = 12, .ofs_x = 0, .ofs_y = -1},
    {.bitmap_index = 7156, .adv_w = 183, .box_w = 11, .box_h = 12, .ofs_x = 0, .ofs_y = 0},
    {.bitmap_index = 7222, .adv_w = 183, .box_w = 11, .box_h = 12, .ofs_x = 0, .ofs_y = 0},
    {.bitmap_index = 7288, .adv_w = 183, .box_w = 11, .box_h = 12, .ofs_x = 0, .ofs_y = 0},
    {.bitmap_index = 7354, .adv_w = 183, .box_w = 11, .box_h = 13, .ofs_x = 0, .ofs_y = 0},
    {.bitmap_index = 7426, .adv_w = 171, .box_w = 12, .box_h = 12, .ofs_x = -1, .ofs_y = 0},
    {.bitmap_index = 7498, .adv_w = 183, .box_w = 12, .box_h = 10, .ofs_x = 0, .ofs_y = 0},
    {.bitmap_index = 7558, .adv_w = 163, .box_w = 10, .box_h = 10, .ofs_x = 0, .ofs_y = 0},
    {.bitmap_index = 7608, .adv_w = 149, .box_w = 10, .box_h = 10, .ofs_x = 0, .ofs_y = 0},
    {.bitmap_index = 7658, .adv_w = 149, .box_w = 10, .box_h = 10, .ofs_x = 0, .ofs_y = 0},
    {.bitmap_index = 7708, .adv_w = 149, .box_w = 10, .box_h = 10, .ofs_x = 0, .ofs_y = 0},
    {.bitmap_index = 7758, .adv_w = 149, .box_w = 10, .box_h = 10, .ofs_x = 0, .ofs_y = 0},
    {.bitmap_index = 7808, .adv_w = 149, .box_w = 10, .box_h = 10, .ofs_x = 0, .ofs_y = 0},
    {.bitmap_index = 7858, .adv_w = 149, .box_w = 10, .box_h = 11, .ofs_x = 0, .ofs_y = 0},
    {.bitmap_index = 7913, .adv_w = 235, .box_w = 15, .box_h = 7, .ofs_x = 0, .ofs_y = 0},
    {.bitmap_index = 7966, .adv_w = 150, .box_w = 10, .box_h = 10, .ofs_x = 0, .ofs_y = -3},
    {.bitmap_index = 8016, .adv_w = 152, .box_w = 10, .box_h = 10, .ofs_x = 0, .ofs_y = 0},
    {.bitmap_index = 8066, .adv_w = 152, .box_w = 10, .box_h = 10, .ofs_x = 0, .ofs_y = 0},
    {.bitmap_index = 8116, .adv_w = 152, .box_w = 10, .box_h = 10, .ofs_x = 0, .ofs_y = 0},
    {.bitmap_index = 8166, .adv_w = 152, .box_w = 10, .box_h = 10, .ofs_x = 0, .ofs_y = 0},
    {.bitmap_index = 8216, .adv_w = 69, .box_w = 6, .box_h = 10, .ofs_x = -2, .ofs_y = 0},
    {.bitmap_index = 8246, .adv_w = 69, .box_w = 6, .box_h = 10, .ofs_x = 0, .ofs_y = 0},
    {.bitmap_index = 8276, .adv_w = 69, .box_w = 8, .box_h = 10, .ofs_x = -2, .ofs_y = 0},
    {.bitmap_index = 8316, .adv_w = 69, .box_w = 8, .box_h = 10, .ofs_x = -2, .ofs_y = 0},
    {.bitmap_index = 8356, .adv_w = 159, .box_w = 10, .box_h = 10, .ofs_x = 0, .ofs_y = 0},
    {.bitmap_index = 8406, .adv_w = 152, .box_w = 9, .box_h = 10, .ofs_x = 0, .ofs_y = 0},
    {.bitmap_index = 8451, .adv_w = 158, .box_w = 10, .box_h = 10, .ofs_x = 0, .ofs_y = 0},
    {.bitmap_index = 8501, .adv_w = 158, .box_w = 10, .box_h = 10, .ofs_x = 0, .ofs_y = 0},
    {.bitmap_index = 8551, .adv_w = 158, .box_w = 10, .box_h = 10, .ofs_x = 0, .ofs_y = 0},
    {.bitmap_index = 8601, .adv_w = 158, .box_w = 10, .box_h = 10, .ofs_x = 0, .ofs_y = 0},
    {.bitmap_index = 8651, .adv_w = 158, .box_w = 10, .box_h = 10, .ofs_x = 0, .ofs_y = 0},
    {.bitmap_index = 8701, .adv_w = 179, .box_w = 9, .box_h = 9, .ofs_x = 1, .ofs_y = 0},
    {.bitmap_index = 8742, .adv_w = 158, .box_w = 10, .box_h = 9, .ofs_x = 0, .ofs_y = -1},
    {.bitmap_index = 8787, .adv_w = 152, .box_w = 9, .box_h = 10, .ofs_x = 0, .ofs_y = 0},
    {.bitmap_index = 8832, .adv_w = 152, .box_w = 9, .box_h = 10, .ofs_x = 0, .ofs_y = 0},
    {.bitmap_index = 8877, .adv_w = 152, .box_w = 9, .box_h = 10, .ofs_x = 0, .ofs_y = 0},
    {.bitmap_index = 8922, .adv_w = 152, .box_w = 9, .box_h = 10, .ofs_x = 0, .ofs_y = 0},
    {.bitmap_index = 8967, .adv_w = 140, .box_w = 10, .box_h = 13, .ofs_x = -1, .ofs_y = -3},
    {.bitmap_index = 9032, .adv_w = 157, .box_w = 10, .box_h = 13, .ofs_x = 0, .ofs_y = -3},
    {.bitmap_index = 9097, .adv_w = 140, .box_w = 10, .box_h = 13, .ofs_x = -1, .ofs_y = -3},
    {.bitmap_index = 9162, .adv_w = 179, .box_w = 13, .box_h = 12, .ofs_x = -1, .ofs_y = 0},
    {.bitmap_index = 9240, .adv_w = 149, .box_w = 10, .box_h = 10, .ofs_x = 0, .ofs_y = 0},
    {.bitmap_index = 9290, .adv_w = 179, .box_w = 13, .box_h = 12, .ofs_x = -1, .ofs_y = 0},
    {.bitmap_index = 9368, .adv_w = 149, .box_w = 10, .box_h = 10, .ofs_x = 0, .ofs_y = 0},
    {.bitmap_index = 9418, .adv_w = 179, .box_w = 13, .box_h = 13, .ofs_x = -1, .ofs_y = -3},
    {.bitmap_index = 9503, .adv_w = 149, .box_w = 10, .box_h = 10, .ofs_x = 0, .ofs_y = -3},
    {.bitmap_index = 9553, .adv_w = 178, .box_w = 11, .box_h = 12, .ofs_x = 0, .ofs_y = 0},
    {.bitmap_index = 9619, .adv_w = 150, .box_w = 10, .box_h = 10, .ofs_x = 0, .ofs_y = 0},
    {.bitmap_index = 9669, .adv_w = 178, .box_w = 11, .box_h = 12, .ofs_x = 0, .ofs_y = 0},
    {.bitmap_index = 9735, .adv_w = 150, .box_w = 10, .box_h = 10, .ofs_x = 0, .ofs_y = 0},
    {.bitmap_index = 9785, .adv_w = 178, .box_w = 11, .box_h = 13, .ofs_x = 0, .ofs_y = 0},
    {.bitmap_index = 9857, .adv_w = 150, .box_w = 10, .box_h = 10, .ofs_x = 0, .ofs_y = 0},
    {.bitmap_index = 9907, .adv_w = 178, .box_w = 11, .box_h = 12, .ofs_x = 0, .ofs_y = 0},
    {.bitmap_index = 9973, .adv_w = 150, .box_w = 10, .box_h = 10, .ofs_x = 0, .ofs_y = 0},
    {.bitmap_index = 10023, .adv_w = 191, .box_w = 12, .box_h = 12, .ofs_x = 0, .ofs_y = 0},
    {.bitmap_index = 10095, .adv_w = 218, .box_w = 14, .box_h = 10, .ofs_x = 0, .ofs_y = 0},
    {.bitmap_index = 10165, .adv_w = 204, .box_w = 13, .box_h = 10, .ofs_x = 0, .ofs_y = 0},
    {.bitmap_index = 10230, .adv_w = 157, .box_w = 11, .box_h = 10, .ofs_x = 0, .ofs_y = 0},
    {.bitmap_index = 10285, .adv_w = 164, .box_w = 10, .box_h = 12, .ofs_x = 0, .ofs_y = 0},
    {.bitmap_index = 10345, .adv_w = 152, .box_w = 10, .box_h = 10, .ofs_x = 0, .ofs_y = 0},
    {.bitmap_index = 10395, .adv_w = 164, .box_w = 10, .box_h = 12, .ofs_x = 0, .ofs_y = 0},
    {.bitmap_index = 10455, .adv_w = 152, .box_w = 10, .box_h = 10, .ofs_x = 0, .ofs_y = 0},
    {.bitmap_index = 10505, .adv_w = 164, .box_w = 10, .box_h = 12, .ofs_x = 0, .ofs_y = 0},
    {.bitmap_index = 10565, .adv_w = 152, .box_w = 10, .box_h = 10, .ofs_x = 0, .ofs_y = 0},
    {.bitmap_index = 10615, .adv_w = 164, .box_w = 11, .box_h = 13, .ofs_x = 0, .ofs_y = -3},
    {.bitmap_index = 10687, .adv_w = 152, .box_w = 10, .box_h = 10, .ofs_x = 0, .ofs_y = -3},
    {.bitmap_index = 10737, .adv_w = 164, .box_w = 10, .box_h = 12, .ofs_x = 0, .ofs_y = 0},
    {.bitmap_index = 10797, .adv_w = 152, .box_w = 10, .box_h = 10, .ofs_x = 0, .ofs_y = 0},
    {.bitmap_index = 10847, .adv_w = 188, .box_w = 12, .box_h = 12, .ofs_x = 0, .ofs_y = 0},
    {.bitmap_index = 10919, .adv_w = 154, .box_w = 11, .box_h = 13, .ofs_x = -1, .ofs_y = -3},
    {.bitmap_index = 10991, .adv_w = 188, .box_w = 12, .box_h = 12, .ofs_x = 0, .ofs_y = 0},
    {.bitmap_index = 11063, .adv_w = 154, .box_w = 11, .box_h = 13, .ofs_x = -1, .ofs_y = -3},
    {.bitmap_index = 11135, .adv_w = 188, .box_w = 12, .box_h = 12, .ofs_x = 0, .ofs_y = 0},
    {.bitmap_index = 11207, .adv_w = 154, .box_w = 11, .box_h = 13, .ofs_x = -1, .ofs_y = -3},
    {.bitmap_index = 11279, .adv_w = 188, .box_w = 12, .box_h = 15, .ofs_x = 0, .ofs_y = -5},
    {.bitmap_index = 11369, .adv_w = 154, .box_w = 11, .box_h = 15, .ofs_x = -1, .ofs_y = -3},
    {.bitmap_index = 11452, .adv_w = 187, .box_w = 12, .box_h = 12, .ofs_x = 0, .ofs_y = 0},
    {.bitmap_index = 11524, .adv_w = 152, .box_w = 9, .box_h = 12, .ofs_x = 0, .ofs_y = 0},
    {.bitmap_index = 11578, .adv_w = 214, .box_w = 14, .box_h = 10, .ofs_x = 0, .ofs_y = 0},
    {.bitmap_index = 11648, .adv_w = 152, .box_w = 10, .box_h = 10, .ofs_x = -1, .ofs_y = 0},
    {.bitmap_index = 11698, .adv_w = 77, .box_w = 8, .box_h = 13, .ofs_x = -2, .ofs_y = 0},
    {.bitmap_index = 11750, .adv_w = 69, .box_w = 8, .box_h = 10, .ofs_x = -2, .ofs_y = 0},
    {.bitmap_index = 11790, .adv_w = 77, .box_w = 7, .box_h = 12, .ofs_x = -1, .ofs_y = 0},
    {.bitmap_index = 11832, .adv_w = 69, .box_w = 8, .box_h = 10, .ofs_x = -2, .ofs_y = 0},
    {.bitmap_index = 11872, .adv_w = 77, .box_w = 8, .box_h = 12, .ofs_x = -2, .ofs_y = 0},
    {.bitmap_index = 11920, .adv_w = 69, .box_w = 8, .box_h = 10, .ofs_x = -2, .ofs_y = 0},
    {.bitmap_index = 11960, .adv_w = 77, .box_w = 6, .box_h = 13, .ofs_x = -1, .ofs_y = -3},
    {.bitmap_index = 11999, .adv_w = 69, .box_w = 6, .box_h = 13, .ofs_x = -1, .ofs_y = -3},
    {.bitmap_index = 12038, .adv_w = 77, .box_w = 5, .box_h = 12, .ofs_x = 0, .ofs_y = 0},
    {.bitmap_index = 12068, .adv_w = 69, .box_w = 4, .box_h = 7, .ofs_x = 0, .ofs_y = 0},
    {.bitmap_index = 12082, .adv_w = 240, .box_w = 15, .box_h = 10, .ofs_x = 0, .ofs_y = 0},
    {.bitmap_index = 12157, .adv_w = 137, .box_w = 9, .box_h = 13, .ofs_x = 0, .ofs_y = -3},
    {.bitmap_index = 12216, .adv_w = 163, .box_w = 12, .box_h = 12, .ofs_x = 0, .ofs_y = 0},
    {.bitmap_index = 12288, .adv_w = 69, .box_w = 8, .box_h = 13, .ofs_x = -2, .ofs_y = -3},
    {.bitmap_index = 12340, .adv_w = 182, .box_w = 12, .box_h = 15, .ofs_x = 0, .ofs_y = -5},
    {.bitmap_index = 12430, .adv_w = 153, .box_w = 10, .box_h = 15, .ofs_x = 0, .ofs_y = -5},
    {.bitmap_index = 12505, .adv_w = 153, .box_w = 10, .box_h = 7, .ofs_x = 0, .ofs_y = 0},
    {.bitmap_index = 12540, .adv_w = 149, .box_w = 10, .box_h = 12, .ofs_x = 0, .ofs_y = 0},
    {.bitmap_index = 12600, .adv_w = 69, .box_w = 6, .box_h = 12, .ofs_x = 0, .ofs_y = 0},
    {.bitmap_index = 12636, .adv_w = 149, .box_w = 10, .box_h = 15, .ofs_x = 0, .ofs_y = -5},
    {.bitmap_index = 12711, .adv_w = 69, .box_w = 4, .box_h = 15, .ofs_x = 0, .ofs_y = -5},
    {.bitmap_index = 12741, .adv_w = 149, .box_w = 10, .box_h = 10, .ofs_x = 0, .ofs_y = 0},
    {.bitmap_index = 12791, .adv_w = 129, .box_w = 8, .box_h = 10, .ofs_x = 0, .ofs_y = 0},
    {.bitmap_index = 12831, .adv_w = 149, .box_w = 10, .box_h = 10, .ofs_x = 0, .ofs_y = 0},
    {.bitmap_index = 12881, .adv_w = 129, .box_w = 8, .box_h = 10, .ofs_x = 0, .ofs_y = 0},
    {.bitmap_index = 12921, .adv_w = 162, .box_w = 10, .box_h = 10, .ofs_x = 0, .ofs_y = 0},
    {.bitmap_index = 12971, .adv_w = 94, .box_w = 6, .box_h = 10, .ofs_x = 0, .ofs_y = 0},
    {.bitmap_index = 13001, .adv_w = 188, .box_w = 12, .box_h = 12, .ofs_x = 0, .ofs_y = 0},
    {.bitmap_index = 13073, .adv_w = 152, .box_w = 9, .box_h = 10, .ofs_x = 0, .ofs_y = 0},
    {.bitmap_index = 13118, .adv_w = 188, .box_w = 12, .box_h = 15, .ofs_x = 0, .ofs_y = -5},
    {.bitmap_index = 13208, .adv_w = 152, .box_w = 9, .box_h = 12, .ofs_x = 0, .ofs_y = -5},
    {.bitmap_index = 13262, .adv_w = 188, .box_w = 12, .box_h = 12, .ofs_x = 0, .ofs_y = 0},
    {.bitmap_index = 13334, .adv_w = 152, .box_w = 9, .box_h = 10, .ofs_x = 0, .ofs_y = 0},
    {.bitmap_index = 13379, .adv_w = 219, .box_w = 14, .box_h = 10, .ofs_x = 0, .ofs_y = 0},
    {.bitmap_index = 13449, .adv_w = 188, .box_w = 12, .box_h = 13, .ofs_x = 0, .ofs_y = -3},
    {.bitmap_index = 13527, .adv_w = 152, .box_w = 9, .box_h = 10, .ofs_x = 0, .ofs_y = -3},
    {.bitmap_index = 13572, .adv_w = 194, .box_w = 12, .box_h = 12, .ofs_x = 0, .ofs_y = 0},
    {.bitmap_index = 13644, .adv_w = 158, .box_w = 10, .box_h = 10, .ofs_x = 0, .ofs_y = 0},
    {.bitmap_index = 13694, .adv_w = 194, .box_w = 12, .box_h = 12, .ofs_x = 0, .ofs_y = 0},
    {.bitmap_index = 13766, .adv_w = 158, .box_w = 10, .box_h = 10, .ofs_x = 0, .ofs_y = 0},
    {.bitmap_index = 13816, .adv_w = 276, .box_w = 17, .box_h = 10, .ofs_x = 0, .ofs_y = 0},
    {.bitmap_index = 13901, .adv_w = 246, .box_w = 16, .box_h = 7, .ofs_x = 0, .ofs_y = 0},
    {.bitmap_index = 13957, .adv_w = 186, .box_w = 12, .box_h = 12, .ofs_x = 0, .ofs_y = 0},
    {.bitmap_index = 14029, .adv_w = 110, .box_w = 8, .box_h = 10, .ofs_x = 0, .ofs_y = 0},
    {.bitmap_index = 14069, .adv_w = 186, .box_w = 12, .box_h = 15, .ofs_x = 0, .ofs_y = -5},
    {.bitmap_index = 14159, .adv_w = 110, .box_w = 7, .box_h = 13, .ofs_x = 0, .ofs_y = -5},
    {.bitmap_index = 14205, .adv_w = 186, .box_w = 12, .box_h = 12, .ofs_x = 0, .ofs_y = 0},
    {.bitmap_index = 14277, .adv_w = 110, .box_w = 8, .box_h = 10, .ofs_x = 0, .ofs_y = 0},
    {.bitmap_index = 14317, .adv_w = 174, .box_w = 11, .box_h = 12, .ofs_x = 0, .ofs_y = 0},
    {.bitmap_index = 14383, .adv_w = 140, .box_w = 9, .box_h = 10, .ofs_x = 0, .ofs_y = 0},
    {.bitmap_index = 14428, .adv_w = 174, .box_w = 11, .box_h = 12, .ofs_x = 0, .ofs_y = 0},
    {.bitmap_index = 14494, .adv_w = 140, .box_w = 9, .box_h = 10, .ofs_x = 0, .ofs_y = 0},
    {.bitmap_index = 14539, .adv_w = 174, .box_w = 11, .box_h = 13, .ofs_x = 0, .ofs_y = -3},
    {.bitmap_index = 14611, .adv_w = 140, .box_w = 9, .box_h = 10, .ofs_x = 0, .ofs_y = -3},
    {.bitmap_index = 14656, .adv_w = 174, .box_w = 11, .box_h = 12, .ofs_x = 0, .ofs_y = 0},
    {.bitmap_index = 14722, .adv_w = 140, .box_w = 9, .box_h = 10, .ofs_x = 0, .ofs_y = 0},
    {.bitmap_index = 14767, .adv_w = 168, .box_w = 11, .box_h = 13, .ofs_x = 0, .ofs_y = -3},
    {.bitmap_index = 14839, .adv_w = 117, .box_w = 7, .box_h = 13, .ofs_x = 0, .ofs_y = -3},
    {.bitmap_index = 14885, .adv_w = 168, .box_w = 11, .box_h = 12, .ofs_x = 0, .ofs_y = 0},
    {.bitmap_index = 14951, .adv_w = 117, .box_w = 9, .box_h = 11, .ofs_x = 0, .ofs_y = 0},
    {.bitmap_index = 15001, .adv_w = 168, .box_w = 11, .box_h = 10, .ofs_x = 0, .ofs_y = 0},
    {.bitmap_index = 15056, .adv_w = 117, .box_w = 7, .box_h = 10, .ofs_x = 0, .ofs_y = 0},
    {.bitmap_index = 15091, .adv_w = 183, .box_w = 11, .box_h = 13, .ofs_x = 0, .ofs_y = 0},
    {.bitmap_index = 15163, .adv_w = 152, .box_w = 9, .box_h = 10, .ofs_x = 0, .ofs_y = 0},
    {.bitmap_index = 15208, .adv_w = 183, .box_w = 11, .box_h = 12, .ofs_x = 0, .ofs_y = 0},
    {.bitmap_index = 15274, .adv_w = 152, .box_w = 9, .box_h = 10, .ofs_x = 0, .ofs_y = 0},
    {.bitmap_index = 15319, .adv_w = 183, .box_w = 11, .box_h = 13, .ofs_x = 0, .ofs_y = 0},
    {.bitmap_index = 15391, .adv_w = 152, .box_w = 9, .box_h = 10, .ofs_x = 0, .ofs_y = 0},
    {.bitmap_index = 15436, .adv_w = 183, .box_w = 11, .box_h = 13, .ofs_x = 0, .ofs_y = 0},
    {.bitmap_index = 15508, .adv_w = 152, .box_w = 9, .box_h = 11, .ofs_x = 0, .ofs_y = 0},
    {.bitmap_index = 15558, .adv_w = 183, .box_w = 11, .box_h = 12, .ofs_x = 0, .ofs_y = 0},
    {.bitmap_index = 15624, .adv_w = 152, .box_w = 10, .box_h = 10, .ofs_x = 0, .ofs_y = 0},
    {.bitmap_index = 15674, .adv_w = 183, .box_w = 11, .box_h = 13, .ofs_x = 0, .ofs_y = -3},
    {.bitmap_index = 15746, .adv_w = 152, .box_w = 10, .box_h = 10, .ofs_x = 0, .ofs_y = -3},
    {.bitmap_index = 15796, .adv_w = 274, .box_w = 19, .box_h = 12, .ofs_x = -1, .ofs_y = 0},
    {.bitmap_index = 15910, .adv_w = 215, .box_w = 15, .box_h = 10, .ofs_x = -1, .ofs_y = 0},
    {.bitmap_index = 15985, .adv_w = 171, .box_w = 12, .box_h = 12, .ofs_x = -1, .ofs_y = 0},
    {.bitmap_index = 16057, .adv_w = 140, .box_w = 10, .box_h = 13, .ofs_x = -1, .ofs_y = -3},
    {.bitmap_index = 16122, .adv_w = 171, .box_w = 12, .box_h = 12, .ofs_x = -1, .ofs_y = 0},
    {.bitmap_index = 16194, .adv_w = 173, .box_w = 11, .box_h = 12, .ofs_x = 0, .ofs_y = 0},
    {.bitmap_index = 16260, .adv_w = 132, .box_w = 8, .box_h = 10, .ofs_x = 0, .ofs_y = 0},
    {.bitmap_index = 16300, .adv_w = 173, .box_w = 11, .box_h = 12, .ofs_x = 0, .ofs_y = 0},
    {.bitmap_index = 16366, .adv_w = 132, .box_w = 8, .box_h = 10, .ofs_x = 0, .ofs_y = 0},
    {.bitmap_index = 16406, .adv_w = 173, .box_w = 11, .box_h = 12, .ofs_x = 0, .ofs_y = 0},
    {.bitmap_index = 16472, .adv_w = 132, .box_w = 8, .box_h = 10, .ofs_x = 0, .ofs_y = 0},
    {.bitmap_index = 16512, .adv_w = 183, .box_w = 12, .box_h = 10, .ofs_x = 0, .ofs_y = 0},
    {.bitmap_index = 16572, .adv_w = 179, .box_w = 11, .box_h = 10, .ofs_x = 0, .ofs_y = 0},
    {.bitmap_index = 16627, .adv_w = 174, .box_w = 11, .box_h = 10, .ofs_x = 0, .ofs_y = 0},
    {.bitmap_index = 16682, .adv_w = 133, .box_w = 8, .box_h = 7, .ofs_x = 0, .ofs_y = 0},
    {.bitmap_index = 16710, .adv_w = 179, .box_w = 13, .box_h = 12, .ofs_x = -1, .ofs_y = 0},
    {.bitmap_index = 16788, .adv_w = 149, .box_w = 10, .box_h = 10, .ofs_x = 0, .ofs_y = 0},
    {.bitmap_index = 16838, .adv_w = 77, .box_w = 9, .box_h = 12, .ofs_x = -2, .ofs_y = 0},
    {.bitmap_index = 16892, .adv_w = 69, .box_w = 8, .box_h = 10, .ofs_x = -2, .ofs_y = 0},
    {.bitmap_index = 16932, .adv_w = 194, .box_w = 12, .box_h = 12, .ofs_x = 0, .ofs_y = 0},
    {.bitmap_index = 17004, .adv_w = 158, .box_w = 10, .box_h = 10, .ofs_x = 0, .ofs_y = 0},
    {.bitmap_index = 17054, .adv_w = 183, .box_w = 11, .box_h = 12, .ofs_x = 0, .ofs_y = 0},
    {.bitmap_index = 17120, .adv_w = 152, .box_w = 9, .box_h = 10, .ofs_x = 0, .ofs_y = 0},
    {.bitmap_index = 17165, .adv_w = 188, .box_w = 12, .box_h = 12, .ofs_x = 0, .ofs_y = 0},
    {.bitmap_index = 17237, .adv_w = 154, .box_w = 11, .box_h = 13, .ofs_x = -1, .ofs_y = -3},
    {.bitmap_index = 17309, .adv_w = 179, .box_w = 13, .box_h = 14, .ofs_x = -1, .ofs_y = 0},
    {.bitmap_index = 17400, .adv_w = 149, .box_w = 10, .box_h = 12, .ofs_x = 0, .ofs_y = 0},
    {.bitmap_index = 17460, .adv_w = 276, .box_w = 18, .box_h = 12, .ofs_x = -1, .ofs_y = 0},
    {.bitmap_index = 17568, .adv_w = 235, .box_w = 15, .box_h = 10, .ofs_x = 0, .ofs_y = 0},
    {.bitmap_index = 17643, .adv_w = 194, .box_w = 12, .box_h = 13, .ofs_x = 0, .ofs_y = -1},
    {.bitmap_index = 17721, .adv_w = 158, .box_w = 10, .box_h = 11, .ofs_x = 0, .ofs_y = -1},
    {.bitmap_index = 17776, .adv_w = 174, .box_w = 11, .box_h = 15, .ofs_x = 0, .ofs_y = -5},
    {.bitmap_index = 17859, .adv_w = 140, .box_w = 9, .box_h = 12, .ofs_x = 0, .ofs_y = -5},
    {.bitmap_index = 17913, .adv_w = 168, .box_w = 11, .box_h = 15, .ofs_x = 0, .ofs_y = -5},
    {.bitmap_index = 17996, .adv_w = 117, .box_w = 7, .box_h = 14, .ofs_x = 0, .ofs_y = -5},
    {.bitmap_index = 18045, .adv_w = 69, .box_w = 5, .box_h = 10, .ofs_x = -1, .ofs_y = -3},
    {.bitmap_index = 18070, .adv_w = 152, .box_w = 10, .box_h = 7, .ofs_x = 0, .ofs_y = 0},
    {.bitmap_index = 18105, .adv_w = 73, .box_w = 4, .box_h = 6, .ofs_x = 0, .ofs_y = 4},
    {.bitmap_index = 18117, .adv_w = 159, .box_w = 8, .box_h = 2, .ofs_x = 1, .ofs_y = 8},
    {.bitmap_index = 18125, .adv_w = 159, .box_w = 8, .box_h = 2, .ofs_x = 1, .ofs_y = 8},
    {.bitmap_index = 18133, .adv_w = 159, .box_w = 8, .box_h = 3, .ofs_x = 1, .ofs_y = 7},
    {.bitmap_index = 18145, .adv_w = 159, .box_w = 4, .box_h = 2, .ofs_x = 3, .ofs_y = 8},
    {.bitmap_index = 18149, .adv_w = 159, .box_w = 6, .box_h = 3, .ofs_x = 2, .ofs_y = 7},
    {.bitmap_index = 18158, .adv_w = 159, .box_w = 6, .box_h = 5, .ofs_x = 2, .ofs_y = -4},
    {.bitmap_index = 18173, .adv_w = 159, .box_w = 8, .box_h = 2, .ofs_x = 1, .ofs_y = 7},
    {.bitmap_index = 18181, .adv_w = 159, .box_w = 8, .box_h = 2, .ofs_x = 1, .ofs_y = 8},
    {.bitmap_index = 18189, .adv_w = 0, .box_w = 6, .box_h = 2, .ofs_x = 2, .ofs_y = 8},
    {.bitmap_index = 18195, .adv_w = 0, .box_w = 6, .box_h = 2, .ofs_x = 2, .ofs_y = 8},
    {.bitmap_index = 18201, .adv_w = 0, .box_w = 8, .box_h = 2, .ofs_x = 1, .ofs_y = 8},
    {.bitmap_index = 18209, .adv_w = 0, .box_w = 8, .box_h = 2, .ofs_x = 1, .ofs_y = 7},
    {.bitmap_index = 18217, .adv_w = 0, .box_w = 8, .box_h = 2, .ofs_x = 1, .ofs_y = 8},
    {.bitmap_index = 18225, .adv_w = 0, .box_w = 8, .box_h = 3, .ofs_x = 1, .ofs_y = 7},
    {.bitmap_index = 18237, .adv_w = 0, .box_w = 4, .box_h = 2, .ofs_x = 3, .ofs_y = 8},
    {.bitmap_index = 18241, .adv_w = 0, .box_w = 8, .box_h = 2, .ofs_x = 1, .ofs_y = 8},
    {.bitmap_index = 18249, .adv_w = 0, .box_w = 6, .box_h = 3, .ofs_x = 2, .ofs_y = 7},
    {.bitmap_index = 18258, .adv_w = 0, .box_w = 8, .box_h = 2, .ofs_x = 1, .ofs_y = 8},
    {.bitmap_index = 18266, .adv_w = 0, .box_w = 8, .box_h = 2, .ofs_x = 1, .ofs_y = 8},
    {.bitmap_index = 18274, .adv_w = 0, .box_w = 4, .box_h = 4, .ofs_x = 3, .ofs_y = 8},
    {.bitmap_index = 18282, .adv_w = 0, .box_w = 4, .box_h = 4, .ofs_x = 3, .ofs_y = -5},
    {.bitmap_index = 18290, .adv_w = 0, .box_w = 6, .box_h = 4, .ofs_x = 2, .ofs_y = -3},
    {.bitmap_index = 18302, .adv_w = 0, .box_w = 6, .box_h = 5, .ofs_x = 2, .ofs_y = -4},
    {.bitmap_index = 18317, .adv_w = 183, .box_w = 13, .box_h = 10, .ofs_x = -1, .ofs_y = 0},
    {.bitmap_index = 18382, .adv_w = 195, .box_w = 12, .box_h = 10, .ofs_x = 0, .ofs_y = 0},
    {.bitmap_index = 18442, .adv_w = 153, .box_w = 10, .box_h = 10, .ofs_x = 0, .ofs_y = -3},
    {.bitmap_index = 18492, .adv_w = 182, .box_w = 12, .box_h = 7, .ofs_x = 0, .ofs_y = 0},
    {.bitmap_index = 18534, .adv_w = 164, .box_w = 10, .box_h = 12, .ofs_x = 0, .ofs_y = 0},
    {.bitmap_index = 18594, .adv_w = 164, .box_w = 10, .box_h = 12, .ofs_x = 0, .ofs_y = 0},
    {.bitmap_index = 18654, .adv_w = 223, .box_w = 14, .box_h = 10, .ofs_x = 0, .ofs_y = 0},
    {.bitmap_index = 18724, .adv_w = 147, .box_w = 9, .box_h = 12, .ofs_x = 0, .ofs_y = 0},
    {.bitmap_index = 18778, .adv_w = 180, .box_w = 12, .box_h = 10, .ofs_x = 0, .ofs_y = 0},
    {.bitmap_index = 18838, .adv_w = 174, .box_w = 11, .box_h = 10, .ofs_x = 0, .ofs_y = 0},
    {.bitmap_index = 18893, .adv_w = 77, .box_w = 5, .box_h = 10, .ofs_x = 0, .ofs_y = 0},
    {.bitmap_index = 18918, .adv_w = 77, .box_w = 7, .box_h = 12, .ofs_x = -1, .ofs_y = 0},
    {.bitmap_index = 18960, .adv_w = 163, .box_w = 10, .box_h = 10, .ofs_x = 0, .ofs_y = 0},
    {.bitmap_index = 19010, .adv_w = 306, .box_w = 19, .box_h = 10, .ofs_x = 0, .ofs_y = 0},
    {.bitmap_index = 19105, .adv_w = 294, .box_w = 19, .box_h = 10, .ofs_x = 0, .ofs_y = 0},
    {.bitmap_index = 19200, .adv_w = 224, .box_w = 14, .box_h = 10, .ofs_x = 0, .ofs_y = 0},
    {.bitmap_index = 19270, .adv_w = 182, .box_w = 12, .box_h = 12, .ofs_x = 0, .ofs_y = 0},
    {.bitmap_index = 19342, .adv_w = 192, .box_w = 12, .box_h = 12, .ofs_x = 0, .ofs_y = 0},
    {.bitmap_index = 19414, .adv_w = 176, .box_w = 13, .box_h = 12, .ofs_x = -1, .ofs_y = 0},
    {.bitmap_index = 19492, .adv_w = 186, .box_w = 11, .box_h = 12, .ofs_x = 0, .ofs_y = -2},
    {.bitmap_index = 19558, .adv_w = 179, .box_w = 13, .box_h = 10, .ofs_x = -1, .ofs_y = 0},
    {.bitmap_index = 19623, .adv_w = 183, .box_w = 12, .box_h = 10, .ofs_x = 0, .ofs_y = 0},
    {.bitmap_index = 19683, .adv_w = 183, .box_w = 12, .box_h = 10, .ofs_x = 0, .ofs_y = 0},
    {.bitmap_index = 19743, .adv_w = 147, .box_w = 9, .box_h = 10, .ofs_x = 0, .ofs_y = 0},
    {.bitmap_index = 19788, .adv_w = 218, .box_w = 14, .box_h = 12, .ofs_x = 0, .ofs_y = -2},
    {.bitmap_index = 19872, .adv_w = 164, .box_w = 10, .box_h = 10, .ofs_x = 0, .ofs_y = 0},
    {.bitmap_index = 19922, .adv_w = 271, .box_w = 19, .box_h = 10, .ofs_x = -1, .ofs_y = 0},
    {.bitmap_index = 20017, .adv_w = 173, .box_w = 11, .box_h = 10, .ofs_x = 0, .ofs_y = 0},
    {.bitmap_index = 20072, .adv_w = 192, .box_w = 12, .box_h = 10, .ofs_x = 0, .ofs_y = 0},
    {.bitmap_index = 20132, .adv_w = 192, .box_w = 12, .box_h = 12, .ofs_x = 0, .ofs_y = 0},
    {.bitmap_index = 20204, .adv_w = 182, .box_w = 12, .box_h = 10, .ofs_x = 0, .ofs_y = 0},
    {.bitmap_index = 20264, .adv_w = 200, .box_w = 12, .box_h = 10, .ofs_x = 0, .ofs_y = 0},
    {.bitmap_index = 20324, .adv_w = 248, .box_w = 15, .box_h = 10, .ofs_x = 0, .ofs_y = 0},
    {.bitmap_index = 20399, .adv_w = 187, .box_w = 12, .box_h = 10, .ofs_x = 0, .ofs_y = 0},
    {.bitmap_index = 20459, .adv_w = 194, .box_w = 12, .box_h = 10, .ofs_x = 0, .ofs_y = 0},
    {.bitmap_index = 20519, .adv_w = 187, .box_w = 11, .box_h = 10, .ofs_x = 0, .ofs_y = 0},
    {.bitmap_index = 20574, .adv_w = 183, .box_w = 12, .box_h = 10, .ofs_x = 0, .ofs_y = 0},
    {.bitmap_index = 20634, .adv_w = 178, .box_w = 11, .box_h = 10, .ofs_x = 0, .ofs_y = 0},
    {.bitmap_index = 20689, .adv_w = 168, .box_w = 11, .box_h = 10, .ofs_x = 0, .ofs_y = 0},
    {.bitmap_index = 20744, .adv_w = 176, .box_w = 13, .box_h = 10, .ofs_x = -1, .ofs_y = 0},
    {.bitmap_index = 20809, .adv_w = 265, .box_w = 17, .box_h = 11, .ofs_x = 0, .ofs_y = 0},
    {.bitmap_index = 20903, .adv_w = 185, .box_w = 13, .box_h = 10, .ofs_x = -1, .ofs_y = 0},
    {.bitmap_index = 20968, .adv_w = 201, .box_w = 13, .box_h = 12, .ofs_x = 0, .ofs_y = -2},
    {.bitmap_index = 21046, .adv_w = 181, .box_w = 11, .box_h = 10, .ofs_x = 0, .ofs_y = 0},
    {.bitmap_index = 21101, .adv_w = 276, .box_w = 17, .box_h = 10, .ofs_x = 0, .ofs_y = 0},
    {.bitmap_index = 21186, .adv_w = 291, .box_w = 18, .box_h = 12, .ofs_x = 0, .ofs_y = -2},
    {.bitmap_index = 21294, .adv_w = 224, .box_w = 14, .box_h = 10, .ofs_x = 0, .ofs_y = 0},
    {.bitmap_index = 21364, .adv_w = 257, .box_w = 16, .box_h = 10, .ofs_x = 0, .ofs_y = 0},
    {.bitmap_index = 21444, .adv_w = 183, .box_w = 12, .box_h = 10, .ofs_x = 0, .ofs_y = 0},
    {.bitmap_index = 21504, .adv_w = 180, .box_w = 11, .box_h = 10, .ofs_x = 0, .ofs_y = 0},
    {.bitmap_index = 21559, .adv_w = 268, .box_w = 17, .box_h = 10, .ofs_x = 0, .ofs_y = 0},
    {.bitmap_index = 21644, .adv_w = 186, .box_w = 11, .box_h = 10, .ofs_x = 0, .ofs_y = 0},
    {.bitmap_index = 21699, .adv_w = 149, .box_w = 10, .box_h = 7, .ofs_x = 0, .ofs_y = 0},
    {.bitmap_index = 21734, .adv_w = 161, .box_w = 10, .box_h = 10, .ofs_x = 0, .ofs_y = 0},
    {.bitmap_index = 21784, .adv_w = 150, .box_w = 10, .box_h = 7, .ofs_x = 0, .ofs_y = 0},
    {.bitmap_index = 21819, .adv_w = 118, .box_w = 8, .box_h = 7, .ofs_x = 0, .ofs_y = 0},
    {.bitmap_index = 21847, .adv_w = 179, .box_w = 11, .box_h = 9, .ofs_x = 0, .ofs_y = -2},
    {.bitmap_index = 21897, .adv_w = 152, .box_w = 10, .box_h = 7, .ofs_x = 0, .ofs_y = 0},
    {.bitmap_index = 21932, .adv_w = 229, .box_w = 16, .box_h = 7, .ofs_x = -1, .ofs_y = 0},
    {.bitmap_index = 21988, .adv_w = 145, .box_w = 9, .box_h = 7, .ofs_x = 0, .ofs_y = 0},
    {.bitmap_index = 22020, .adv_w = 157, .box_w = 10, .box_h = 7, .ofs_x = 0, .ofs_y = 0},
    {.bitmap_index = 22055, .adv_w = 157, .box_w = 10, .box_h = 10, .ofs_x = 0, .ofs_y = 0},
    {.bitmap_index = 22105, .adv_w = 153, .box_w = 10, .box_h = 7, .ofs_x = 0, .ofs_y = 0},
    {.bitmap_index = 22140, .adv_w = 162, .box_w = 10, .box_h = 7, .ofs_x = 0, .ofs_y = 0},
    {.bitmap_index = 22175, .adv_w = 196, .box_w = 12, .box_h = 7, .ofs_x = 0, .ofs_y = 0},
    {.bitmap_index = 22217, .adv_w = 153, .box_w = 9, .box_h = 7, .ofs_x = 0, .ofs_y = 0},
    {.bitmap_index = 22249, .adv_w = 158, .box_w = 10, .box_h = 7, .ofs_x = 0, .ofs_y = 0},
    {.bitmap_index = 22284, .adv_w = 153, .box_w = 9, .box_h = 7, .ofs_x = 0, .ofs_y = 0},
    {.bitmap_index = 22316, .adv_w = 157, .box_w = 10, .box_h = 10, .ofs_x = 0, .ofs_y = -3},
    {.bitmap_index = 22366, .adv_w = 150, .box_w = 10, .box_h = 7, .ofs_x = 0, .ofs_y = 0},
    {.bitmap_index = 22401, .adv_w = 138, .box_w = 9, .box_h = 7, .ofs_x = 0, .ofs_y = 0},
    {.bitmap_index = 22433, .adv_w = 140, .box_w = 10, .box_h = 10, .ofs_x = -1, .ofs_y = -3},
    {.bitmap_index = 22483, .adv_w = 234, .box_w = 15, .box_h = 13, .ofs_x = 0, .ofs_y = -3},
    {.bitmap_index = 22581, .adv_w = 148, .box_w = 11, .box_h = 7, .ofs_x = -1, .ofs_y = 0},
    {.bitmap_index = 22620, .adv_w = 166, .box_w = 11, .box_h = 9, .ofs_x = 0, .ofs_y = -2},
    {.bitmap_index = 22670, .adv_w = 148, .box_w = 9, .box_h = 7, .ofs_x = 0, .ofs_y = 0},
    {.bitmap_index = 22702, .adv_w = 221, .box_w = 14, .box_h = 7, .ofs_x = 0, .ofs_y = 0},
    {.bitmap_index = 22751, .adv_w = 235, .box_w = 15, .box_h = 9, .ofs_x = 0, .ofs_y = -2},
    {.bitmap_index = 22819, .adv_w = 179, .box_w = 11, .box_h = 7, .ofs_x = 0, .ofs_y = 0},
    {.bitmap_index = 22858, .adv_w = 211, .box_w = 13, .box_h = 7, .ofs_x = 0, .ofs_y = 0},
    {.bitmap_index = 22904, .adv_w = 146, .box_w = 9, .box_h = 7, .ofs_x = 0, .ofs_y = 0},
    {.bitmap_index = 22936, .adv_w = 151, .box_w = 10, .box_h = 7, .ofs_x = 0, .ofs_y = 0},
    {.bitmap_index = 22971, .adv_w = 224, .box_w = 14, .box_h = 7, .ofs_x = 0, .ofs_y = 0},
    {.bitmap_index = 23020, .adv_w = 152, .box_w = 9, .box_h = 7, .ofs_x = 0, .ofs_y = 0},
    {.bitmap_index = 23052, .adv_w = 152, .box_w = 10, .box_h = 10, .ofs_x = 0, .ofs_y = 0},
    {.bitmap_index = 23102, .adv_w = 152, .box_w = 10, .box_h = 10, .ofs_x = 0, .ofs_y = 0},
    {.bitmap_index = 23152, .adv_w = 152, .box_w = 10, .box_h = 13, .ofs_x = -1, .ofs_y = -3},
    {.bitmap_index = 23217, .adv_w = 118, .box_w = 8, .box_h = 10, .ofs_x = 0, .ofs_y = 0},
    {.bitmap_index = 23257, .adv_w = 151, .box_w = 10, .box_h = 7, .ofs_x = 0, .ofs_y = 0},
    {.bitmap_index = 23292, .adv_w = 140, .box_w = 9, .box_h = 7, .ofs_x = 0, .ofs_y = 0},
    {.bitmap_index = 23324, .adv_w = 69, .box_w = 4, .box_h = 10, .ofs_x = 0, .ofs_y = 0},
    {.bitmap_index = 23344, .adv_w = 69, .box_w = 8, .box_h = 10, .ofs_x = -2, .ofs_y = 0},
    {.bitmap_index = 23384, .adv_w = 69, .box_w = 5, .box_h = 13, .ofs_x = -1, .ofs_y = -3},
    {.bitmap_index = 23417, .adv_w = 238, .box_w = 15, .box_h = 7, .ofs_x = 0, .ofs_y = 0},
    {.bitmap_index = 23470, .adv_w = 230, .box_w = 15, .box_h = 7, .ofs_x = 0, .ofs_y = 0},
    {.bitmap_index = 23523, .adv_w = 152, .box_w = 10, .box_h = 10, .ofs_x = -1, .ofs_y = 0},
    {.bitmap_index = 23573, .adv_w = 153, .box_w = 10, .box_h = 10, .ofs_x = 0, .ofs_y = 0},
    {.bitmap_index = 23623, .adv_w = 157, .box_w = 10, .box_h = 10, .ofs_x = 0, .ofs_y = 0},
    {.bitmap_index = 23673, .adv_w = 140, .box_w = 10, .box_h = 13, .ofs_x = -1, .ofs_y = -3},
    {.bitmap_index = 23738, .adv_w = 153, .box_w = 9, .box_h = 9, .ofs_x = 0, .ofs_y = -2},
    {.bitmap_index = 23779, .adv_w = 147, .box_w = 9, .box_h = 12, .ofs_x = 0, .ofs_y = 0},
    {.bitmap_index = 23833, .adv_w = 118, .box_w = 8, .box_h = 9, .ofs_x = 0, .ofs_y = 0},
    {.bitmap_index = 23869, .adv_w = 183, .box_w = 12, .box_h = 12, .ofs_x = 0, .ofs_y = 0},
    {.bitmap_index = 23941, .adv_w = 157, .box_w = 10, .box_h = 12, .ofs_x = 0, .ofs_y = 0},
    {.bitmap_index = 24001, .adv_w = 191, .box_w = 12, .box_h = 12, .ofs_x = 0, .ofs_y = 0},
    {.bitmap_index = 24073, .adv_w = 157, .box_w = 10, .box_h = 12, .ofs_x = 0, .ofs_y = 0},
    {.bitmap_index = 24133, .adv_w = 160, .box_w = 10, .box_h = 12, .ofs_x = 0, .ofs_y = 0},
    {.bitmap_index = 24193, .adv_w = 113, .box_w = 7, .box_h = 12, .ofs_x = 0, .ofs_y = 0},
    {.bitmap_index = 24235, .adv_w = 248, .box_w = 15, .box_h = 12, .ofs_x = 0, .ofs_y = 0},
    {.bitmap_index = 24325, .adv_w = 230, .box_w = 14, .box_h = 10, .ofs_x = 0, .ofs_y = 0},
    {.bitmap_index = 24395, .adv_w = 183, .box_w = 12, .box_h = 12, .ofs_x = 0, .ofs_y = 0},
    {.bitmap_index = 24467, .adv_w = 157, .box_w = 10, .box_h = 13, .ofs_x = 0, .ofs_y = -3},
    {.bitmap_index = 24532, .adv_w = 174, .box_w = 11, .box_h = 13, .ofs_x = 0, .ofs_y = 0},
    {.bitmap_index = 24604, .adv_w = 140, .box_w = 9, .box_h = 10, .ofs_x = 0, .ofs_y = 0},
    {.bitmap_index = 24649, .adv_w = 168, .box_w = 11, .box_h = 12, .ofs_x = 0, .ofs_y = 0},
    {.bitmap_index = 24715, .adv_w = 117, .box_w = 7, .box_h = 12, .ofs_x = 0, .ofs_y = 0},
    {.bitmap_index = 24757, .adv_w = 274, .box_w = 19, .box_h = 12, .ofs_x = -1, .ofs_y = 0},
    {.bitmap_index = 24871, .adv_w = 215, .box_w = 15, .box_h = 10, .ofs_x = -1, .ofs_y = 0},
    {.bitmap_index = 24946, .adv_w = 274, .box_w = 19, .box_h = 12, .ofs_x = -1, .ofs_y = 0},
    {.bitmap_index = 25060, .adv_w = 215, .box_w = 15, .box_h = 10, .ofs_x = -1, .ofs_y = 0},
    {.bitmap_index = 25135, .adv_w = 274, .box_w = 19, .box_h = 12, .ofs_x = -1, .ofs_y = 0},
    {.bitmap_index = 25249, .adv_w = 215, .box_w = 15, .box_h = 10, .ofs_x = -1, .ofs_y = 0},
    {.bitmap_index = 25324, .adv_w = 188, .box_w = 12, .box_h = 10, .ofs_x = 0, .ofs_y = 0},
    {.bitmap_index = 25384, .adv_w = 164, .box_w = 10, .box_h = 13, .ofs_x = 0, .ofs_y = 0},
    {.bitmap_index = 25449, .adv_w = 152, .box_w = 10, .box_h = 10, .ofs_x = 0, .ofs_y = 0},
    {.bitmap_index = 25499, .adv_w = 171, .box_w = 12, .box_h = 12, .ofs_x = -1, .ofs_y = 0},
    {.bitmap_index = 25571, .adv_w = 140, .box_w = 10, .box_h = 13, .ofs_x = -1, .ofs_y = -3},
    {.bitmap_index = 25636, .adv_w = 171, .box_w = 12, .box_h = 13, .ofs_x = -1, .ofs_y = 0},
    {.bitmap_index = 25714, .adv_w = 140, .box_w = 10, .box_h = 13, .ofs_x = -1, .ofs_y = -3},
    {.bitmap_index = 25779, .adv_w = 153, .box_w = 9, .box_h = 3, .ofs_x = 0, .ofs_y = 3},
    {.bitmap_index = 25793, .adv_w = 230, .box_w = 14, .box_h = 3, .ofs_x = 0, .ofs_y = 3},
    {.bitmap_index = 25814, .adv_w = 73, .box_w = 4, .box_h = 6, .ofs_x = 0, .ofs_y = 5},
    {.bitmap_index = 25826, .adv_w = 73, .box_w = 4, .box_h = 6, .ofs_x = 0, .ofs_y = 4},
    {.bitmap_index = 25838, .adv_w = 73, .box_w = 4, .box_h = 6, .ofs_x = 0, .ofs_y = -3},
    {.bitmap_index = 25850, .adv_w = 142, .box_w = 9, .box_h = 6, .ofs_x = 0, .ofs_y = 5},
    {.bitmap_index = 25877, .adv_w = 142, .box_w = 9, .box_h = 6, .ofs_x = 0, .ofs_y = 4},
    {.bitmap_index = 25904, .adv_w = 143, .box_w = 9, .box_h = 6, .ofs_x = 0, .ofs_y = -3},
    {.bitmap_index = 25931, .adv_w = 148, .box_w = 9, .box_h = 10, .ofs_x = 0, .ofs_y = 0},
    {.bitmap_index = 25976, .adv_w = 148, .box_w = 9, .box_h = 10, .ofs_x = 0, .ofs_y = 0},
    {.bitmap_index = 26021, .adv_w = 121, .box_w = 7, .box_h = 6, .ofs_x = 0, .ofs_y = 1},
    {.bitmap_index = 26042, .adv_w = 219, .box_w = 14, .box_h = 3, .ofs_x = 0, .ofs_y = 0},
    {.bitmap_index = 26063, .adv_w = 382, .box_w = 24, .box_h = 10, .ofs_x = 0, .ofs_y = 0},
    {.bitmap_index = 26183, .adv_w = 111, .box_w = 7, .box_h = 6, .ofs_x = 0, .ofs_y = 1},
    {.bitmap_index = 26204, .adv_w = 111, .box_w = 7, .box_h = 6, .ofs_x = 0, .ofs_y = 1},
    {.bitmap_index = 26225, .adv_w = 30, .box_w = 14, .box_h = 10, .ofs_x = -6, .ofs_y = 0},
    {.bitmap_index = 26295, .adv_w = 113, .box_w = 7, .box_h = 5, .ofs_x = 0, .ofs_y = 6},
    {.bitmap_index = 26313, .adv_w = 114, .box_w = 7, .box_h = 5, .ofs_x = 0, .ofs_y = 6},
    {.bitmap_index = 26331, .adv_w = 108, .box_w = 7, .box_h = 5, .ofs_x = 0, .ofs_y = 6},
    {.bitmap_index = 26349, .adv_w = 112, .box_w = 7, .box_h = 5, .ofs_x = 0, .ofs_y = 6},
    {.bitmap_index = 26367, .adv_w = 102, .box_w = 7, .box_h = 5, .ofs_x = 0, .ofs_y = 6},
    {.bitmap_index = 26385, .adv_w = 110, .box_w = 7, .box_h = 5, .ofs_x = 0, .ofs_y = 6},
    {.bitmap_index = 26403, .adv_w = 112, .box_w = 7, .box_h = 5, .ofs_x = 0, .ofs_y = 6},
    {.bitmap_index = 26421, .adv_w = 113, .box_w = 7, .box_h = 5, .ofs_x = 0, .ofs_y = -1},
    {.bitmap_index = 26439, .adv_w = 73, .box_w = 5, .box_h = 5, .ofs_x = 0, .ofs_y = -1},
    {.bitmap_index = 26452, .adv_w = 106, .box_w = 7, .box_h = 5, .ofs_x = 0, .ofs_y = -1},
    {.bitmap_index = 26470, .adv_w = 106, .box_w = 7, .box_h = 5, .ofs_x = 0, .ofs_y = -1},
    {.bitmap_index = 26488, .adv_w = 114, .box_w = 7, .box_h = 5, .ofs_x = 0, .ofs_y = -1},
    {.bitmap_index = 26506, .adv_w = 108, .box_w = 7, .box_h = 5, .ofs_x = 0, .ofs_y = -1},
    {.bitmap_index = 26524, .adv_w = 112, .box_w = 7, .box_h = 5, .ofs_x = 0, .ofs_y = -1},
    {.bitmap_index = 26542, .adv_w = 102, .box_w = 7, .box_h = 5, .ofs_x = 0, .ofs_y = -1},
    {.bitmap_index = 26560, .adv_w = 110, .box_w = 7, .box_h = 5, .ofs_x = 0, .ofs_y = -1},
    {.bitmap_index = 26578, .adv_w = 112, .box_w = 7, .box_h = 5, .ofs_x = 0, .ofs_y = -1},
    {.bitmap_index = 26596, .adv_w = 179, .box_w = 12, .box_h = 10, .ofs_x = 0, .ofs_y = 0},
    {.bitmap_index = 26656, .adv_w = 179, .box_w = 11, .box_h = 10, .ofs_x = 0, .ofs_y = 0},
    {.bitmap_index = 26711, .adv_w = 179, .box_w = 12, .box_h = 10, .ofs_x = 0, .ofs_y = 0},
    {.bitmap_index = 26771, .adv_w = 314, .box_w = 20, .box_h = 10, .ofs_x = 0, .ofs_y = 0},
    {.bitmap_index = 26871, .adv_w = 225, .box_w = 14, .box_h = 12, .ofs_x = 0, .ofs_y = -1},
    {.bitmap_index = 26955, .adv_w = 226, .box_w = 14, .box_h = 6, .ofs_x = 0, .ofs_y = 4},
    {.bitmap_index = 26997, .adv_w = 180, .box_w = 11, .box_h = 12, .ofs_x = 0, .ofs_y = -1},
    {.bitmap_index = 27063, .adv_w = 250, .box_w = 16, .box_h = 10, .ofs_x = 0, .ofs_y = 0},
    {.bitmap_index = 27143, .adv_w = 222, .box_w = 15, .box_h = 10, .ofs_x = -1, .ofs_y = 0},
    {.bitmap_index = 27218, .adv_w = 246, .box_w = 16, .box_h = 10, .ofs_x = 0, .ofs_y = 0},
    {.bitmap_index = 27298, .adv_w = 248, .box_w = 16, .box_h = 10, .ofs_x = 0, .ofs_y = 0},
    {.bitmap_index = 27378, .adv_w = 228, .box_w = 15, .box_h = 10, .ofs_x = -1, .ofs_y = 0},
    {.bitmap_index = 27453, .adv_w = 176, .box_w = 11, .box_h = 10, .ofs_x = 0, .ofs_y = -1},
    {.bitmap_index = 27508, .adv_w = 154, .box_w = 10, .box_h = 10, .ofs_x = 0, .ofs_y = 0},
    {.bitmap_index = 27558, .adv_w = 176, .box_w = 11, .box_h = 10, .ofs_x = 0, .ofs_y = -1},
    {.bitmap_index = 27613, .adv_w = 154, .box_w = 10, .box_h = 11, .ofs_x = 0, .ofs_y = -1},
    {.bitmap_index = 27668, .adv_w = 222, .box_w = 14, .box_h = 10, .ofs_x = 0, .ofs_y = -1},
    {.bitmap_index = 27738, .adv_w = 154, .box_w = 10, .box_h = 14, .ofs_x = 0, .ofs_y = -2},
    {.bitmap_index = 27808, .adv_w = 142, .box_w = 9, .box_h = 9, .ofs_x = 0, .ofs_y = 0},
    {.bitmap_index = 27849, .adv_w = 142, .box_w = 9, .box_h = 9, .ofs_x = 0, .ofs_y = 0},
    {.bitmap_index = 27890, .adv_w = 142, .box_w = 9, .box_h = 9, .ofs_x = 0, .ofs_y = 0},
    {.bitmap_index = 27931, .adv_w = 142, .box_w = 9, .box_h = 9, .ofs_x = 0, .ofs_y = 0},
    {.bitmap_index = 27972, .adv_w = 179, .box_w = 11, .box_h = 11, .ofs_x = 0, .ofs_y = -1},
    {.bitmap_index = 28033, .adv_w = 179, .box_w = 11, .box_h = 13, .ofs_x = 0, .ofs_y = -3},
    {.bitmap_index = 28105, .adv_w = 179, .box_w = 11, .box_h = 13, .ofs_x = 0, .ofs_y = -3},
    {.bitmap_index = 28177, .adv_w = 179, .box_w = 9, .box_h = 3, .ofs_x = 1, .ofs_y = 2},
    {.bitmap_index = 28191, .adv_w = 187, .box_w = 15, .box_h = 17, .ofs_x = 0, .ofs_y = -3},
    {.bitmap_index = 28319, .adv_w = 198, .box_w = 12, .box_h = 8, .ofs_x = 0, .ofs_y = 0},
    {.bitmap_index = 28367, .adv_w = 179, .box_w = 11, .box_h = 13, .ofs_x = 0, .ofs_y = -3},
    {.bitmap_index = 28439, .adv_w = 179, .box_w = 9, .box_h = 8, .ofs_x = 1, .ofs_y = 0},
    {.bitmap_index = 28475, .adv_w = 179, .box_w = 9, .box_h = 10, .ofs_x = 1, .ofs_y = -1},
    {.bitmap_index = 28520, .adv_w = 179, .box_w = 9, .box_h = 9, .ofs_x = 1, .ofs_y = 0},
    {.bitmap_index = 28561, .adv_w = 179, .box_w = 9, .box_h = 9, .ofs_x = 1, .ofs_y = 0},
    {.bitmap_index = 28602, .adv_w = 205, .box_w = 13, .box_h = 12, .ofs_x = 0, .ofs_y = -1},
    {.bitmap_index = 28680, .adv_w = 205, .box_w = 13, .box_h = 12, .ofs_x = 0, .ofs_y = -1},
    {.bitmap_index = 28758, .adv_w = 205, .box_w = 13, .box_h = 12, .ofs_x = 0, .ofs_y = -1},
    {.bitmap_index = 28836, .adv_w = 205, .box_w = 13, .box_h = 12, .ofs_x = 0, .ofs_y = -1},
    {.bitmap_index = 28914, .adv_w = 205, .box_w = 13, .box_h = 12, .ofs_x = 0, .ofs_y = -1},
    {.bitmap_index = 28992, .adv_w = 205, .box_w = 13, .box_h = 12, .ofs_x = 0, .ofs_y = -1},
    {.bitmap_index = 29070, .adv_w = 205, .box_w = 13, .box_h = 12, .ofs_x = 0, .ofs_y = -1},
    {.bitmap_index = 29148, .adv_w = 205, .box_w = 13, .box_h = 12, .ofs_x = 0, .ofs_y = -1},
    {.bitmap_index = 29226, .adv_w = 205, .box_w = 13, .box_h = 12, .ofs_x = 0, .ofs_y = -1},
    {.bitmap_index = 29304, .adv_w = 205, .box_w = 13, .box_h = 12, .ofs_x = 0, .ofs_y = -1},
    {.bitmap_index = 29382, .adv_w = 205, .box_w = 13, .box_h = 12, .ofs_x = 0, .ofs_y = -1},
    {.bitmap_index = 29460, .adv_w = 178, .box_w = 11, .box_h = 10, .ofs_x = 0, .ofs_y = 0},
    {.bitmap_index = 29515, .adv_w = 178, .box_w = 11, .box_h = 10, .ofs_x = 0, .ofs_y = 0},
    {.bitmap_index = 29570, .adv_w = 178, .box_w = 11, .box_h = 10, .ofs_x = 0, .ofs_y = 0},
    {.bitmap_index = 29625, .adv_w = 169, .box_w = 11, .box_h = 10, .ofs_x = 0, .ofs_y = 0},
    {.bitmap_index = 29680, .adv_w = 169, .box_w = 11, .box_h = 10, .ofs_x = 0, .ofs_y = 0},
    {.bitmap_index = 29735, .adv_w = 167, .box_w = 11, .box_h = 11, .ofs_x = 0, .ofs_y = -1},
    {.bitmap_index = 29796, .adv_w = 167, .box_w = 11, .box_h = 11, .ofs_x = 0, .ofs_y = -1},
    {.bitmap_index = 29857, .adv_w = 169, .box_w = 11, .box_h = 11, .ofs_x = 0, .ofs_y = -1},
    {.bitmap_index = 29918, .adv_w = 169, .box_w = 11, .box_h = 10, .ofs_x = 0, .ofs_y = 0},
    {.bitmap_index = 29973, .adv_w = 167, .box_w = 11, .box_h = 11, .ofs_x = -1, .ofs_y = -1},
    {.bitmap_index = 30034, .adv_w = 167, .box_w = 11, .box_h = 11, .ofs_x = -1, .ofs_y = -1},
    {.bitmap_index = 30095, .adv_w = 180, .box_w = 11, .box_h = 12, .ofs_x = 0, .ofs_y = -1},
    {.bitmap_index = 30161, .adv_w = 183, .box_w = 12, .box_h = 10, .ofs_x = 0, .ofs_y = 0},
    {.bitmap_index = 30221, .adv_w = 180, .box_w = 11, .box_h = 12, .ofs_x = 0, .ofs_y = -1},
    {.bitmap_index = 30287, .adv_w = 180, .box_w = 11, .box_h = 12, .ofs_x = 0, .ofs_y = -1},
    {.bitmap_index = 30353, .adv_w = 180, .box_w = 11, .box_h = 12, .ofs_x = 0, .ofs_y = -1},
    {.bitmap_index = 30419, .adv_w = 180, .box_w = 11, .box_h = 12, .ofs_x = 0, .ofs_y = -1},
    {.bitmap_index = 30485, .adv_w = 180, .box_w = 11, .box_h = 12, .ofs_x = 0, .ofs_y = -1},
    {.bitmap_index = 30551, .adv_w = 180, .box_w = 11, .box_h = 12, .ofs_x = 0, .ofs_y = -1},
    {.bitmap_index = 30617, .adv_w = 205, .box_w = 13, .box_h = 12, .ofs_x = 0, .ofs_y = -1},
    {.bitmap_index = 30695, .adv_w = 205, .box_w = 13, .box_h = 12, .ofs_x = 0, .ofs_y = -1},
    {.bitmap_index = 30773, .adv_w = 205, .box_w = 13, .box_h = 12, .ofs_x = 0, .ofs_y = -1},
    {.bitmap_index = 30851, .adv_w = 205, .box_w = 13, .box_h = 12, .ofs_x = 0, .ofs_y = -1},
    {.bitmap_index = 30929, .adv_w = 205, .box_w = 13, .box_h = 12, .ofs_x = 0, .ofs_y = -1},
    {.bitmap_index = 31007, .adv_w = 205, .box_w = 13, .box_h = 12, .ofs_x = 0, .ofs_y = -1},
    {.bitmap_index = 31085, .adv_w = 205, .box_w = 13, .box_h = 12, .ofs_x = 0, .ofs_y = -1},
    {.bitmap_index = 31163, .adv_w = 205, .box_w = 13, .box_h = 12, .ofs_x = 0, .ofs_y = -1},
    {.bitmap_index = 31241, .adv_w = 205, .box_w = 13, .box_h = 12, .ofs_x = 0, .ofs_y = -1},
    {.bitmap_index = 31319, .adv_w = 279, .box_w = 17, .box_h = 10, .ofs_x = 0, .ofs_y = -1},
    {.bitmap_index = 31404, .adv_w = 279, .box_w = 18, .box_h = 10, .ofs_x = 0, .ofs_y = -1},
    {.bitmap_index = 31494, .adv_w = 332, .box_w = 21, .box_h = 10, .ofs_x = 0, .ofs_y = -1}
};

/*---------------------
 *  CHARACTER MAPPING
 *--------------------*/

static const uint16_t unicode_list_4[] = {
    0x0, 0x3, 0x26, 0x27, 0x3e, 0x3f, 0x40, 0x41,
    0x42, 0x43, 0x44, 0x45, 0x57, 0x58, 0x6b, 0x6c,
    0x6d, 0x6e, 0x6f, 0x70, 0x89, 0x8a, 0x8b, 0x8c,
    0xa8, 0xca, 0x12d, 0x137, 0x138, 0x149, 0x14a, 0x14b,
    0x14c, 0x14d, 0x14e, 0x171, 0x172, 0x173, 0x174, 0x175,
    0x177, 0x178, 0x179, 0x17b, 0x17c, 0x17d, 0x183, 0x197,
    0x198, 0x199, 0x205, 0x21a, 0x22d, 0x231
};

static const uint16_t unicode_list_6[] = {
    0x0, 0x1, 0x1972, 0x1973, 0x197a, 0x197b, 0x198e, 0x198f,
    0x19b0, 0x19b1, 0x19c6, 0x19c7, 0x19d0, 0x19d1, 0x19da, 0x19db,
    0x19f0, 0x19f1, 0x19f2, 0x19f3, 0x19f4, 0x19f5, 0x1a0e, 0x1a2c,
    0x1a2d, 0x1a62, 0x1a63, 0x1a68, 0x1a69, 0x1b83, 0x1b84, 0x1b88,
    0x1b89, 0x1b8a, 0x1b8c, 0x1b8d, 0x1b8e, 0x1b90, 0x1b91, 0x1b92,
    0x1b96, 0x1ba0, 0x1ba9, 0x1baa, 0x1bb4, 0x1be0, 0x1be4, 0x1be5,
    0x1be6, 0x1be7, 0x1be8, 0x1be9, 0x1bf0, 0x1bf1, 0x1bf2, 0x1bf3,
    0x1bf4, 0x1bf5, 0x1bf6, 0x1bf7, 0x1bf8, 0x1bf9, 0x1c1c, 0x1c24,
    0x1c2a, 0x1c86, 0x1c87, 0x1c92, 0x1c9e, 0x1cc4, 0x1ccb, 0x1ccc,
    0x1ccd, 0x1cce, 0x1d00, 0x1d01, 0x1d02, 0x1d03, 0x1d04, 0x1d05,
    0x1d06, 0x1d07, 0x1d08, 0x1d09, 0x1d72, 0x1d7f, 0x1d81, 0x1d82,
    0x1d8a, 0x1d8e, 0x1d9b, 0x1db8, 0x1dd0, 0x1dd4, 0x1dd5, 0x1fd0,
    0x1fd1, 0x1fd2, 0x1fd3, 0x1fd4, 0x1fd5, 0x1fd6, 0x1fd7, 0x1fd8,
    0x205a, 0x206f, 0x2110, 0x2111, 0x2113, 0x2122, 0x2123, 0x212a,
    0x212b, 0x212c, 0x212d, 0x2134, 0x2135, 0x2139, 0x213a, 0x213b,
    0x213f, 0x2140, 0x2141, 0x2142, 0x2143, 0x22e6, 0x22e7, 0x22e8,
    0x22e9, 0x22ea, 0x22eb, 0x22ec, 0x22ed, 0x22ee, 0x2365, 0x2366,
    0x2367
};

/*Collect the unicode lists and glyph_id offsets*/
static const lv_font_fmt_txt_cmap_t cmaps[] =
{
    {
        .range_start = 32, .range_length = 95, .glyph_id_start = 1,
        .unicode_list = NULL, .glyph_id_ofs_list = NULL, .list_length = 0, .type = LV_FONT_FMT_TXT_CMAP_FORMAT0_TINY
    },
    {
        .range_start = 160, .range_length = 13, .glyph_id_start = 96,
        .unicode_list = NULL, .glyph_id_ofs_list = NULL, .list_length = 0, .type = LV_FONT_FMT_TXT_CMAP_FORMAT0_TINY
    },
    {
        .range_start = 174, .range_length = 160, .glyph_id_start = 109,
        .unicode_list = NULL, .glyph_id_ofs_list = NULL, .list_length = 0, .type = LV_FONT_FMT_TXT_CMAP_FORMAT0_TINY
    },
    {
        .range_start = 336, .range_length = 47, .glyph_id_start = 269,
        .unicode_list = NULL, .glyph_id_ofs_list = NULL, .list_length = 0, .type = LV_FONT_FMT_TXT_CMAP_FORMAT0_TINY
    },
    {
        .range_start = 399, .range_length = 562, .glyph_id_start = 316,
        .unicode_list = unicode_list_4, .glyph_id_ofs_list = NULL, .list_length = 54, .type = LV_FONT_FMT_TXT_CMAP_SPARSE_TINY
    },
    {
        .range_start = 1024, .range_length = 96, .glyph_id_start = 370,
        .unicode_list = NULL, .glyph_id_ofs_list = NULL, .list_length = 0, .type = LV_FONT_FMT_TXT_CMAP_FORMAT0_TINY
    },
    {
        .range_start = 1168, .range_length = 9064, .glyph_id_start = 466,
        .unicode_list = unicode_list_6, .glyph_id_ofs_list = NULL, .list_length = 137, .type = LV_FONT_FMT_TXT_CMAP_SPARSE_TINY
    }
};

/*-----------------
 *    KERNING
 *----------------*/


/*Map glyph_ids to kern left classes*/
static const uint8_t kern_left_class_mapping[] =
{
    0, 0, 0, 1, 0, 0, 0, 2,
    1, 3, 0, 0, 4, 5, 4, 5,
    6, 7, 0, 8, 9, 10, 11, 12,
    13, 9, 7, 0, 0, 0, 0, 4,
    0, 0, 14, 9, 15, 16, 17, 18,
    19, 20, 0, 21, 22, 23, 0, 0,
    16, 24, 16, 25, 26, 27, 28, 29,
    30, 31, 32, 33, 34, 35, 0, 0,
    0, 0, 36, 37, 38, 39, 40, 41,
    42, 43, 39, 39, 44, 39, 43, 43,
    40, 37, 45, 46, 47, 48, 45, 49,
    49, 50, 49, 51, 34, 0, 0, 4,
    0, 0, 0, 0, 0, 0, 0, 0,
    0, 0, 0, 52, 4, 0, 0, 0,
    0, 53, 54, 0, 0, 0, 4, 0,
    53, 0, 55, 0, 0, 0, 56, 14,
    14, 14, 14, 14, 14, 17, 15, 17,
    17, 17, 17, 0, 0, 0, 0, 16,
    0, 16, 16, 16, 16, 16, 0, 16,
    28, 28, 28, 28, 32, 57, 58, 36,
    36, 36, 36, 36, 36, 59, 38, 40,
    40, 40, 40, 60, 61, 62, 63, 0,
    43, 40, 40, 40, 40, 40, 4, 40,
    45, 45, 45, 45, 49, 37, 49, 14,
    36, 14, 36, 14, 36, 15, 38, 15,
    38, 15, 38, 15, 38, 16, 64, 16,
    65, 17, 40, 17, 40, 17, 40, 17,
    40, 17, 40, 19, 42, 19, 42, 19,
    42, 19, 42, 0, 43, 0, 43, 0,
    66, 0, 67, 0, 66, 0, 0, 0,
    45, 0, 39, 21, 62, 22, 44, 44,
    23, 39, 23, 39, 68, 64, 0, 0,
    23, 0, 0, 43, 0, 43, 0, 43,
    43, 0, 43, 16, 40, 16, 40, 17,
    40, 25, 46, 25, 46, 25, 46, 26,
    47, 26, 47, 26, 47, 26, 47, 27,
    48, 27, 69, 70, 0, 28, 45, 28,
    45, 28, 45, 28, 45, 28, 45, 28,
    45, 30, 49, 32, 49, 32, 33, 51,
    33, 51, 33, 51, 16, 0, 0, 45,
    14, 36, 0, 71, 16, 40, 28, 45,
    19, 42, 14, 36, 17, 59, 16, 40,
    26, 47, 27, 48, 39, 40, 72, 0,
    0, 0, 0, 0, 0, 0, 0, 0,
    0, 0, 0, 0, 0, 0, 0, 0,
    0, 0, 0, 0, 0, 0, 0, 0,
    0, 0, 17, 17, 73, 74, 15, 26,
    0, 75, 21, 76, 76, 77, 22, 0,
    78, 0, 14, 79, 9, 74, 80, 17,
    22, 9, 0, 0, 22, 0, 0, 20,
    16, 20, 24, 15, 81, 78, 82, 31,
    80, 0, 0, 80, 76, 0, 76, 16,
    16, 0, 36, 40, 83, 84, 85, 40,
    44, 83, 45, 0, 44, 45, 45, 45,
    40, 45, 37, 38, 86, 49, 87, 50,
    85, 0, 45, 85, 88, 0, 88, 40,
    40, 45, 40, 40, 43, 84, 38, 47,
    39, 63, 39, 88, 88, 43, 44, 45,
    49, 45, 74, 84, 9, 37, 16, 0,
    18, 41, 0, 43, 24, 37, 26, 47,
    27, 48, 30, 49, 30, 49, 30, 49,
    89, 17, 40, 32, 49, 32, 49, 4,
    4, 90, 91, 5, 90, 72, 5, 0,
    0, 0, 5, 0, 52, 55, 92, 93,
    94, 93, 93, 95, 54, 93, 96, 97,
    96, 96, 98, 99, 96, 99, 96, 96,
    0, 0, 0, 0, 0, 0, 0, 0,
    0, 0, 0, 0, 0, 0, 0, 0,
    0, 0, 0, 0, 0, 0, 0, 0,
    0, 4, 0, 0, 0, 0, 0, 0,
    0, 0, 0, 0, 0, 0, 0, 0,
    0, 0, 0, 0, 0, 0, 0, 100,
    100, 0, 0, 101, 101, 0, 0, 0,
    0, 0, 0, 0, 0, 0, 0, 0,
    0, 0, 0, 0, 0, 0, 0, 0,
    0, 0, 0
};

/*Map glyph_ids to kern right classes*/
static const uint8_t kern_right_class_mapping[] =
{
    0, 0, 0, 1, 0, 0, 0, 2,
    1, 0, 3, 4, 5, 6, 5, 6,
    7, 8, 9, 10, 11, 12, 13, 8,
    14, 15, 16, 0, 0, 5, 0, 0,
    17, 0, 18, 0, 19, 0, 0, 0,
    19, 0, 0, 20, 0, 0, 0, 0,
    19, 0, 19, 0, 21, 22, 23, 24,
    25, 26, 27, 28, 0, 29, 30, 0,
    0, 0, 31, 32, 33, 34, 33, 35,
    36, 32, 32, 37, 32, 32, 38, 38,
    33, 38, 34, 38, 39, 40, 41, 42,
    42, 43, 44, 45, 0, 0, 46, 5,
    0, 0, 0, 0, 0, 0, 0, 0,
    0, 0, 0, 47, 5, 0, 0, 4,
    0, 48, 49, 0, 0, 0, 5, 0,
    50, 0, 51, 0, 0, 0, 0, 18,
    18, 18, 18, 18, 18, 52, 19, 0,
    0, 0, 0, 0, 0, 0, 0, 0,
    0, 19, 19, 19, 19, 19, 0, 19,
    23, 23, 23, 23, 27, 0, 0, 53,
    31, 54, 55, 56, 31, 31, 33, 33,
    33, 57, 58, 59, 60, 61, 62, 33,
    38, 33, 33, 63, 64, 65, 5, 33,
    41, 41, 41, 41, 44, 32, 44, 18,
    66, 18, 67, 18, 31, 19, 33, 19,
    33, 19, 33, 19, 33, 0, 34, 0,
    34, 0, 68, 0, 33, 0, 33, 0,
    33, 0, 33, 19, 36, 19, 36, 19,
    36, 19, 36, 0, 32, 0, 69, 0,
    70, 0, 71, 0, 70, 0, 0, 0,
    38, 0, 32, 20, 37, 0, 32, 38,
    0, 32, 0, 32, 0, 32, 0, 32,
    0, 0, 0, 38, 0, 38, 0, 38,
    38, 0, 38, 19, 72, 19, 73, 19,
    33, 0, 38, 0, 38, 0, 38, 21,
    39, 21, 74, 21, 39, 21, 75, 22,
    40, 22, 40, 76, 77, 23, 41, 23,
    41, 23, 41, 23, 41, 23, 41, 23,
    41, 25, 42, 27, 44, 27, 28, 45,
    28, 45, 28, 45, 19, 0, 0, 38,
    18, 54, 0, 78, 19, 57, 23, 41,
    19, 36, 18, 31, 52, 31, 19, 33,
    21, 39, 22, 40, 37, 33, 79, 0,
    0, 0, 0, 0, 0, 0, 0, 0,
    0, 0, 0, 0, 0, 0, 0, 0,
    0, 0, 0, 0, 0, 0, 0, 0,
    0, 0, 0, 0, 22, 0, 19, 21,
    0, 0, 20, 80, 0, 22, 0, 0,
    81, 0, 18, 0, 0, 0, 82, 0,
    83, 11, 0, 0, 0, 80, 0, 0,
    19, 0, 0, 19, 22, 81, 84, 26,
    0, 85, 0, 0, 22, 0, 0, 11,
    0, 86, 31, 87, 38, 38, 88, 33,
    89, 90, 38, 0, 38, 91, 38, 38,
    33, 38, 38, 33, 92, 44, 93, 43,
    38, 94, 38, 38, 92, 38, 38, 90,
    38, 95, 33, 96, 69, 38, 33, 39,
    32, 62, 37, 91, 38, 69, 38, 38,
    44, 38, 0, 38, 0, 32, 0, 34,
    0, 35, 0, 38, 0, 38, 21, 39,
    22, 40, 25, 42, 25, 42, 25, 42,
    97, 0, 33, 27, 44, 27, 44, 5,
    5, 0, 79, 6, 0, 79, 6, 0,
    0, 0, 6, 0, 47, 51, 98, 99,
    100, 49, 99, 101, 49, 99, 102, 103,
    104, 104, 105, 106, 102, 106, 107, 102,
    0, 0, 0, 0, 0, 4, 0, 0,
    0, 0, 0, 0, 0, 0, 0, 0,
    0, 0, 0, 0, 0, 0, 0, 0,
    0, 5, 0, 0, 0, 0, 0, 0,
    0, 0, 0, 0, 0, 0, 0, 0,
    0, 0, 0, 0, 0, 0, 0, 108,
    108, 0, 0, 109, 109, 0, 0, 0,
    0, 0, 0, 0, 0, 0, 0, 0,
    0, 0, 0, 0, 0, 0, 0, 0,
    0, 0, 0
};

/*Kern values between classes*/
static const int8_t kern_class_values[] =
{
    0, 0, 0, 0, 0, -18, 0, 0,
    0, 0, 0, 0, 0, 0, 0, 0,
    0, -21, -2, 0, 0, 0, 0, 0,
    0, 0, 9, 0, 0, 0, -7, 0,
    -13, 0, 0, 0, 0, -6, -13, 0,
    -2, 0, 0, 0, 0, 0, 0, 0,
    0, 0, 0, 0, -7, -7, -7, -7,
    -13, -13, 14, -3, 17, 28, -13, -13,
    -13, -7, -7, -13, 0, 23, 26, -13,
    -13, -13, -13, 0, 0, 15, 0, 0,
    0, 0, 0, 0, 0, 0, 0, 0,
    0, 0, 0, 0, 0, 0, -15, -13,
    0, 0, 0, 0, 0, 0, 0, 0,
    0, 0, 0, 0, 0, 0, 0, 0,
    0, 0, 0, 0, 0, 0, 0, 0,
    0, 0, 0, 0, 0, 0, 0, 0,
    0, 0, -22, 0, -15, -13, 0, -25,
    0, 0, 0, 0, 0, 0, 0, 0,
    0, 0, 0, 0, 0, 0, 0, 0,
    0, 0, 0, 0, 0, 0, 0, 0,
    0, 0, 0, 0, 0, 0, 0, 0,
    0, 0, 0, 0, 0, 0, 0, 0,
    0, 0, 0, 0, 0, 0, 0, 0,
    0, 0, 0, 0, 0, 0, 0, 0,
    0, 0, 0, 0, 0, 0, 0, 0,
    0, 0, 0, 0, 0, 0, 0, 0,
    0, 0, 0, 0, 0, 0, 0, 0,
    0, 0, 0, 0, 0, 0, 0, 0,
    0, 0, 0, 0, 0, 0, 0, 0,
    0, 0, 0, 0, 0, -8, 0, 0,
    0, 0, 0, 0, 0, 0, 0, 0,
    0, 0, -9, 0, 0, 0, 19, 0,
    0, 0, 0, 0, 0, 0, 0, 0,
    0, 0, 0, 0, 0, 0, 0, 0,
    0, 0, -9, -9, 17, 0, 11, 17,
    -9, -9, -9, 0, 0, -9, 0, 17,
    17, -9, -9, 0, 0, 0, 0, 17,
    0, 0, 0, 0, 0, 0, 0, 0,
    0, 0, 0, 0, 0, 0, 0, 0,
    0, -9, 0, 0, 0, 0, 0, 0,
    0, 0, 0, 0, 0, 0, 0, 0,
    0, 0, 0, 0, 0, 0, 0, -9,
    0, 0, 0, 0, -15, 0, 0, 0,
    0, 0, 0, 0, -18, 0, -11, -9,
    -8, -13, 0, 0, 0, 0, 0, 0,
    0, 0, 0, 0, 0, 0, 0, 0,
    0, -5, 0, 0, 0, 0, 0, 0,
    0, 0, 0, 0, 0, 0, 0, 0,
    0, 0, 0, 0, 0, 0, 0, 0,
    0, 0, 0, 0, 0, 0, 0, 0,
    0, 0, 0, 0, 0, 0, 0, 0,
    0, -11, 0, 0, 0, 0, 0, 0,
    0, 0, 0, 0, 0, 0, 0, 0,
    0, 0, 0, 0, 0, 0, 0, 0,
    0, 0, 0, 0, 0, 0, 0, 0,
    0, 0, 0, 0, -22, 6, 0, 0,
    0, -19, 2, 0, -33, 0, 0, 0,
    0, -19, 0, -13, -11, 0, -18, 0,
    0, 0, 0, 0, 0, 0, 0, 0,
    18, 0, 0, 0, 0, 0, 0, 0,
    0, 0, 0, 0, 0, 0, 0, 0,
    0, 0, 0, 0, 0, 0, 0, 0,
    0, 0, 0, 0, 0, 0, 0, 0,
    0, 0, 0, 0, 0, 0, 0, 0,
    0, 0, 0, 0, 0, 0, 0, 0,
    0, 0, 0, 0, 0, 0, 0, 0,
    0, 0, 0, 0, 0, 0, 0, 0,
    0, 0, 0, 0, 0, 0, 0, 0,
    0, 0, 0, 0, 0, 0, 0, -27,
    0, 0, 0, 0, -11, 0, 0, 0,
    0, 0, -13, -8, 0, 0, 0, 0,
    0, 0, 0, 0, 0, 0, 0, -12,
    0, -6, 0, 0, -3, 0, -2, -6,
    0, -2, 0, 0, 0, 0, 0, 0,
    0, 0, 0, 0, 0, -12, -12, -12,
    -12, -6, -6, 0, 0, 0, 0, -6,
    -6, -6, -12, -12, -6, 0, 0, 0,
    -6, -6, -6, -6, 0, 0, 0, 0,
    0, 0, 0, 0, 0, 0, 0, 0,
    0, 0, 0, 0, 0, 0, 0, 0,
    -6, 0, 0, 0, 0, 0, 0, 0,
    0, 0, 0, 0, 0, 0, 0, 0,
    0, 0, 0, 0, 0, 2, 0, 0,
    -4, 0, 0, -5, 0, 0, 0, 0,
    0, 0, 0, 0, 0, 0, 0, 0,
    0, 0, 0, 0, 0, 0, 0, 0,
    0, 0, 0, 0, 0, 0, 0, 0,
    0, 0, 0, 0, 0, 0, 0, 0,
    0, 0, 0, 0, 0, 0, 0, 0,
    0, 0, 0, 0, 0, 0, 0, 0,
    0, 0, 0, 0, 0, 0, 0, 0,
    0, 0, 0, 0, 0, 0, 0, 0,
    0, 0, 0, 0, 0, 0, 0, 0,
    0, 0, 0, 0, 0, 0, 0, 0,
    0, 0, 0, 0, 0, 0, 0, 0,
    0, 0, 0, 0, 0, 0, 0, 0,
    4, 0, 0, 0, 2, 0, 0, 0,
    0, 0, 0, 0, 0, 0, 0, 0,
    0, 0, 0, 0, 0, 0, 0, 0,
    0, 0, 0, 0, 0, 0, 0, 0,
    0, 0, 0, 0, 0, 0, 0, 0,
    0, 0, 0, 0, 0, 0, 0, 0,
    0, 0, 0, 0, 0, 0, 0, 0,
    0, 0, 0, 0, 0, 0, 0, 0,
    0, 0, 0, 0, 0, 0, 0, 0,
    0, 0, 0, 0, 0, 0, 0, 0,
    0, 0, 0, 0, 0, 0, 0, 0,
    0, 0, 0, 0, 0, 0, 0, 0,
    0, 0, 0, 0, 0, 0, 0, 0,
    0, 0, 0, 0, 0, 2, 0, 0,
    0, 0, 0, 2, 0, -3, 3, 0,
    0, -2, 0, 0, 0, -2, 0, -6,
    -5, -6, -7, 0, 0, 0, 0, 0,
    0, 0, 0, 0, 0, 0, 0, 0,
    0, 0, 0, 0, 0, 0, 0, 0,
    0, 0, 0, 0, 0, 0, 0, 0,
    0, 0, 0, 0, 0, 0, 0, 0,
    0, 0, 0, 0, 0, 0, 0, 0,
    0, 0, 0, 0, 0, 0, 0, -1,
    -7, 0, -8, -2, -2, -3, 0, 0,
    -5, 0, 0, -1, 0, 0, -3, 0,
    0, 0, 0, 0, 0, 0, 0, 0,
    0, 0, 0, 0, 0, 0, 0, 0,
    0, 0, 0, 0, 0, -15, 0, 0,
    0, 0, -9, 2, -2, 0, 0, 0,
    0, 0, -7, 0, -4, 0, 0, 0,
    0, 0, 0, 0, 0, 0, 0, 0,
    0, 0, 0, 0, 0, 0, 0, 0,
    0, 0, 0, 0, 0, 0, 0, 0,
    0, 0, 0, 0, 0, 0, 0, 0,
    0, 0, 0, 0, 0, 0, 0, 0,
    0, 0, 0, 0, 0, 0, 0, 0,
    0, 0, 0, 0, 0, 0, 0, 0,
    0, 0, 0, 0, 0, 0, 0, 0,
    0, 0, 0, 0, 0, 0, 0, 0,
    0, 0, 0, 0, 0, 0, 0, 0,
    0, 0, 0, 0, 0, 0, 0, 0,
    0, 0, 0, 0, 0, 0, 0, -3,
    0, -3, 0, 0, 0, 0, 0, 0,
    0, 0, 0, 0, 0, 0, 0, 0,
    0, 0, 0, 0, 0, 0, 0, 0,
    0, 0, 0, 0, 0, 0, 0, 0,
    0, 0, 0, 0, 0, 0, 0, 0,
    0, 0, 0, 0, 0, 0, 0, 0,
    0, 0, 0, 0, 0, 0, 0, 0,
    0, 0, 0, 0, 0, 0, 0, 0,
    0, 0, 0, 0, 0, 0, 0, 0,
    0, 0, 0, 0, 0, 0, 0, 0,
    0, 0, 0, 0, 0, 0, 0, 0,
    0, 0, 0, 0, 0, 0, 0, 0,
    0, 0, 0, 0, 0, 0, 0, 0,
    0, 0, 3, 0, -9, 0, -2, 0,
    0, 0, 0, 0, 0, 0, 0, 0,
    0, 0, 0, 0, 0, 0, 0, 0,
    0, 0, 0, 0, 0, 0, 0, 0,
    0, 0, 0, 0, 0, 0, 0, 0,
    0, 0, 0, 0, 0, 0, 0, 0,
    0, 0, 0, 0, 0, 0, 0, 0,
    0, 0, 0, 0, 0, 0, 0, 0,
    0, 0, 0, 0, 0, 0, 0, 0,
    0, 0, 0, 0, 0, 0, 0, 0,
    0, 0, 0, 0, 0, 0, 0, 0,
    0, 0, 0, 0, 0, 0, 0, 0,
    0, 0, 0, 0, 0, 0, 0, 0,
    -13, -28, -28, -5, 0, 0, 0, -21,
    0, 3, -2, 0, 0, -15, 0, 0,
    0, 0, 0, 0, 0, 0, 0, 0,
    0, 0, -18, 0, -16, 0, 0, 0,
    0, -2, -10, 0, 0, 0, 0, 0,
    0, 0, 0, 0, 0, 0, 0, 0,
    -18, -18, -18, -18, -16, -16, 0, 0,
    0, 0, -16, -16, -16, -18, -18, -16,
    0, 0, 0, -16, -16, -10, -10, 0,
    0, 0, 0, 0, 0, 0, 0, 0,
    0, 0, 0, 0, 0, 0, 0, 0,
    0, 0, 0, -16, 0, 0, 0, 0,
    0, -18, -16, -17, -21, -14, -17, 0,
    0, -24, 0, 0, -11, 0, 0, 0,
    0, 0, 0, -1, 0, 0, -18, 0,
    0, -18, 0, -7, 0, 0, -22, -5,
    -22, -19, -3, -26, 0, -13, 0, 0,
    0, -2, -2, -6, 0, 0, 0, 0,
    -9, -1, -13, 0, -12, 0, 0, 0,
    -9, -15, -19, 0, 0, 0, 0, 0,
    0, -2, -2, 0, 0, 0, 0, -2,
    -2, -2, 0, 0, -2, 0, 0, 0,
    -2, -2, 0, 0, -19, -6, 0, 0,
    -1, -11, 0, -5, -9, -21, -3, 0,
    0, 0, 0, 0, 0, 0, 0, 0,
    -2, 0, 0, -18, -14, -22, 0, 0,
    0, 0, 0, 0, 0, 0, 0, 0,
    0, 0, 0, 0, -15, 0, 0, 0,
    0, 0, 0, 0, 0, 0, 0, -1,
    -1, 0, 0, -2, 0, -3, -4, -6,
    -7, 0, 0, 0, 0, 0, 0, 0,
    0, 0, 0, 0, 0, 0, 0, 0,
    0, 0, 0, 0, 0, 0, 0, 0,
    0, -3, 0, 0, 0, 0, 0, 0,
    0, 0, 0, 0, 0, 0, 0, 0,
    0, 0, 0, 0, 0, 0, 0, 0,
    0, 0, 0, 0, 0, 1, -6, 0,
    -8, 0, -1, -1, 0, 0, 0, 0,
    0, -2, 0, 0, 0, 0, 0, 0,
    0, 0, 0, 0, 0, 0, 0, 0,
    0, 0, 0, -2, 0, 0, 0, 0,
    0, -19, 0, 0, 0, -4, 0, 0,
    0, 0, 0, 0, -7, 2, -1, 0,
    -4, 0, -7, -6, -14, -13, -4, 0,
    0, -2, 0, 2, 0, 0, 0, 0,
    0, 0, 0, 0, 1, 0, 1, 0,
    0, 0, 0, 0, 0, 0, -13, -2,
    -2, -2, -2, 2, 2, 0, 0, 0,
    0, 2, 2, 2, -2, -2, 2, 0,
    0, 0, 2, 2, 0, 0, -2, 0,
    0, -2, -4, -9, -6, -17, 3, -1,
    -2, 0, -6, 0, 0, -4, 0, 0,
    0, 0, 2, 0, 0, 0, 0, 0,
    0, 0, 0, 0, 0, 0, 0, 0,
    0, 0, 0, 0, 0, 0, 0, 0,
    0, 0, -1, 0, 0, 0, 0, 0,
    0, 0, -5, 0, -1, 1, 0, 0,
    0, 0, 0, 0, 0, 0, 0, 0,
    -2, 0, 0, 0, 0, 0, 0, 0,
    0, -2, 0, -2, 0, 0, 0, 0,
    0, 0, 0, 0, 0, 0, 0, 0,
    -2, -2, 0, 0, 0, 0, -2, -2,
    -2, 0, 0, -2, 0, 0, 0, -2,
    -2, 0, 0, 0, 0, 0, 0, 0,
    0, 0, 0, -6, 0, 0, 0, 0,
    0, 0, 0, 0, 0, 0, 0, -2,
    0, 0, 0, 0, 0, 0, 0, 0,
    0, 0, 0, 0, 0, 0, 0, 0,
    0, -5, -9, -26, 0, 0, 0, 0,
    0, 0, 0, 0, 0, 0, -23, -6,
    -26, -2, 0, 0, 0, 0, 0, 0,
    0, 0, 0, -19, 0, -11, 0, 0,
    0, 0, -6, -7, -3, -5, -3, 0,
    -3, 0, 0, 0, 0, 0, 0, 0,
    0, -19, -19, -19, -19, -11, -11, 0,
    0, 0, 0, -11, -11, -11, -19, -19,
    -11, 0, 0, 0, -11, -11, -7, -7,
    0, 0, 0, 0, 0, 0, 0, 0,
    0, 0, 0, 0, 0, 0, 0, 0,
    0, 0, 0, 0, -11, 0, 0, 0,
    0, 0, -14, -11, -14, -26, -11, -14,
    0, 0, 0, 0, 0, 0, 0, 0,
    0, 0, 0, 0, 0, 0, 0, 0,
    0, 0, 0, 0, 0, 0, 0, 0,
    0, -9, -8, 0, -14, 0, 0, 0,
    0, 0, 0, 0, 0, 0, 0, 0,
    0, 0, 0, 0, 0, 0, 0, 0,
    0, 0, 0, 0, 0, 0, 0, 0,
    0, 0, 0, 0, 0, 0, 0, 0,
    0, 0, 0, 0, 0, 0, 0, 0,
    0, 0, 0, 0, 0, 0, 0, 0,
    0, 0, 0, 0, 0, 0, 0, 0,
    0, 0, 0, 0, 0, 0, 0, 0,
    0, 0, 0, 0, 0, 0, 0, 0,
    0, 0, 0, 0, 0, 0, 0, 0,
    0, 0, 0, 0, 0, 0, 0, 0,
    0, 0, 0, 0, 0, 0, 0, 0,
    0, 0, 0, 0, 0, 0, 0, 0,
    0, 0, 0, 0, 0, 0, 0, 0,
    0, 0, 0, 0, 0, 0, 0, 0,
    0, 0, 0, 0, 0, 0, 0, 0,
    0, 0, 0, 0, 0, 0, 0, 0,
    0, 4, 0, 6, 18, 0, 0, 0,
    0, 0, 0, 0, 13, 15, 0, 0,
    0, 0, 0, 0, 6, 0, 0, 0,
    0, 0, 0, 0, 0, 0, 0, 0,
    0, 0, 0, 0, 0, 0, 0, 0,
    0, 0, 0, 0, 0, 0, 0, 0,
    0, 0, 0, 0, 0, 0, 0, 0,
    0, 0, 0, 0, 0, 0, 0, 0,
    0, 0, 0, 0, 0, -5, 0, 0,
    0, 0, 0, 0, 0, 0, 0, 0,
    0, 0, 0, 0, 0, 0, 0, 0,
    0, 0, 0, 0, 0, 0, 0, 0,
    0, 0, 0, 0, 0, 0, 0, 0,
    0, 0, 0, 0, 0, 0, 0, 0,
    0, 0, 0, 0, 0, 0, 0, 0,
    0, 0, 0, 0, 0, 0, 0, 0,
    0, 0, 0, 0, 0, 0, 0, 0,
    0, 0, 0, 0, 0, 0, 0, 0,
    0, 0, 0, 0, 0, 0, 0, 0,
    0, 0, 0, 0, 0, 0, 0, 0,
    0, -15, 0, 0, 0, -11, 0, 0,
    -17, 0, 0, -6, 0, -8, 0, 0,
    -10, 0, -5, -17, -9, 0, -6, -6,
    0, 0, 0, -10, 0, 0, 0, -2,
    0, -10, 0, -8, 0, 0, 0, -2,
    -11, -3, -15, 0, -12, 0, 0, 0,
    0, 0, 0, 0, 0, -2, -2, -2,
    -2, -10, -10, 0, 0, 0, 0, -10,
    -10, -10, -2, -2, -10, 0, 0, 0,
    -10, -10, -2, -2, 0, 0, 0, 0,
    0, -9, 0, 0, -20, -6, 0, -11,
    0, 0, -2, 0, -12, 0, -18, -4,
    -10, 0, 0, 0, 0, 0, 0, 0,
    0, 0, 0, 0, 0, 0, -38, 0,
    0, -17, 0, 0, 0, 0, 0, 0,
    0, 0, 0, -26, 0, 0, -28, 0,
    -4, 0, 0, -30, 0, -22, -19, 0,
    -29, 0, -18, 0, 3, 0, 0, 0,
    -2, 0, 0, 0, 0, -11, 0, -10,
    0, -9, 0, 0, 0, -33, -33, -33,
    0, 0, 3, 3, 3, 3, 0, 0,
    0, 0, 0, 0, 0, 0, 0, 3,
    3, 0, 0, 0, 0, 0, 0, 0,
    0, -23, -5, 0, -30, 0, 0, 0,
    0, 0, 0, 0, 0, 0, 0, 0,
    0, 0, 0, 0, 0, 0, 0, 0,
    -33, -33, -33, 0, 0, 0, 0, 0,
    0, 0, 0, 0, -6, 0, 0, 0,
    -10, -23, 0, 0, 0, -2, 0, 0,
    0, 0, 0, 0, -17, 2, -32, 0,
    0, 0, 0, 0, -8, -4, -2, 0,
    0, -10, 0, -4, 0, 0, 0, 0,
    0, -2, 0, 0, 0, 0, 0, 0,
    0, 0, 0, 0, 0, 0, -32, -10,
    -10, -10, -10, -4, -4, 0, 0, 0,
    0, -4, -4, -4, -10, -10, -4, 0,
    0, 0, -4, -4, -2, -2, 0, 0,
    0, 0, -20, -4, -22, -14, 0, 0,
    0, 0, -14, 0, 0, -14, 4, 0,
    0, -3, -4, 0, 0, 0, 0, 0,
    -16, -16, -16, -27, -9, -16, 0, 0,
    0, -1, 0, 0, 0, 0, 0, 0,
    0, 0, 0, 0, 0, 0, 0, 0,
    0, 0, -2, 0, 0, -2, 0, -3,
    -3, 0, -6, 0, 0, 0, -2, 0,
    -6, -5, 0, 0, 0, 0, 0, 0,
    -2, 0, 0, 0, 0, 0, 0, 0,
    0, 0, 0, 0, -2, -2, -2, -2,
    -6, -6, 0, 0, 0, 0, -6, -6,
    -6, -2, -2, -6, 0, 0, 0, -6,
    -6, 0, 0, 0, 0, 0, 0, 0,
    0, 0, 0, 0, 0, 0, 0, 0,
    0, 0, 0, 0, 0, 0, 0, -6,
    0, 0, 0, 0, 0, 0, 0, 0,
    0, 0, 0, 0, 0, 0, 0, 0,
    0, 0, 0, 0, 0, 0, 0, 0,
    0, 0, -6, 0, 0, 0, 0, 0,
    0, 0, -5, 0, -7, -7, -7, -9,
    0, 0, 0, 0, 0, 2, 0, 0,
    0, 0, 0, 0, 0, 0, -2, -5,
    -2, 0, 0, 0, 0, 0, 0, 0,
    -4, 0, 0, 0, 0, 2, 2, 0,
    0, 0, 0, 2, 2, 2, 0, 0,
    2, 0, 0, 0, 2, 2, 0, 0,
    0, 0, 0, 0, 0, 0, 0, 0,
    0, 0, 0, 0, 0, 0, 0, 0,
    0, 0, 0, 0, 2, 0, 0, 0,
    0, 0, 0, 0, 0, 0, 0, 0,
    0, 0, 0, -9, 0, 0, -18, -19,
    -29, 0, 0, 0, -3, -15, 0, 0,
    0, 0, 0, -22, -4, -32, 0, 3,
    0, 0, 0, 0, 0, 0, 0, 0,
    -25, 0, -24, -17, -2, -19, 0, -12,
    -21, -4, -12, -12, -13, -12, -12, 0,
    -20, 0, 0, 0, -13, -33, -20, -19,
    -16, -17, -19, -17, 13, -8, 12, 21,
    -19, -14, -15, -16, -16, -14, 0, 24,
    24, -15, -19, -10, -12, 3, 0, 12,
    0, -21, 0, -23, -6, -9, 2, -1,
    -4, -24, -13, -19, -24, -7, -19, -10,
    -21, -24, -3, 0, 0, 0, 0, -25,
    -25, -25, -25, -25, -25, 0, 0, 0,
    0, 0, 0, 0, 0, 0, 0, 0,
    0, 0, 0, 0, 0, 0, 0, 0,
    -5, 0, 0, 0, 0, 0, 0, 0,
    0, 0, 0, 0, 0, -2, 0, 0,
    0, 0, 0, 0, 0, 0, 0, 0,
    0, 0, 0, 0, 0, 0, 0, 0,
    0, 0, 0, -2, -2, -2, -2, 0,
    0, 0, 0, 0, 0, 0, 0, 0,
    -2, -2, 0, 0, 0, 0, 0, 0,
    0, 0, 0, 0, 0, 0, 0, 0,
    0, 0, 0, 0, 0, 0, 0, 0,
    0, 0, 0, 0, 0, 0, 0, 0,
    0, 0, 0, 0, 0, 0, 0, 0,
    0, 0, 0, 0, 0, -10, 0, 0,
    -11, -7, -24, -8, 0, 0, 0, -14,
    0, 0, 0, -4, 0, -22, -7, -22,
    -4, 0, 0, 0, 0, 0, 0, 0,
    0, 0, -20, 0, -16, -13, -6, -11,
    0, -7, -12, -6, -7, -5, 0, -5,
    -6, 0, -18, 0, 0, 0, -12, -27,
    -20, -20, -20, -20, -16, -16, 13, -7,
    11, 20, -16, -16, -16, -20, -20, -16,
    0, 22, 21, -16, -16, -12, -12, 0,
    0, 11, 0, 0, 0, 0, 0, 0,
    0, 0, 0, 0, 0, 0, 0, 0,
    0, 0, 0, -16, -6, 0, 0, 0,
    0, -15, -15, -15, -19, -12, -15, 0,
    0, 0, -11, 0, 0, -9, -5, -22,
    0, 0, 0, 0, 0, 0, 0, 0,
    0, 0, -19, -6, -19, -3, 0, 0,
    0, 0, 0, 0, 0, 0, 0, -17,
    0, -12, -11, 0, -10, 0, -6, -10,
    -5, -6, 0, 0, -7, 0, 0, -18,
    0, 0, 0, -12, -25, -17, -17, -17,
    -17, -12, -12, 13, -6, 11, 19, -12,
    -12, -12, -17, -17, -12, 0, 22, 22,
    -12, -12, -10, -10, 0, 0, 11, 0,
    0, 0, 0, 0, 0, 0, 0, 0,
    0, 0, 0, 0, 0, 0, 0, 0,
    -12, -6, 0, 0, 0, 0, -14, -13,
    -13, -15, -10, -14, 0, 0, 0, 0,
    0, 0, -8, 0, 0, -15, 0, 0,
    -6, 0, -6, 0, 0, -10, 0, -3,
    -14, 0, -5, 0, 0, 0, 0, 0,
    0, 0, 0, 0, 0, 0, -8, 0,
    0, 0, 0, 0, 0, -8, -3, -8,
    0, -8, 0, 0, 0, 0, 0, 0,
    0, 0, 0, 0, 0, 0, -8, -8,
    0, 0, 0, 0, -8, -8, -8, 0,
    0, -8, 0, 0, 0, -8, -8, 0,
    0, 0, 0, 0, 0, -2, -5, 0,
    0, -17, 0, 0, -8, 0, 0, -4,
    0, -11, -4, -13, 0, -8, 0, 0,
    0, 0, 0, 0, 0, 0, 0, 0,
    0, 0, 0, 0, -16, 0, 0, -13,
    -15, -32, 0, 0, 0, 0, -25, 0,
    0, 0, 0, 0, -26, -13, -34, -6,
    0, 0, 0, 0, 0, 0, 0, 0,
    0, -30, 0, -26, -22, -8, -22, 0,
    -14, -22, -8, -13, -13, 0, -12, -12,
    0, -24, 0, 0, 0, -17, -37, -30,
    -30, -20, -19, -26, -17, 11, -10, 13,
    16, -26, -17, -17, -18, -19, -26, 0,
    22, 23, -14, -26, -22, -22, 0, 0,
    11, 0, 0, 0, 0, 0, 0, 0,
    0, 0, 0, 0, 0, 0, 0, 0,
    0, 0, -26, -9, 0, 0, 0, 0,
    -26, -26, -26, -26, -26, -26, 0, 0,
    0, 0, 0, 0, 0, 0, 0, 0,
    0, 0, 0, 0, 0, 0, 0, 0,
    0, 0, -4, 0, 0, 0, 0, 0,
    0, 0, 0, 0, 0, 0, 0, 0,
    0, 0, 0, 0, 0, 0, 0, 0,
    0, 0, 0, 0, 0, 0, 0, 0,
    0, 0, 0, 0, 0, 0, 0, 0,
    0, 0, 0, 0, 0, 0, 0, 0,
    0, 0, 0, 0, 0, 0, 0, 0,
    0, 0, 0, 0, 0, 0, 0, 0,
    0, 0, 0, 0, 0, 0, 0, 0,
    0, 0, 0, 0, 0, 0, 0, 0,
    0, 0, 0, 0, 0, 0, 0, 0,
    0, 0, 0, 0, 0, 0, 0, 0,
    0, 0, 0, 0, 0, 0, 0, 0,
    0, 0, 0, 0, 0, 0, 0, 0,
    0, 0, 0, 0, 0, 0, 0, 0,
    0, 0, 0, 0, 0, 0, 0, 0,
    0, 23, 0, 0, 0, 0, 0, 0,
    0, 0, 0, 0, 0, 0, 0, 0,
    0, 0, 0, 0, 0, 0, 0, 15,
    0, 19, 23, 0, 0, 0, 0, 0,
    0, 0, 24, 25, 0, 0, 0, 0,
    0, 0, 13, 0, 0, 0, 0, 0,
    0, 0, 0, 0, 0, 0, 0, 0,
    0, 0, 0, 0, 0, 0, 0, 0,
    0, 0, 0, 0, 0, 0, 0, 0,
    0, 0, 0, 0, 0, 0, 0, 0,
    0, 0, 0, 0, 0, 0, 0, 0,
    0, 0, 0, 0, -19, 0, 0, -29,
    0, -24, 0, 0, -32, 0, 0, 0,
    0, 0, 0, 0, 0, 0, 0, 0,
    0, 0, 0, 0, 0, 0, 0, 0,
    0, 0, 0, 0, 0, 0, 0, 0,
    0, 0, 0, 0, 0, 0, 0, 0,
    0, 0, 0, 0, 0, 0, 0, 0,
    0, 0, 0, 0, 0, -26, 0, 0,
    0, 0, 0, 0, 0, 0, 0, 0,
    0, 0, 0, 0, 0, 0, 0, 0,
    0, 0, 0, 0, 0, 0, 0, 0,
    0, 0, 0, 0, 0, 0, 0, 0,
    0, 0, 0, 0, 0, 0, 0, 0,
    0, 0, 0, 0, -11, 0, 0, -6,
    0, 0, 0, 0, 0, 0, 0, 0,
    0, 0, 0, 0, 0, 0, 0, 0,
    0, 0, 0, 0, 0, 0, -2, 0,
    -4, 0, -4, 0, 0, 0, 0, 0,
    0, 0, 0, 0, 0, 0, 0, 0,
    0, 0, 0, 0, 0, 0, 0, 0,
    0, 0, 0, 0, 0, 0, 0, 0,
    0, 0, 0, 0, 0, 0, 0, 0,
    0, 0, 0, 0, 0, 0, 0, 0,
    0, 0, -1, 0, 0, 0, 0, 0,
    0, 0, 0, 0, 0, 0, 0, 0,
    0, 0, 0, 0, 0, 0, 0, 0,
    0, 0, 0, 0, 0, 0, 0, 0,
    0, 0, 0, 0, 0, 0, 0, 0,
    0, 0, 0, 0, 0, 0, 0, 0,
    0, 0, 0, 0, 2, 3, 0, 0,
    0, 0, 0, -3, 0, -4, -6, -4,
    0, 0, 0, 0, 0, 0, 0, 0,
    0, 0, 0, 0, 2, 2, 0, 0,
    0, 0, 2, 2, 2, 0, 0, 2,
    0, 0, 0, 2, 2, 0, 0, 0,
    0, 0, 0, 0, 0, 0, 0, 0,
    0, 0, 0, -1, -6, -1, -2, -2,
    3, 0, -2, 2, 0, 0, 0, 0,
    0, 0, 0, 0, 0, 0, 0, 0,
    0, 0, 0, -5, 0, 0, 0, 0,
    0, 0, 0, 0, 0, 0, 0, 0,
    0, 0, 0, 0, 0, 0, 0, 0,
    0, 0, 0, 0, 0, 0, 0, 0,
    0, -2, 0, -2, 0, 0, 0, 0,
    -2, 0, -4, -7, -4, 0, 0, 0,
    0, 0, 0, 0, 0, 0, 0, 0,
    0, -2, -2, 0, 0, 0, 0, -2,
    -2, -2, 0, 0, -2, 0, 0, 0,
    -2, -2, 0, 0, 0, 0, 0, 0,
    0, 0, 0, 0, 0, 0, 0, 0,
    0, -7, 1, 0, -2, 0, -1, -2,
    -2, 0, 0, 0, 0, 0, 0, 0,
    0, 0, 0, 0, 0, 0, 0, 0,
    0, 0, 0, 0, 0, 0, 0, 0,
    0, 0, 0, 0, 0, 0, 0, 0,
    0, 0, 0, 0, 0, 0, 0, 0,
    0, 0, 0, 0, 0, 0, 0, 0,
    0, 0, 0, 0, 0, 0, 0, 0,
    0, 0, 0, 0, 0, 0, 0, 0,
    0, 0, 0, 0, 0, 0, 0, 0,
    0, 0, 0, 18, 0, 0, 0, 0,
    0, 0, 11, 0, 0, 0, 0, 0,
    0, 0, 0, 0, 0, 0, 0, 0,
    0, 0, 0, 0, 0, 0, 0, 0,
    0, 0, 0, 0, 0, 0, 0, 0,
    0, 0, 0, 0, 0, 0, 0, 0,
    0, 0, 0, -2, 0, -9, 0, 0,
    0, 0, 0, 0, 0, 0, 0, 0,
    0, 0, 0, -7, 0, 0, 0, 0,
    0, 0, 0, 0, 0, 0, 0, 0,
    0, 0, 0, 2, 2, -3, 1, 0,
    0, 0, -4, 0, -5, -9, -6, -2,
    0, 0, 0, 0, 0, 0, 0, 0,
    0, 0, 0, 2, 2, 0, 0, 0,
    0, 2, 2, 2, 0, 0, 2, 0,
    0, 0, 2, 2, 0, 0, 0, 0,
    0, -4, 0, 0, 0, 0, 0, 0,
    0, 1, -3, -11, -2, -1, -4, 2,
    -2, -2, 2, 0, 0, 0, 0, 0,
    0, 0, 0, 0, 0, 0, 0, 0,
    0, 0, 0, 0, 0, -11, -14, 0,
    0, 0, 0, 0, 0, 0, 0, 0,
    0, 0, 0, 0, 0, 0, 0, 0,
    0, 0, 0, 0, 0, 0, -8, 0,
    -4, 0, 2, 0, 0, 0, -3, 2,
    0, 0, 0, 0, 0, 0, 0, 0,
    0, 0, 0, 0, -8, -8, -8, -8,
    -4, -4, 0, 0, 0, 0, -4, -4,
    -4, -8, -8, -4, 0, 0, 0, -4,
    -4, -3, -3, 0, 0, 0, 0, 0,
    0, 0, 0, 0, 0, 0, 0, 0,
    0, 0, 0, 0, 0, 0, 0, -4,
    0, 0, 0, 0, 0, 0, 0, 0,
    0, 0, 0, 0, 0, 0, 0, 0,
    0, 0, 2, 0, 0, 0, 0, 0,
    0, 0, 0, 0, 0, 0, 0, 0,
    0, 0, 0, 0, 0, 0, 0, 0,
    0, 0, 0, -5, 0, -10, -6, 0,
    4, 15, 0, 0, 0, 0, 0, 0,
    2, 0, 0, 0, 0, 0, 0, 0,
    0, -5, -5, -5, -5, -10, -10, 0,
    0, 0, 0, -10, -10, -10, -5, -5,
    -10, 0, 0, 0, -10, -10, 0, 0,
    0, 0, 0, 0, 0, 0, 0, 0,
    0, 0, 0, 0, 0, 0, 0, 0,
    0, 0, 0, 0, -10, 0, 0, 0,
    0, 0, 0, 0, 0, 0, 0, 0,
    0, 0, 0, 0, 0, 0, 0, 0,
    0, 0, 0, 0, 0, 0, 0, 0,
    0, 0, -2, 0, 0, 0, 0, 0,
    0, 0, 0, 0, 0, 0, 0, 0,
    0, 0, 0, 0, -2, 0, 0, 0,
    0, -2, 0, -3, 0, -3, 0, 0,
    0, 0, 0, 0, 0, 0, 0, 0,
    0, 0, 0, 0, 0, 0, 0, 0,
    0, 0, 0, 0, 0, 0, 0, 0,
    0, 0, 0, 0, 0, 0, 0, 0,
    0, 0, 0, 0, 0, 0, 0, 0,
    0, 0, 0, 0, 0, 0, 0, 0,
    0, 0, 0, 0, 0, 0, 0, 0,
    0, 0, 0, 0, 0, 0, 0, 0,
    0, 0, 0, -6, 0, 0, 0, 0,
    0, 0, 0, 0, 0, 0, 0, 0,
    0, 0, 0, 0, 0, 0, 0, 0,
    0, 0, 0, 0, 0, -2, 0, -11,
    -7, 0, -2, 0, 0, -4, 0, 0,
    0, 0, -6, 0, 0, 0, 0, 0,
    0, 0, 0, -2, -2, -2, -2, -11,
    -11, 0, 0, 0, 0, -11, -11, -11,
    -2, -2, -11, 0, 0, 0, -11, -11,
    -4, -4, 0, 0, 0, 0, 0, 0,
    0, 0, 0, 0, 0, -5, 0, 0,
    -5, 0, -7, -7, -4, 0, -11, 0,
    0, 0, 0, 0, 0, 0, 0, 0,
    0, 0, 0, 0, 0, 0, 0, 0,
    0, 0, 0, 0, 0, 0, 0, 0,
    0, 0, 0, 0, 0, 0, 0, 0,
    0, -13, 0, 0, 0, 0, 0, 0,
    0, 0, 0, 0, 0, 0, 0, 0,
    0, 0, 0, 0, 0, 0, 0, 0,
    0, 0, 0, 0, 0, 0, 0, 0,
    0, 0, 0, 0, 0, 0, 0, 0,
    0, 0, 0, 0, 0, 0, 0, 0,
    0, 0, 0, 0, 0, 0, 0, 0,
    0, 0, 0, 0, 0, 0, 0, 0,
    0, 0, 0, 0, 0, 0, 0, 0,
    0, 0, 0, 0, 0, 0, 0, 0,
    0, 0, 0, 0, 0, 0, 0, 0,
    0, 3, 0, 0, 0, -1, -4, -13,
    0, 0, 0, 0, 0, 0, 0, 0,
    0, 0, 0, 0, 0, 0, 0, 0,
    0, 0, 0, 0, 0, 0, 0, -9,
    0, -1, -1, 1, -1, 0, 0, -1,
    1, 0, 2, 0, 1, 0, 0, 0,
    0, 0, 0, 0, 0, -9, -9, -9,
    -9, -1, -1, 0, 0, 0, 0, -1,
    -1, -1, -9, -9, -1, 0, 0, 0,
    -1, -1, -1, -1, 0, 0, 0, 0,
    0, 0, 0, 0, 0, 0, 0, 0,
    0, 0, 0, 0, 0, 0, 0, 0,
    -1, 0, 0, 0, 0, 0, 0, 0,
    0, 0, 0, 0, 0, 0, -9, 0,
    0, 0, 0, 0, 0, 0, 0, 0,
    0, 0, 0, 0, 0, 0, -7, 0,
    0, 0, 0, 0, 0, 0, 0, 0,
    0, 0, 0, 0, 0, 0, 0, 0,
    -2, 0, 0, 0, 0, -4, 0, -4,
    -6, -3, 0, 0, 0, 0, 0, 0,
    0, 0, 0, 0, 0, 0, 0, 0,
    0, 0, 0, 0, 0, 0, 0, 0,
    0, 0, 0, 0, 0, 0, 0, 0,
    0, 0, 0, 0, 0, 0, 0, 0,
    0, 0, 0, 0, 0, 0, 0, 0,
    0, 0, 0, 0, 0, 0, 0, 0,
    0, 0, 0, 0, 0, 0, 0, 0,
    0, 0, 0, 0, 0, 0, 0, 0,
    0, 0, 0, 0, 0, 0, 0, 0,
    0, 0, 0, 0, 0, 0, 0, 0,
    0, 0, 0, 0, 0, 0, 0, 0,
    0, 0, 0, -1, 0, 0, 0, 0,
    0, -1, 1, 0, 0, 0, 0, 1,
    0, 0, 0, 0, 0, 0, 0, 0,
    0, 0, 0, -1, -1, 0, 0, 0,
    0, -1, -1, -1, 0, 0, -1, 0,
    0, 0, -1, -1, -1, -1, 0, 0,
    0, 0, 0, 0, 0, 0, 0, 0,
    0, 0, 0, 0, 0, 0, 0, 0,
    0, 0, -1, 0, 0, 0, 0, 0,
    0, 0, 0, 0, 0, 0, 0, 0,
    0, 0, 0, 0, 0, -7, -13, 0,
    0, 0, 0, 0, 0, 0, 0, 0,
    0, 0, 0, 0, 0, 0, 0, 0,
    0, 0, 0, 0, 0, 0, -11, 0,
    -5, -4, 0, -3, 0, 0, -2, 0,
    0, -3, -3, -3, 0, 0, 0, 0,
    0, 0, 0, 0, -11, -11, -11, -11,
    -5, -5, 0, 0, 0, 0, -5, -5,
    -5, -11, -11, -5, 0, 0, 0, -5,
    -5, -2, -2, 0, 0, 0, 0, 0,
    0, 0, 0, 0, 0, 0, 0, -13,
    -5, -4, -14, 0, -4, 0, -6, -5,
    0, 0, 0, 0, 0, -9, -9, -9,
    -15, -5, -9, 0, 0, 0, 0, 0,
    0, -5, 0, 0, 0, 0, 0, 0,
    0, 0, 0, 0, 0, 0, 0, 0,
    0, 0, 0, 0, 0, 0, 0, 0,
    0, 0, 0, -3, 0, -9, 0, 0,
    0, 0, 0, -3, -3, 0, -3, 0,
    -3, 0, 0, 0, 0, 0, 0, 0,
    0, -3, -3, -3, -3, -9, -9, 0,
    0, 0, 0, -9, -9, -9, -3, -3,
    -9, 0, 0, 0, -9, -9, -3, -3,
    0, 0, 0, 0, 0, 0, 0, 0,
    0, 0, 0, -3, 0, 0, -6, 0,
    -3, -6, -3, 0, -9, 0, 0, 0,
    0, 0, 0, 0, 0, 0, 0, 0,
    0, 0, 0, 0, 0, 0, 0, 0,
    0, 0, 0, 0, 0, 0, 0, 0,
    0, 0, 0, 0, 0, 0, 0, 0,
    0, 0, 0, 0, 0, 0, 0, 0,
    0, 0, -2, 0, 0, 0, 0, 0,
    0, 0, 0, 0, 0, 0, 2, 0,
    0, 0, 0, 0, 0, 0, 0, 0,
    0, 0, -2, -2, 0, 0, 0, 0,
    -2, -2, -2, 0, 0, -2, 0, 0,
    0, -2, -2, 0, 0, 0, 0, 0,
    0, 0, 0, 0, 0, 0, 0, 0,
    0, 0, 0, 0, 0, 0, 0, 0,
    0, -2, 0, 0, 0, 0, 0, 0,
    0, 0, 0, 0, 0, 0, 0, 0,
    0, 0, 0, 0, 0, 0, 0, 0,
    0, 0, 0, 0, 0, 0, 0, 0,
    0, 0, 0, 0, -13, 0, -12, -12,
    0, -17, 0, 0, 0, 0, 0, 0,
    0, 0, 0, 0, 0, 0, 0, 0,
    0, 0, 0, 0, 0, 0, 0, 0,
    0, 0, 0, 0, 0, 0, 0, 0,
    0, 0, 0, 0, 0, 0, 0, 0,
    0, 0, 0, 0, 0, 0, 0, 0,
    0, 0, 0, 0, 0, 0, 0, 0,
    0, 0, 0, 0, 0, 0, 0, 0,
    0, 0, 0, 0, 0, 0, 0, 0,
    0, 0, 0, 0, 0, 0, 0, 0,
    0, 0, 0, 0, 0, 0, 0, 0,
    0, 0, 0, 0, 0, 0, 0, 0,
    0, 0, 0, 0, 0, -7, 0, 0,
    0, 0, 0, 0, 0, 0, 0, 0,
    0, 0, 0, 0, 0, 0, 0, 0,
    0, 0, 0, 0, 0, 0, 0, 0,
    0, 0, 0, 0, 0, 0, 0, 0,
    0, 0, 0, 0, 0, 0, 0, 0,
    0, 0, 0, 0, 0, 0, 0, 0,
    0, 0, 0, 0, 0, 0, 0, 0,
    0, 0, 0, 0, 0, 0, 0, 0,
    0, 0, 0, 0, 0, 0, 0, 0,
    0, 0, 0, 0, 0, 9, 0, 0,
    0, 0, 0, 0, 0, 0, 0, 0,
    0, 0, 0, 0, 0, 0, 0, 0,
    0, 0, 0, 0, 0, 0, 0, 0,
    0, 0, -15, 0, 0, 0, 0, 0,
    0, 0, 0, 0, 0, 0, 0, 0,
    0, 0, 0, 0, 0, 0, 0, 0,
    0, 0, 0, 0, 0, 0, 0, 0,
    0, 0, 0, 0, 0, 0, 0, 0,
    0, 0, 0, 0, 0, 0, 0, 0,
    0, 0, 0, 0, 0, 0, 0, 0,
    0, 0, 0, 0, 0, 0, 0, 0,
    0, 0, 0, 0, 0, 0, 0, 0,
    0, 0, 0, 0, 0, 0, 0, 0,
    0, 0, 0, 0, 0, 0, 0, 0,
    0, 0, 0, 0, 0, 0, 0, 0,
    0, 0, 0, 0, 0, 0, 0, 0,
    0, 0, 0, 0, 0, 0, 0, 0,
    0, 0, 0, -20, 0, -18, -18, 0,
    -24, 0, 0, 0, 0, 0, 0, 0,
    0, 0, 0, 0, 0, 0, 0, 0,
    0, 0, 0, 0, 0, 0, 0, 0,
    0, 0, 0, 0, 0, 0, 0, 0,
    0, 0, 0, 0, 0, 0, 0, 0,
    0, 0, 0, 0, 0, 0, 0, 0,
    0, 0, 0, 0, 0, 0, 0, 0,
    0, 0, 0, 0, 0, 0, 0, 0,
    0, 0, 0, 0, 0, 0, 0, 0,
    0, 0, 0, 0, 0, 0, 0, 0,
    0, 0, 0, 0, 0, 0, 0, 0,
    0, 0, 0, 0, 0, 0, 0, 0,
    0, 0, 0, 0, 0, -10, 0, 0,
    -25, 0, -21, 0, 0, -24, 0, 0,
    0, 0, 0, 0, 0, 0, 0, 0,
    0, 0, 0, 0, 0, 0, 0, 0,
    0, 0, 0, 0, 0, 0, 0, 0,
    0, 0, 0, 0, 0, 0, 0, 0,
    0, 0, 0, 0, 0, 0, 0, 0,
    0, 0, 0, 0, 0, 0, 0, 0,
    0, 0, 0, 0, 0, 0, 0, 0,
    0, 0, 0, 0, 0, 0, 0, 0,
    0, 0, 0, 0, 0, 0, 0, 0,
    0, 0, 0, 0, 0, 0, 0, 0,
    0, 0, 0, 0, 0, 0, 0, 0,
    0, 0, 0, 0, 0, 0, 0, 0,
    0, -10, 3, -4, 0, -10, 0, -10,
    -7, -19, -18, -7, 0, 0, -3, 0,
    3, 0, 0, 0, 0, 0, 0, 0,
    0, 0, 0, 0, 0, 0, 0, 0,
    0, 0, 0, 0, -3, -3, -3, -3,
    3, 3, 0, 0, 0, 0, 3, 3,
    3, -3, -3, 3, 0, 0, 0, 3,
    3, 0, 0, 0, 0, 0, 0, 0,
    0, 0, 0, 0, 0, 0, 0, 0,
    0, 0, 0, 0, 0, 0, 0, 3,
    0, 0, 0, 0, 0, 0, 0, 0,
    0, 0, 0, 0, 0, 0, 0, 0,
    0, 0, 0, 0, 0, 0, 0, 0,
    0, 0, 0, 0, 0, 0, 0, 0,
    0, 0, 0, 0, 0, 0, 0, 0,
    0, 0, 0, 0, 0, 0, 0, -4,
    0, 0, 0, 0, -4, 0, -3, 0,
    -3, 0, 0, 0, 0, 0, 0, 0,
    0, 0, 0, 0, 0, 0, 0, 0,
    0, 0, 0, 0, 0, 0, 0, 0,
    0, 0, 0, 0, 0, 0, 0, 0,
    0, 0, 0, 0, 0, 0, 0, 0,
    0, 0, 0, 0, 0, 0, 0, 0,
    0, 0, 0, 0, 0, 0, 0, 0,
    0, 0, 0, 0, 0, 0, 0, 0,
    0, 0, 0, 0, 0, 0, 0, 0,
    0, 0, 0, 0, 0, 0, 0, 0,
    0, 0, 0, 0, 0, 0, 0, 0,
    0, 0, 0, 0, 0, 0, 0, 0,
    0, 0, 0, 0, 0, 0, 0, 0,
    0, 0, 0, 0, 0, 0, 0, 0,
    0, 0, 0, 0, 0, 0, 0, 0,
    0, 0, 0, 0, 0, 0, 0, 0,
    0, 0, 0, 0, 0, 0, 0, 0,
    0, 0, 0, 0, 0, 0, 0, 0,
    0, 0, 0, 0, 0, 0, 0, 0,
    0, 0, -9, 0, 0, -3, 0, 0,
    0, 0, 0, 0, 0, 0, 0, 0,
    0, 0, 0, 0, 0, 0, 0, -4,
    0, 0, 0, 0, 0, 0, 0, 0,
    0, 0, 0, 0, 0, 0, 0, 0,
    0, 0, 0, 0, 0, 0, 0, 0,
    0, 0, 0, 0, 0, 0, 0, 0,
    0, 0, 0, 0, 0, 0, 0, 0,
    0, 0, 0, 0, 0, 0, 0, 0,
    0, 0, 0, 0, 0, 0, 0, 0,
    0, 0, 0, 0, 0, 0, 0, 0,
    0, 0, 0, 0, 0, 0, 0, 0,
    0, 0, 0, 0, 0, 0, 0, 0,
    0, 0, 0, 0, 0, 0, 0, 0,
    0, 0, 0, 0, 0, 0, 0, 0,
    0, 0, 0, 0, 0, 0, 0, 0,
    0, 0, 0, 0, 4, 0, 17, 0,
    0, 0, 0, 0, 0, 0, 0, 0,
    0, 0, 0, 0, 0, 0, 0, 0,
    0, 0, 0, 0, 0, 0, 0, 0,
    0, 11, 0, 0, 0, 0, 0, 0,
    0, 0, 0, 0, 0, 0, 0, 0,
    0, 0, 0, 0, 0, 0, 0, 0,
    0, 0, 0, 0, 0, 0, 0, 0,
    0, 0, 0, 0, 0, 0, 0, 0,
    0, 0, 0, 0, 0, 0, 0, 0,
    0, 0, 8, 0, 0, 0, 0, 0,
    0, 0, 0, 0, 0, 0, 0, 0,
    0, 0, 0, 0, 0, 0, 0, 0,
    0, 0, 0, 0, 0, 0, 0, 0,
    0, 8, 0, 11, 0, 0, 0, 0,
    0, 0, 0, 0, 0, 0, 0, 0,
    0, 0, 0, 0, 0, 0, 0, 0,
    0, 0, 0, 0, 0, 0, 19, 0,
    0, 0, 0, 0, 0, 0, 0, 0,
    0, 0, 0, 0, 0, 0, 19, 0,
    0, 0, 0, 0, 0, 0, 0, 0,
    0, 0, 0, 0, 0, 0, 0, 0,
    0, 0, 0, 0, 0, 0, 0, 0,
    0, 0, 0, 0, 0, 0, 0, 15,
    0, 0, 0, 0, 0, 0, 0, 0,
    0, 0, 0, 0, 0, 0, 0, 0,
    0, 0, 0, 0, 0, 0, 0, 0,
    0, 0, 0, 0, 0, 0, 10, 0,
    17, 0, 0, 0, 0, 0, 0, 0,
    0, 0, 0, 0, 0, 0, 0, 0,
    0, 0, 0, 0, 0, 0, 0, 0,
    0, 0, 0, 23, 0, 18, 0, 0,
    0, 0, 0, 0, 0, 0, 0, 0,
    0, 0, 0, 23, 0, 0, 0, 0,
    0, 0, 0, 0, 0, 0, 0, 0,
    0, 0, 0, 0, 0, 0, 0, 0,
    0, 0, 0, 0, 0, 0, 0, 0,
    0, 0, 0, 0, 19, 0, 0, 0,
    0, 0, 0, 0, 0, 0, 0, 0,
    0, 0, 0, 0, 0, 0, 0, 0,
    0, 0, 0, 0, 0, 0, 0, 0,
    0, 0, 0, 0, 0, 0, 0, 0,
    0, 0, 0, 0, 0, 0, 0, 0,
    0, 0, 0, 0, -24, 0, 0, 0,
    0, 0, 0, 0, 0, 0, 0, 0,
    0, -11, 0, -11, 0, 0, 0, 0,
    -1, -5, 0, -1, 0, 0, 0, 0,
    0, 0, 0, 0, 0, 0, 0, -11,
    -11, -11, -11, -11, -11, 0, 0, 0,
    0, -11, -11, -11, -11, -11, -11, 0,
    0, 0, -11, -11, -5, -5, 0, 0,
    0, 0, 0, 0, 0, 0, 0, 0,
    0, 0, 0, 0, 0, 0, 0, 0,
    0, 0, -11, 0, 0, 0, 0, 0,
    0, 0, 0, 0, 0, 0, 0, 0,
    0, 0, 0, 0, 0, 0, 0, 0,
    0, 0, 0, 0, 0, 0, 0, 0,
    0, 0, 0, 0, 0, 0, 0, 0,
    0, 0, 0, 0, 0, 0, 0, 11,
    0, 0, 0, 0, 0, 0, 0, 0,
    0, 0, 0, 0, 0, 0, 0, 0,
    0, 0, 0, 0, 0, 0, 0, 0,
    0, 0, 0, 0, 0, 0, 0, 0,
    0, 0, 0, 0, 28, 0, 0, 0,
    0, 0, 0, 0, 0, 0, 0, 0,
    0, 0, 0, 0, 0, 0, 0, 0,
    0, 0, 0, 0, 0, 0, 0, 0,
    0, 0, 0, 0, 0, 0, 0, 0,
    0, 0, 0, 0, 0, 7, 0, 17,
    0, 0, 0, 0, 0, 0, 0, 0,
    0, 0, 0, 0, 0, 0, 0, 0,
    0, 0, 0, 0, 0, 0, 0, 0,
    0, 0, 24, 0, 0, 0, 0, 0,
    0, 0, 0, 0, 0, 0, 0, 0,
    0, 0, 24, 0, 0, 0, 0, 0,
    0, 0, 0, 0, 0, 0, 0, 0,
    0, 0, 0, 0, 0, 0, 0, 0,
    0, 0, 0, 0, 0, 0, 0, 0,
    0, 0, 0, 22, 0, 0, 0, 0,
    0, 0, 0, 0, 0, 0, 0, 0,
    0, 0, 0, 0, 0, 0, 0, 0,
    0, 0, 0, 0, 0, 0, 0, 0,
    0, 0, 11, 0, 17, 0, 0, 0,
    0, 0, 0, 0, 0, 0, 0, 0,
    0, 0, 0, 0, 0, 0, 0, 0,
    0, 0, 0, 0, 0, 0, 0, 25,
    0, 0, 0, 0, 0, 0, 0, 0,
    0, 0, 0, 0, 0, 0, 0, 25,
    0, 0, 0, 0, 0, 0, 0, 0,
    0, 0, 0, 0, 0, 0, 0, 0,
    0, 0, 0, 0, 0, 0, 0, 0,
    0, 0, 0, 0, 0, 0, 0, 0,
    22, 0, 0, 0, 0, 0, 0, 0,
    0, 0, 0, 0, 0, 0, 0, 0,
    0, 0, 0, 0, 0, 0, 0, 0,
    0, 0, 0, 0, 0, 0, 0, 0,
    0, 0, 0, 0, 0, 0, 0, 0,
    0, 0, 0, 0, 0, 0, 0, 0,
    0, 0, 0, 0, 0, 0, 0, 0,
    0, 5, 0, 0, 0, 0, 0, 0,
    0, 0, 0, 0, 0, 0, 0, 0,
    0, 0, 0, 0, 0, 0, 0, 0,
    0, 0, 0, 0, 0, 0, 0, 0,
    0, 0, 0, 0, 0, 0, 0, 0,
    0, 0, 0, 0, 0, 0, 0, 0,
    0, 0, 0, 0, 0, 0, 0, 0,
    0, 0, 0, 0, 0, 0, 0, 0,
    0, 0, 0, 0, 0, 0, 0, 0,
    0, 0, 0, 0, 0, 0, 0, 0,
    0, 0, 0, 0, 0, 0, 0, 0,
    0, 0, 0, 0, 0, 0, 0, 0,
    0, 0, 0, 0, 0, 0, 0, 0,
    0, 0, 0, 0, 0, 0, 0, 0,
    0, 0, 0, 18, 0, 0, 0, 0,
    0, 0, 0, 0, 0, 0, 0, 0,
    0, 0, 0, 0, 0, 0, 0, 0,
    0, 0, 0, 0, 0, 0, 0, 0,
    0, 0, 0, 0, 0, 0, 0, 0,
    20, 0, 0, 0, 0, 0, 0, 0,
    0, 0, 0, 0, 0, 0, 0, 0,
    0, 0, 0, 0, 0, 0, 0, 0,
    0, 0, 0, 0, 0, 0, 0, 0,
    0, 0, 0, 0, 0, 0, 0, 0,
    0, 0, 0, 0, 0, 0, 0, -26,
    0, 0, 0, 0, 0, 0, 0, 0,
    0, 0, -19, -2, 0, 0, 3, 0,
    0, 0, 0, 0, 0, 0, 0, 0,
    0, 0, 0, 0, 0, 0, 0, 0,
    0, 0, 0, 0, 0, 0, 0, 0,
    0, 0, 0, 0, 0, 0, 0, 0,
    0, 0, 0, 0, 0, 0, 0, 0,
    0, 0, 0, 0, 0, 0, 0, 0,
    0, 0, 0, 0, 3, 0, 0, 0,
    0, 0, 0, 0, 0, 0, 0, 0,
    0, 0, 0, 0, 0, 0, 0, 0,
    0, 0, 0, 0, 0, 0, 0, 0,
    0, 0, 0, 0, 0, 0, 0, 0,
    17, 0, 0, 0, 0, 0, 0, 0,
    0, 0, 0, 0, 0, 0, 0, 0,
    0, 0, 0, 0, 0, 0, 0, 0,
    0, 0, 0, 13, 0, 0, 0, 0,
    0, 0, 0, 0, 0, 0, 0, 0,
    0, 0, 0, 0, 0, 0, 0, 0,
    0, 0, 0, 0, 0, 0, 0, 0,
    0, 0, 0, 0, 0, 0, 0, 0,
    0, 0, 0, 0, 0, 0, 0, 0,
    0, 0, 0, 0, 12, 0, 0, 0,
    0, 0, 0, 0, 0, 0, 0, 0,
    0, 0, 0, 0, 0, 0, 0, 0,
    0, 0, 0, 0, 0, 0, 0, 0,
    0, 0, 0, 0, 0, 0, 0, 0,
    -14, 0, 0, 0, 0, 0, 0, 0,
    0, 0, 0, 0, -19, -2, 0, 0,
    0, 0, 0, 0, 0, 0, 0, 0,
    0, -9, 0, -4, 0, 0, 0, 0,
    -2, -5, 0, -2, 0, 0, 0, 0,
    0, 0, 0, 0, 0, 0, 0, -9,
    -9, -9, -9, -4, -4, 0, 0, 0,
    22, -4, -4, -4, -9, -9, -4, 0,
    0, 0, -4, -4, -5, -5, 0, 0,
    0, 0, 0, 0, 0, 0, 0, 0,
    0, 0, 0, 0, 0, 0, 0, 0,
    0, -7, -4, 0, 0, 0, 0, 0,
    0, 0, 0, 0, 0, 0, 0, 0,
    0, 0, 0, 0, 0, 0, 0, 0,
    0, 0, 0, 0, 0, 0, 0, 0,
    0, -2, 2, 0, 0, -24, 0, 0,
    0, 0, 0, 0, 0, 0, 0, 0,
    0, 0, 0, 0, 0, 0, 0, 0,
    0, 0, 0, -6, 0, 0, 0, 0,
    0, 0, 0, 0, 0, 0, 0, 0,
    0, 0, 0, 0, 0, 0, 0, 0,
    0, 0, 0, 0, 0, 0, 0, 0,
    0, 0, 0, 0, 0, 0, 0, 0,
    -13, 0, 0, 0, 0, 0, 0, 0,
    0, 0, 0, -4, 0, 0, 0, 0,
    0, 0, 0, 0, 0, 0, 0, 0,
    0, 0, 0, 0, 0, 0, 0, 0,
    0, 0, -24, -29, 0, 0, 0, -2,
    0, 0, 0, 0, 0, 0, -20, -4,
    -43, 0, 4, 0, 0, 0, 0, 0,
    0, 0, 0, -29, 0, -24, 0, 0,
    0, 0, -17, 0, 0, 0, 0, 0,
    -9, 0, 0, 0, 0, 0, 0, 0,
    0, -29, -29, -29, -29, -24, -24, 0,
    0, 0, 0, -24, -24, -24, -29, -29,
    -24, 0, 0, 0, -24, -24, 0, 0,
    0, 0, 0, 3, -20, 0, -24, -6,
    -9, 2, 0, -2, -26, -16, -22, -26,
    -7, 0, -12, -21, -16, 0, 0, 0,
    0, 0, 0, 0, 0, 0, 0, 0,
    0, 0, 0, 0, 0, 0, 0, 0,
    0, 0, 0, 0, 0, 0, 0, 0,
    0, 0, 0, 0, 0, 0, 0, 0,
    0, 0, 0, 0, 0, 0, 0, 0,
    0, 0, 0, 0, 0, 0, 0, 0,
    0, 0, 0, 0, 0, 0, 0, 0,
    0, 0, 0, 0, 0, 0, 0, 0,
    0, 0, 0, 0, 0, 0, 0, 19,
    0, 0, 0, 0, 0, 0, 0, 0,
    0, 0, 0, 0, 0, 0, 0, 0,
    0, 0, 0, 0, 0, 0, 0, 0,
    0, 0, 0, 0, 0, 0, 0, 0,
    0, 0, 0, 0, 0, 0, 0, 0,
    0, 0, 0, 0, 0, 0, 0, 0,
    0, 0, 0, 0, 0, 0, 0, 0,
    0, 2, 0, 0, 0, 0, 0, 0,
    -1, 0, 0, 0, -31, 0, 0, 0,
    -6, 0, 0, 0, 0, 0, 0, 0,
    0, 0, 0, 0, 0, 0, 0, 0,
    0, 0, 0, 0, 0, 0, 0, 0,
    0, 0, 0, 0, 0, 0, 0, 0,
    0, 0, 0, 0, 0, 0, 0, 0,
    0, 0, 0, 0, 0, 0, 0, 0,
    0, 0, 0, 0, 0, 0, 0, -10,
    0, -7, 2, -11, -4, 0, 0, 0,
    0, 0, 0, 0, 0, 0, 0, 0,
    0, 0, 0, 0, 0, 0, 0, 0,
    0, 0, 0, 0, 0, 0, 0, 0,
    0, 0, 0, 0, 0, 0, 0, 0,
    0, 0, 0, 0, 0, 0, 0, 0,
    0, -24, 0, 0, 0, 0, 0, 0,
    0, 0, 0, 0, 0, 0, 0, 0,
    0, 0, 0, 0, 0, 0, 0, -6,
    0, 0, 0, 0, 0, 0, 0, 0,
    0, 0, 0, 0, 0, 0, 0, 0,
    0, 0, 0, 0, 0, 0, 0, 0,
    0, 0, 0, 0, 0, 0, 0, 0,
    0, 0, 0, 0, -12, 0, 0, 0,
    -18, 0, 0, 0, 0, 0, 0, -6,
    0, 0, 0, 0, 0, 0, 0, 0,
    0, 0, 0, 0, 0, 0, 0, 0,
    0, 0, 0, 0, 0, 0, 0, 0,
    0, 0, 0, -7, 0, 0, 0, 0,
    0, 0, -26, -10, -31, 0, 0, 0,
    0, 0, -6, 0, 0, 0, 0, -26,
    0, -20, 0, 0, 0, 0, -12, -17,
    0, 0, 0, -13, -8, 0, 0, 0,
    0, 0, 0, 0, 0, -26, -26, -26,
    -26, -20, -20, 0, 0, 0, 0, -20,
    -20, -20, -26, -26, -20, 0, 0, 0,
    -20, -20, -17, -17, 0, 0, 0, 0,
    -25, 0, -25, -9, -12, 0, -5, -9,
    -29, -17, -20, -26, -9, -18, -10, -21,
    -20, 0, 0, 0, 0, 0, 0, 0,
    0, 0, 0, 0, 0, 0, 0, 0,
    0, 0, 0, 0, 0, 0, 0, 0,
    0, 0, 0, 0, 0, 0, 0, -3,
    0, 0, 0, -8, 0, 0, 0, -8,
    0, 0, 0, 0, 0, 0, 2, 0,
    0, 0, 0, 0, 0, 0, 0, 0,
    0, -2, 0, 0, 0, 0, 0, 0,
    0, 0, 0, 0, 0, 0, 2, 2,
    0, 0, 0, 0, 2, 2, 2, 0,
    0, 2, 0, 0, 0, 2, 2, 0,
    0, 0, 0, 0, 0, 0, -8, 0,
    -7, 0, -7, -2, 0, 0, 0, 0,
    0, 0, 0, 0, 0, 2, 0, 0,
    0, 0, 0, 0, 0, 0, 0, 0,
    0, 0, 0, -14, 0, 0, 0, 0,
    0, 0, 0, 0, 0, 0, 0, 0,
    0, 0, 0, -10, 0, -5, 0, 0,
    -9, 0, 0, 0, 0, 0, 0, 0,
    0, 0, 0, 0, 0, 0, 0, 0,
    0, 0, 0, 0, 0, 0, -1, 0,
    0, 0, 0, 0, 0, 0, 0, 0,
    0, 0, 0, 0, 0, 0, 0, 0,
    0, 0, 0, 0, 0, 0, 0, 0,
    0, 0, 0, 0, 0, 0, 0, 0,
    0, -13, 3, -7, 4, 0, -8, -13,
    0, -2, 4, 0, 0, 2, -7, 0,
    -7, 0, 0, 0, 0, 0, 0, 0,
    0, 0, 0, 0, 0, 0, 0, 0,
    0, -9, 0, 0, -18, -19, -29, 0,
    0, 0, -3, -15, 0, 0, 0, 0,
    0, -22, -4, -32, 0, 3, 0, 0,
    0, 0, 0, 0, 0, 0, -25, 0,
    -24, -17, -2, -19, 0, -12, -21, -4,
    -12, -12, -13, -12, -12, 0, -20, 0,
    0, 0, -13, -33, -25, -25, -25, -25,
    -24, -24, 13, -8, 12, 21, -24, -24,
    -24, -25, -25, -24, 0, 24, 24, -24,
    -24, -21, -21, 3, 0, 12, 0, -21,
    0, -23, -6, -9, 2, -1, -4, -24,
    -13, -19, -24, -7, -19, -10, -21, -17,
    -3, 0, 0, 0, 0, -25, -25, -25,
    -25, -25, -25, 0, 0, 0, 0, 0,
    0, 0, 0, 0, 0, 0, 0, -4,
    0, 0, 0, 0, 0, 0, -9, 3,
    0, 0, -9, 0, 0, 0, -17, 0,
    0, 0, 0, -3, 0, 0, 0, 0,
    0, 0, 0, 0, 0, 0, 0, 0,
    0, 0, 0, 0, 0, 0, 0, 0,
    0, -3, -3, -3, -3, 0, 0, 0,
    0, 0, 0, 0, 0, 0, -3, -3,
    0, 0, 0, 0, 0, 0, 0, 0,
    0, 0, 0, 0, -6, -11, -10, -19,
    4, 0, 0, 0, 0, 0, 0, -3,
    0, 0, 0, 0, 0, 0, 0, 0,
    0, 0, 0, 0, 0, 0, 0, 0,
    0, 0, -4, 0, 0, 0, 0, 0,
    0, 0, 0, 0, 0, 0, 0, 0,
    0, 0, 0, 0, 0, 0, 0, 0,
    0, 0, 0, 0, 0, 0, 0, 0,
    0, 0, 0, 0, 0, 0, 0, 0,
    0, 0, 0, 0, -5, -4, 0, 0,
    0, 0, 0, 0, 0, 0, 0, 0,
    0, 0, 0, 0, 0, 0, 0, 0,
    0, 0, 0, 0, 0, 0, 0, 0,
    0, 0, 0, 0, 0, 0, 0, 0,
    -5, 0, 0, 0, 0, 0, 0, 0,
    0, -1, -6, 0, 0, -2, 0, -4,
    -3, 0, 0, 0, 0, 0, 0, 0,
    0, 0, 0, 0, 0, 0, 0, 0,
    0, 0, 0, 0, -15, 0, 0, 0,
    0, 0, 0, 0, 0, 0, 0, 0,
    0, 0, 0, 0, 0, 0, 0, 0,
    0, 0, 0, 0, 0, -8, 0, -2,
    0, 0, 0, 0, 0, 0, 0, 0,
    0, 0, 0, 0, 0, 0, 0, 0,
    0, 0, 0, -8, -8, -8, -8, -2,
    -2, 0, 0, 0, 0, -2, -2, -2,
    -8, -8, -2, 0, 0, 0, -2, -2,
    0, 0, 0, 0, 0, 0, 0, 0,
    0, 0, 0, 0, 0, 0, -17, -3,
    -2, -16, 2, 0, 1, -3, -2, 0,
    0, 0, 0, 0, 0, 0, 0, 0,
    0, 0, 0, 0, -14, 0, 0, 0,
    0, 0, 0, 0, 0, 0, 0, 0,
    0, 0, 0, 0, -11, 0, 0, 0,
    0, 0, 0, 0, 0, 0, 0, 0,
    0, 0, 0, 0, -2, 0, 0, 0,
    0, 0, 0, 0, 0, 0, 0, -4,
    0, 0, 0, 0, 0, 0, 0, 0,
    0, 0, 0, 0, -2, -2, 0, 0,
    0, 0, -2, -2, -2, 0, 0, -2,
    0, 0, 0, -2, -2, 0, 0, 0,
    0, 0, -15, 0, 0, 4, 0, 0,
    0, 0, -4, 5, 0, 0, 2, -9,
    -2, -10, 0, -2, 0, 0, 0, 0,
    0, 0, 0, 0, 0, 0, 0, 0,
    0, 0, 0, 0, 0, 0, -13, 0,
    0, 0, 0, 0, 0, 0, 0, 0,
    0, 0, 0, 0, 0, 0, 0, 0,
    0, 0, 0, 0, 0, 0, 0, -8,
    0, -4, 0, 0, 0, 0, 0, 0,
    0, 0, 0, -3, 0, 0, 0, 0,
    0, 0, 0, 0, 0, -8, -8, -8,
    -8, -4, -4, 0, 0, 0, 0, -4,
    -4, -4, -8, -8, -4, 0, 0, 0,
    -4, -4, 0, 0, 0, 0, 0, 0,
    0, 0, 0, 0, 0, 0, 0, 0,
    -17, -7, -3, -15, 2, -2, 0, -3,
    -4, 0, 0, 0, 0, 0, 0, 0,
    0, 0, 0, 0, 0, 0, 0, 0,
    0, 0, 0, 0, 0, 0, 0, 0,
    0, 0, 0, 0, 0, 0, 0, 0,
    0, 0, 0, 0, 0, 0, 0, 0,
    0, 0, 0, 0, 0, 0, 2, 0,
    0, 0, 0, 0, 0, 0, 0, 0,
    -6, -4, 0, 0, 0, 0, 0, 0,
    0, 0, 0, 0, 0, 0, 2, 2,
    0, 0, 0, 0, 2, 2, 2, 0,
    0, 2, 0, 0, 0, 2, 2, 0,
    0, 0, 0, 0, 0, 0, 0, 0,
    0, 0, 0, 0, 0, -2, -7, 0,
    -1, -2, 2, 0, -1, 2, 0, 0,
    0, 0, 0, 0, 0, 0, 0, 0,
    0, 0, 0, 0, 0, 0, 0, 0,
    0, 0, 0, 0, 0, 0, 0, 0,
    0, 0, 0, 0, 0, 0, 0, 0,
    0, 0, 0, 0, 0, 0, 0, 0,
    0, 0, 0, 2, 0, 0, 0, 0,
    0, 0, 0, 0, 0, -5, -10, 0,
    0, 0, 0, 0, 0, 0, 0, 0,
    0, 0, 0, 2, 2, 0, 0, 0,
    0, 2, 2, 2, 0, 0, 2, 0,
    0, 0, 2, 2, 0, 0, 0, 0,
    0, 0, 0, 0, 0, 0, 0, 0,
    0, 0, 0, -5, 0, 0, -19, 1,
    -6, -5, 2, 0, 0, 0, 0, 0,
    0, 0, 0, 0, 0, 0, 0, 0,
    0, 0, 0, 0, 0, 0, 0, 0,
    0, 0, 0, 0, 0, 0, 0, 0,
    0, 0, 0, 0, 0, -5, 0, -4,
    -3, 0, -6, 0, 0, 0, 0, 0,
    0, 0, 0, 0, 0, 0, 0, 0,
    0, 0, 0, 0, 0, 0, 0, 0,
    0, 0, 0, 0, 0, 0, 0, 0,
    0, 0, 0, 0, 0, 0, 0, 0,
    0, 0, 0, 0, 0, 0, 0, 0,
    0, 0, 0, 0, 0, 0, 0, 0,
    0, 0, 0, 0, 0, 0, 0, 0,
    0, 0, 0, 0, 0, 0, 0, 0,
    0, 0, 0, 0, 0, 0, 0, 0,
    0, 0, 0, 0, 0, 0, 0, 0,
    0, 0, 0, 0, 0, 0, 0, 0,
    0, 0, 0, 0, 0, 0, 0, 0,
    -13, 0, 0, 0, 0, 0, 0, 0,
    0, 0, 0, 0, 0, 0, 0, 0,
    0, 0, 0, 0, 0, 0, 0, 0,
    0, 0, 0, 0, 0, 0, 0, 0,
    0, 0, 0, 0, 0, 0, 0, 9,
    0, 14, 15, 0, 0, 0, 0, 0,
    0, 0, 19, 19, 0, 0, 0, 0,
    0, 0, 10, 0, 0, 0, 0, 0,
    0, 0, 0, 0, 0, 0, 0, 0,
    0, 0, 0, 0, 0, 0, 0, 0,
    0, 0, 0, 0, 0, 0, 0, 0,
    0, 0, 0, 0, 0, 0, 0, -14,
    0, 0, 0, 0, 0, 0, 0, 0,
    0, 0, 0, -19, -2, 0, 2, 0,
    0, 0, 0, 0, 0, 0, 0, 0,
    -9, 0, -4, 0, 0, 0, 0, -2,
    -5, 0, -2, 0, 0, 0, 0, 0,
    0, 0, 0, 0, 0, 0, -9, -9,
    -9, -9, -4, -4, 0, 0, 0, 22,
    -4, -4, -4, -9, -9, -4, 0, 0,
    0, -4, -4, -5, -5, 0, 0, 0,
    0, 0, 0, 0, 0, 0, 0, 0,
    0, 0, 0, 0, 0, 0, 0, 0,
    -7, -4, 0, 0, 0, 0, 0, 0,
    0, 0, 0, 0, 0, 0, 0, 0,
    0, 0, 0, 0, 0, 0, 0, 0,
    0, 0, 0, 0, 0, 0, 0, 0,
    0, 0, 0, 0, 0, 0, 0, 0,
    0, 0, 0, 0, 0, 0, 0, 0,
    0, 0, 0, 0, 0, 0, 0, 0,
    0, 0, 0, 0, 0, 0, 0, 0,
    0, 0, 0, 0, 0, 0, 0, 0,
    0, 0, 0, 0, 0, 0, 0, 0,
    0, 0, 0, 0, 0, 0, 0, 0,
    0, 0, 0, 0, 0, 0, 0, 0,
    0, 0, 0, 0, 0, 0, 0, 0,
    0, 0, 0, 0, 0, 0, 0, 0,
    0, 0, 0, 0, -2, 9, 0, -12,
    13, 0, 0, 0, 0, 0, 0, 0,
    0, 0, 0, 0, 0, 0, 0, 0,
    0, 0, 0, 0, 0, -18, 0, 0,
    0, 0, 0, 0, 0, 0, 0, 0,
    0, 0, 0, 0, 0, 0, 0, 0,
    0, 0, 0, 0, 0, 0, 0, 0,
    0, 0, 0, 0, 0, 0, 0, 0,
    0, 0, 0, 0, 0, 0, 0, 0,
    0, 0, 0, 0, 0, 0, 0, 0,
    0, 0, 0, 0, 0, 0, 0, 0,
    0, 0, 0, 0, 0, 0, 0, 0,
    0, 0, 0, 0, 0, 0, 0, 0,
    0, 0, 0, 0, 0, -2, 0, 0,
    0, 0, 0, 0, 0, 0, 0, 0,
    0, 0, 0, 0, 0, 0, 0, 0,
    0, 0, 0, 0, 0, 0, 0, 0,
    0, 0, -11, 0, 0, 0, 0, 0,
    0, 0, 0, 0, 0, 0, 0, 0,
    0, 0, 0, 0, 0, 0, 0, 0,
    0, 0, 0, 0, 0, 0, 0, 0,
    0, 0, 0, 0, 0, 0, 0, 0,
    0, 0, 0, 0, 0, 0, 0, 0,
    0, 0, 0, 0, 0, 0, 0, 0,
    0, 0, 0, 0, 0, 0, 0, 0,
    0, 0, 0, 0, 0, 0, 0, 0,
    0, 0, 0, 0, 0, 0, 0, 0,
    0, 0, 4, 0, 0, 0, 0, 0,
    0, 0, 0, 0, 0, 0, 0, 0,
    0, 0, 0, 0, 0, 0, 0, 0,
    0, 0, 0, 0, 0, 0, 0, -22,
    0, 0, 0, 0, 0, 0, 0, 0,
    0, 0, 0, 0, 0, 0, 0, 0,
    0, 0, 0, 0, 0, 0, 0, 0,
    0, 0, 0, 0, 0, 0, 0, 0,
    0, 0, 0, 0, 0, 0, 0, 0,
    0, 0, 0, 0, 0, 0, 0, 0,
    0, 0, 0, 0, 0, 0, 0, 0,
    0, 0, 0, 0, 0, 0, 0, 0,
    0, 0, 0, 0, 0, 0, 0, 0,
    0, 0, 0, 0, 0, 0, 0, -14,
    0, 0, 0, 0, 0, 0, 0, 0,
    0, 0, 0, 0, 0, 0, 0, 0,
    0, 0, 0, 0, 0, 0, 0, 0,
    0, 0, 0, 0, 0, 0, 0, 0,
    -25, 0, -15, -14, 0, -26, 0, 0,
    0, 0, 0, 0, 0, 0, 0, 0,
    0, 0, 0, 0, 0, 0, 0, 0,
    0, 0, 0, 0, 0, 0, 0, 0,
    0, 0, 0, 0, 0, 0, 0, 0,
    0, 0, 0, 0, 0, 0, 0, 0,
    0, 0, 0, 0, 0, 0, 0, 0,
    0, 0, 0, 0, 0, 0, 0, 0,
    0, 0, 0, 0, 0, 0, 0, 0,
    0, 0, 0, 0, 0, 0, 0, 0,
    0, 0, 0, 0, 0, 0, 0, 0,
    0, 0, 0, 0, 0, 0, 0, 0,
    0, 0, 0, 0, 0, 0, 0, 0,
    0, 0, 0, 0, 0, -20, 0, -12,
    -8, 0, -20, 0, 0, 0, 0, 0,
    0, 0, 0, 0, 0, 0, 0, 0,
    0, 0, 0, 0, 0, 0, 0, 0,
    0, 0, 0, 0, 0, 0, 0, 0,
    0, 0, 0, 0, 0, 0, 0, 0,
    0, 0, 0, 0, 0, 0, 0, 0,
    0, 0, 0, 0, 0, 0, 0, 0,
    0, 0, 0, 0, 0, 0, 0, 0,
    0, 0, 0, 0, 0, 0, 0, 0,
    0, 0, 0, 0, 0, 0, 0, 0,
    0, 0, 0, 0, 0, 0, 0, 0,
    0, 0, 0, 0, 0, 0, 0, 0,
    0, 0, 0, 0, 0, 0, 0, 0,
    0, 0, -25, 0, -15, -13, 0, -26,
    0, 0, 0, 0, 0, 0, 0, 0,
    0, 0, 0, 0, 0, 0, 0, 0,
    0, 0, 0, 0, 0, 0, 0, 0,
    0, 0, 0, 0, 0, 0, 0, 0,
    0, 0, 0, 0, 0, 0, 0, 0,
    0, 0, 0, 0, 0, 0, 0, 0,
    0, 0, 0, 0, 0, 0, 0, 0,
    0, 0, 0, 0, 0, 0, 0, 0,
    0, 0, 0, 0, 0, 0, 0, 0,
    0, 0, 0, 0, 0, 0, 0, 0,
    0, 0, 0, 0, 0, 0, 0, 0,
    0, 0, 0, 0, 0, 0, 0, 0,
    0, 0, 0, 0, 0, 0, 0, -25,
    0, -12, -9, 0, -26, 0, 0, 0,
    0, 0, 0, 0, 0, 0, 0, 0,
    0, 0, 0, 0, 0, 0, 0, 0,
    0, 0, 0, 0, 0, 0, 0, 0,
    0, 0, 0, 0, 0, 0, 0, 0,
    0, 0, 0, 0, 0, 0, 0, 0,
    0, 0, 0, 0, 0, 0, 0, 0,
    0, 0, 0, 0, 0, 0, 0, 0,
    0, 0, 0, 0, 0, 0, 0, 0,
    0, 0, 0, 0, 0, 0, 0, 0,
    0, 0, 0, 0, 0, 0, 0, 0,
    0, 0, 0, 0, 0, 0, 0, 0,
    0, 0, 0, 0, 0, 0, 0, 0,
    0, 0, 0, 0, 0, 0, 0, 0,
    0, 0, 0, 0, 0, 0, 0, 0,
    0, 0, 0, 0, 0, 0, 0, 0,
    0, 0, 0, 0, 0, 0, 0, 0,
    0, 0, 0, 0, 0, 0, 0, 0,
    0, 0, 0, 0, 0, 0, 0, 0,
    0, 0, 0, 0, 0, 0, 0, 0,
    0, 0, 0, 0, 0, 0, 0, 0,
    0, 0, 0, 0, 0, 0, 0, 0,
    0, 0, 0, 0, 0, 0, 0, 0,
    0, 0, 0, 0, 0, 0, 0, 0,
    0, 0, 0, -37, 0, 0, 0, 0,
    0, 0, 0, 0, 0, 0, 0, 0,
    0, 0, 0, 0, 0, 0, 0, 0,
    0, 0, 0, 0, 0, 0, 0, 0,
    0, 0, 0, 0, 0, 0, 0, 0,
    0, 0, 0, 0, 0, 0, 0, 0,
    0, 0, 0, 0, 0, 0, 0, 0,
    0, 0, 0, 0, 0, 0, 0, 0,
    0, 0, 0, 0, 0, 0, 0, 0,
    0, 0, 0, 0, 0, 0, 0, 0,
    0, 0, 0, 0, 0, 0, 0, 0,
    0, 0, 0, 0, 0, 0, 0, 0,
    0, 0, 0, 0, 0, 0, 0, 0,
    0, 0, 0, 0, 0, 0, 0, -37,
    0
};


/*Collect the kern class' data in one place*/
static const lv_font_fmt_txt_kern_classes_t kern_classes =
{
    .class_pair_values   = kern_class_values,
    .left_class_mapping  = kern_left_class_mapping,
    .right_class_mapping = kern_right_class_mapping,
    .left_class_cnt      = 101,
    .right_class_cnt     = 109,
};

/*--------------------
 *  ALL CUSTOM DATA
 *--------------------*/

#if LVGL_VERSION_MAJOR == 8
/*Store all the custom data of the font*/
static  lv_font_fmt_txt_glyph_cache_t cache;
#endif

#if LVGL_VERSION_MAJOR >= 8
static const lv_font_fmt_txt_dsc_t font_dsc = {
#else
static lv_font_fmt_txt_dsc_t font_dsc = {
#endif
    .glyph_bitmap = glyph_bitmap,
    .glyph_dsc = glyph_dsc,
    .cmaps = cmaps,
    .kern_dsc = &kern_classes,
    .kern_scale = 16,
    .cmap_num = 7,
    .bpp = 4,
    .kern_classes = 1,
    .bitmap_format = 0,
#if LVGL_VERSION_MAJOR == 8
    .cache = &cache
#endif

};



/*-----------------
 *  PUBLIC FONT
 *----------------*/

/*Initialize a public general font descriptor*/
#if LVGL_VERSION_MAJOR >= 8
const lv_font_t Font_Murs = {
#else
lv_font_t Font_Murs = {
#endif
    .get_glyph_dsc = lv_font_get_glyph_dsc_fmt_txt,    /*Function pointer to get glyph's data*/
    .get_glyph_bitmap = lv_font_get_bitmap_fmt_txt,    /*Function pointer to get glyph's bitmap*/
    .line_height = 19,          /*The maximum line height required by the font*/
    .base_line = 5,             /*Baseline measured from the bottom of the line*/
#if !(LVGL_VERSION_MAJOR == 6 && LVGL_VERSION_MINOR == 0)
    .subpx = LV_FONT_SUBPX_NONE,
#endif
#if LV_VERSION_CHECK(7, 4, 0) || LVGL_VERSION_MAJOR >= 8
    .underline_position = -1,
    .underline_thickness = 1,
#endif
    .dsc = &font_dsc,          /*The custom font data. Will be accessed by `get_glyph_bitmap/dsc` */
#if LV_VERSION_CHECK(8, 2, 0) || LVGL_VERSION_MAJOR >= 9
    .fallback = NULL,
#endif
    .user_data = NULL,
};



#endif /*#if MURS*/
