/*******************************************************************************
 * Size: 14 px
 * Bpp: 4
 * Opts: --bpp 4 --size 14 --no-compress --stride 1 --align 1 --font JetBrainsMono-Bold.ttf --range 0-65535 --format lvgl -o Jetbrains-Mono.c
 ******************************************************************************/

#ifdef __has_include
    #if __has_include("lvgl.h")
        #ifndef LV_LVGL_H_INCLUDE_SIMPLE
            #define LV_LVGL_H_INCLUDE_SIMPLE
        #endif
    #endif
#endif

#ifdef LV_LVGL_H_INCLUDE_SIMPLE
    #include "lvgl.h"
#else
    #include "lvgl/lvgl.h"
#endif



#ifndef FONT_MONO_BOLD_14
#define FONT_MONO_BOLD_14 1
#endif

#if  FONT_MONO_BOLD_14

/*-----------------
 *    BITMAPS
 *----------------*/

/*Store the image of the glyphs*/
static LV_ATTRIBUTE_LARGE_CONST const uint8_t glyph_bitmap[] = {
    /* U+0000 "\u0000" */

    /* U+000A "\n" */

    /* U+000D "\r" */

    /* U+0020 " " */

    /* U+0021 "!" */
    0xcf, 0x2c, 0xf2, 0xbf, 0x1a, 0xf0, 0x9f, 0x8,
    0xe0, 0x7d, 0x0, 0x0, 0xad, 0x2b, 0xe3,

    /* U+0022 "\"" */
    0x3f, 0x82, 0xfa, 0x3f, 0x82, 0xfa, 0x3f, 0x81,
    0xf9, 0x1f, 0x70, 0xf8, 0x4, 0x10, 0x42,

    /* U+0023 "#" */
    0x0, 0x4f, 0x0, 0xf3, 0x0, 0x7, 0xc0, 0x4f,
    0x0, 0x2f, 0xff, 0xff, 0xff, 0x0, 0x3e, 0x83,
    0xbb, 0x30, 0x0, 0xf3, 0xd, 0x70, 0x0, 0x3f,
    0x10, 0xf4, 0x0, 0xaf, 0xff, 0xff, 0xf8, 0x2,
    0xac, 0x37, 0xf3, 0x10, 0xb, 0x90, 0x7c, 0x0,
    0x0, 0xd6, 0xa, 0xa0, 0x0,

    /* U+0024 "$" */
    0x0, 0xc, 0xf0, 0x0, 0x0, 0x5e, 0xf8, 0x10,
    0x8, 0xff, 0xef, 0xd0, 0xf, 0xd0, 0x8, 0xf5,
    0xf, 0xd0, 0x0, 0x0, 0x9, 0xfd, 0x82, 0x0,
    0x0, 0x8e, 0xff, 0x90, 0x0, 0x0, 0x4c, 0xf5,
    0x4, 0x20, 0x3, 0xf9, 0x1f, 0xd2, 0x8, 0xf7,
    0x7, 0xff, 0xff, 0xd1, 0x0, 0x3d, 0xf6, 0x0,
    0x0, 0xb, 0xf0, 0x0,

    /* U+0025 "%" */
    0x1c, 0xfb, 0x0, 0x0, 0x7c, 0x1e, 0x50, 0x0,
    0x7b, 0xd, 0x50, 0x2a, 0x2e, 0xfd, 0x28, 0xc2,
    0x0, 0x16, 0xd6, 0x0, 0x3, 0xca, 0x6d, 0xc3,
    0x6e, 0x50, 0xd7, 0x7c, 0x40, 0x0, 0xf3, 0x4e,
    0x0, 0x0, 0xe6, 0x6d, 0x0, 0x0, 0x5e, 0xe4,

    /* U+0026 "&" */
    0x0, 0x9e, 0xea, 0x10, 0x0, 0x6f, 0xa9, 0xf9,
    0x0, 0x8, 0xf0, 0x6, 0x60, 0x0, 0x4f, 0x60,
    0x0, 0x0, 0xa, 0xff, 0x20, 0x12, 0x4, 0xf8,
    0xdd, 0x2f, 0xa0, 0x6f, 0x43, 0xfe, 0xf2, 0x5,
    0xf4, 0x7, 0xfa, 0x0, 0x2f, 0xb6, 0xdf, 0xe1,
    0x0, 0x6e, 0xfb, 0x4f, 0xa0,

    /* U+0027 "'" */
    0xbf, 0xb, 0xf0, 0xbf, 0x9, 0xf0, 0x24, 0x0,

    /* U+0028 "(" */
    0x0, 0x0, 0x0, 0x0, 0x9b, 0x1, 0xdf, 0xa0,
    0xcf, 0x60, 0x4f, 0x90, 0x8, 0xf3, 0x0, 0xaf,
    0x20, 0xa, 0xf1, 0x0, 0xaf, 0x10, 0x9, 0xf2,
    0x0, 0x8f, 0x40, 0x3, 0xfb, 0x0, 0xa, 0xfa,
    0x20, 0xa, 0xfc, 0x0, 0x3, 0x70,

    /* U+0029 ")" */
    0x0, 0x0, 0x0, 0x6b, 0x30, 0x0, 0x4f, 0xf5,
    0x0, 0x1, 0xdf, 0x30, 0x0, 0x3f, 0xb0, 0x0,
    0xd, 0xf0, 0x0, 0xb, 0xf0, 0x0, 0xb, 0xf1,
    0x0, 0xb, 0xf1, 0x0, 0xb, 0xf0, 0x0, 0xe,
    0xe0, 0x0, 0x5f, 0xa0, 0x6, 0xff, 0x20, 0x6f,
    0xe2, 0x0, 0x46, 0x0, 0x0,

    /* U+002A "*" */
    0x0, 0x0, 0x0, 0x0, 0x0, 0x9, 0xf0, 0x0,
    0x0, 0x8, 0xe0, 0x0, 0x4f, 0x86, 0xb4, 0xda,
    0x3b, 0xee, 0xef, 0xd7, 0x0, 0x1c, 0xc5, 0x0,
    0x0, 0xdc, 0x6f, 0x40, 0x5, 0xf4, 0xd, 0xc0,
    0x0, 0x30, 0x2, 0x0,

    /* U+002B "+" */
    0x0, 0xa, 0xf1, 0x0, 0x0, 0xa, 0xf1, 0x0,
    0x1a, 0xae, 0xfa, 0xa6, 0x2f, 0xff, 0xff, 0xf9,
    0x0, 0xa, 0xf1, 0x0, 0x0, 0xa, 0xf1, 0x0,
    0x0, 0x8, 0xc0, 0x0,

    /* U+002C "," */
    0x5, 0x72, 0xf, 0xf1, 0x4f, 0xa0, 0x8f, 0x40,
    0xcd, 0x0,

    /* U+002D "-" */
    0x6a, 0xaa, 0xaa, 0x9f, 0xff, 0xff,

    /* U+002E "." */
    0x8, 0xb2, 0x1f, 0xf8, 0xc, 0xe3,

    /* U+002F "/" */
    0x0, 0x0, 0x2, 0x83, 0x0, 0x0, 0xa, 0xf3,
    0x0, 0x0, 0xf, 0xd0, 0x0, 0x0, 0x5f, 0x70,
    0x0, 0x0, 0xbf, 0x10, 0x0, 0x1, 0xfb, 0x0,
    0x0, 0x7, 0xf6, 0x0, 0x0, 0xc, 0xf0, 0x0,
    0x0, 0x2f, 0xa0, 0x0, 0x0, 0x8f, 0x40, 0x0,
    0x0, 0xee, 0x0, 0x0, 0x4, 0xf9, 0x0, 0x0,
    0x9, 0xf3, 0x0, 0x0, 0xf, 0xd0, 0x0, 0x0,

    /* U+0030 "0" */
    0x1, 0x9e, 0xfc, 0x30, 0xb, 0xfb, 0x9f, 0xf2,
    0xf, 0xb0, 0x5, 0xf7, 0x2f, 0x92, 0x63, 0xf8,
    0x2f, 0x97, 0xd3, 0xf8, 0x2f, 0x95, 0xb3, 0xf8,
    0x2f, 0x90, 0x3, 0xf8, 0xf, 0xb0, 0x5, 0xf7,
    0xb, 0xfb, 0x9f, 0xf2, 0x1, 0x9e, 0xfc, 0x30,

    /* U+0031 "1" */
    0x4, 0xef, 0x80, 0x8, 0xfd, 0xf8, 0x0, 0xb6,
    0x3f, 0x80, 0x0, 0x3, 0xf8, 0x0, 0x0, 0x3f,
    0x80, 0x0, 0x3, 0xf8, 0x0, 0x0, 0x3f, 0x80,
    0x0, 0x3, 0xf8, 0x0, 0x89, 0xaf, 0xc9, 0x6e,
    0xff, 0xff, 0xfb,

    /* U+0032 "2" */
    0x1, 0x9e, 0xfc, 0x30, 0xc, 0xfb, 0xaf, 0xf1,
    0x2f, 0xa0, 0x7, 0xf6, 0x0, 0x0, 0x6, 0xf5,
    0x0, 0x0, 0xd, 0xf1, 0x0, 0x1, 0xcf, 0x50,
    0x0, 0x3e, 0xf5, 0x0, 0x6, 0xfe, 0x30, 0x0,
    0x2f, 0xfa, 0x99, 0x95, 0x3f, 0xff, 0xff, 0xf9,

    /* U+0033 "3" */
    0xd, 0xff, 0xff, 0xf2, 0x5, 0x77, 0x7e, 0xf1,
    0x0, 0x1, 0xce, 0x40, 0x0, 0xd, 0xe2, 0x0,
    0x0, 0x2f, 0xfe, 0x60, 0x0, 0x5, 0x6d, 0xf3,
    0x0, 0x0, 0x4, 0xf8, 0x1b, 0x70, 0x5, 0xf7,
    0xc, 0xfa, 0x9f, 0xf2, 0x1, 0xae, 0xfc, 0x30,

    /* U+0034 "4" */
    0x0, 0x0, 0x7f, 0x70, 0x0, 0x3, 0xfb, 0x0,
    0x0, 0xd, 0xe1, 0x0, 0x0, 0xaf, 0x40, 0x0,
    0x6, 0xf9, 0x6, 0xd3, 0xf, 0xd0, 0x8, 0xf4,
    0x1f, 0xc8, 0x8c, 0xf4, 0x1f, 0xff, 0xff, 0xf4,
    0x0, 0x0, 0x8, 0xf4, 0x0, 0x0, 0x8, 0xf4,

    /* U+0035 "5" */
    0xd, 0xff, 0xff, 0xf3, 0xd, 0xf9, 0x99, 0x92,
    0xd, 0xd0, 0x0, 0x0, 0xd, 0xdb, 0xff, 0x80,
    0xd, 0xf7, 0x5d, 0xf4, 0x0, 0x0, 0x4, 0xf8,
    0x0, 0x0, 0x2, 0xfa, 0x9, 0x70, 0x5, 0xf7,
    0xb, 0xfa, 0x9e, 0xf2, 0x1, 0x9e, 0xfc, 0x30,

    /* U+0036 "6" */
    0x0, 0x3, 0xfc, 0x0, 0x0, 0xd, 0xf2, 0x0,
    0x0, 0x8f, 0x70, 0x0, 0x2, 0xfd, 0x0, 0x0,
    0xa, 0xfc, 0xff, 0x80, 0x1f, 0xf7, 0x5c, 0xf5,
    0x3f, 0x90, 0x2, 0xf9, 0x2f, 0xa0, 0x4, 0xf8,
    0xb, 0xfa, 0x9e, 0xf3, 0x1, 0x9e, 0xfc, 0x40,

    /* U+0037 "7" */
    0x2f, 0xff, 0xff, 0xf9, 0x2f, 0xda, 0xab, 0xf8,
    0x2f, 0x80, 0x8, 0xf4, 0x2, 0x10, 0xf, 0xd0,
    0x0, 0x0, 0x7f, 0x60, 0x0, 0x0, 0xee, 0x0,
    0x0, 0x5, 0xf8, 0x0, 0x0, 0xc, 0xf1, 0x0,
    0x0, 0x3f, 0xa0, 0x0, 0x0, 0xbf, 0x30, 0x0,

    /* U+0038 "8" */
    0x1, 0xae, 0xfc, 0x40, 0xc, 0xf8, 0x6d, 0xf3,
    0xf, 0xa0, 0x4, 0xf6, 0xb, 0xe3, 0x1a, 0xf2,
    0x0, 0xbf, 0xfe, 0x40, 0xa, 0xf6, 0x4c, 0xe2,
    0x2f, 0x90, 0x2, 0xf9, 0x2f, 0xa0, 0x3, 0xf9,
    0xc, 0xf9, 0x7e, 0xf3, 0x1, 0xae, 0xfc, 0x40,

    /* U+0039 "9" */
    0x1, 0x9e, 0xfc, 0x30, 0xb, 0xfb, 0x9e, 0xf2,
    0x2f, 0xa0, 0x4, 0xf8, 0x3f, 0x80, 0x2, 0xfa,
    0xf, 0xe4, 0x2a, 0xf7, 0x5, 0xff, 0xfe, 0xf1,
    0x0, 0x13, 0x6f, 0x80, 0x0, 0x1, 0xed, 0x0,
    0x0, 0xa, 0xf4, 0x0, 0x0, 0x6f, 0x90, 0x0,

    /* U+003A ":" */
    0xb, 0xe3, 0xf, 0xf7, 0x5, 0x80, 0x0, 0x0,
    0x0, 0x0, 0x5, 0x80, 0xf, 0xf7, 0xb, 0xe3,

    /* U+003B ";" */
    0xb, 0xe3, 0x1f, 0xf7, 0x7, 0xa1, 0x0, 0x0,
    0x0, 0x0, 0x5, 0x72, 0xf, 0xf1, 0x4f, 0xa0,
    0x8f, 0x40, 0xcd, 0x0,

    /* U+003C "<" */
    0x0, 0x0, 0x2, 0x20, 0x0, 0x3a, 0xf5, 0x4,
    0xbf, 0xe8, 0x1c, 0xfd, 0x60, 0x0, 0xfc, 0x40,
    0x0, 0x6, 0xdf, 0xd6, 0x0, 0x0, 0x5c, 0xfe,
    0x30, 0x0, 0x4, 0xb5, 0x0, 0x0, 0x0, 0x0,

    /* U+003D "=" */
    0xef, 0xff, 0xff, 0x49, 0xaa, 0xaa, 0xa2, 0x0,
    0x0, 0x0, 0x8, 0xaa, 0xaa, 0xa2, 0xef, 0xff,
    0xff, 0x40,

    /* U+003E ">" */
    0x40, 0x0, 0x0, 0xf, 0xd6, 0x0, 0x0, 0x5c,
    0xfe, 0x70, 0x0, 0x4, 0xbf, 0xe3, 0x0, 0x1,
    0x9f, 0x50, 0x3a, 0xff, 0x91, 0xbf, 0xe8, 0x10,
    0xd, 0x70, 0x0, 0x0, 0x0, 0x0, 0x0, 0x0,

    /* U+003F "?" */
    0x4f, 0xfe, 0x91, 0x3, 0xaa, 0xcf, 0xb0, 0x0,
    0x0, 0xcf, 0x0, 0x0, 0x2d, 0xf0, 0x4, 0xff,
    0xf8, 0x0, 0x4f, 0xa4, 0x0, 0x3, 0xd4, 0x0,
    0x0, 0x0, 0x0, 0x0, 0x6, 0xd6, 0x0, 0x0,
    0x7f, 0x70, 0x0,

    /* U+0040 "@" */
    0x0, 0x9e, 0xfd, 0x80, 0x0, 0xce, 0x75, 0x7f,
    0x90, 0x5f, 0x40, 0x0, 0x8e, 0x8, 0xf0, 0x3d,
    0xd9, 0xf0, 0x8e, 0xa, 0xd3, 0xbf, 0x8, 0xe0,
    0xca, 0x7, 0xf0, 0x8e, 0xc, 0xa0, 0x7f, 0x8,
    0xe0, 0xac, 0xa, 0xf0, 0x7f, 0x3, 0xdd, 0x8f,
    0x4, 0xf5, 0x0, 0x0, 0x0, 0xb, 0xf9, 0x63,
    0x0, 0x0, 0x8, 0xef, 0x80, 0x0,

    /* U+0041 "A" */
    0x0, 0x1f, 0xf8, 0x0, 0x0, 0x5, 0xfd, 0xd0,
    0x0, 0x0, 0xae, 0x8f, 0x10, 0x0, 0xe, 0xa4,
    0xf5, 0x0, 0x2, 0xf6, 0xf, 0x90, 0x0, 0x7f,
    0x41, 0xdd, 0x0, 0xb, 0xff, 0xff, 0xf2, 0x0,
    0xfc, 0x44, 0x7f, 0x60, 0x4f, 0x70, 0x1, 0xfa,
    0x8, 0xf3, 0x0, 0xd, 0xe0,

    /* U+0042 "B" */
    0xff, 0xff, 0xd5, 0xf, 0xd7, 0x8e, 0xf3, 0xfc,
    0x0, 0x5f, 0x6f, 0xc2, 0x2b, 0xf2, 0xff, 0xff,
    0xe4, 0xf, 0xd5, 0x5c, 0xf3, 0xfc, 0x0, 0x3f,
    0x9f, 0xc0, 0x3, 0xf9, 0xfd, 0x78, 0xef, 0x4f,
    0xff, 0xfd, 0x50,

    /* U+0043 "C" */
    0x0, 0x8e, 0xfc, 0x40, 0xa, 0xfc, 0xaf, 0xf2,
    0xf, 0xd0, 0x4, 0xe7, 0x1f, 0xb0, 0x0, 0x0,
    0x1f, 0xb0, 0x0, 0x0, 0x1f, 0xb0, 0x0, 0x0,
    0x1f, 0xb0, 0x0, 0x0, 0xf, 0xd0, 0x4, 0xf7,
    0xa, 0xfc, 0xaf, 0xf2, 0x0, 0x9e, 0xfc, 0x40,

    /* U+0044 "D" */
    0xff, 0xfe, 0xb3, 0xf, 0xea, 0xbf, 0xe1, 0xfc,
    0x0, 0x6f, 0x6f, 0xc0, 0x3, 0xf8, 0xfc, 0x0,
    0x3f, 0x8f, 0xc0, 0x3, 0xf8, 0xfc, 0x0, 0x3f,
    0x8f, 0xc0, 0x6, 0xf6, 0xfe, 0xab, 0xfe, 0x1f,
    0xff, 0xfb, 0x30,

    /* U+0045 "E" */
    0xcf, 0xff, 0xff, 0x6c, 0xf9, 0x99, 0x93, 0xcf,
    0x0, 0x0, 0xc, 0xf0, 0x0, 0x0, 0xcf, 0xff,
    0xfe, 0xc, 0xf9, 0x99, 0x80, 0xcf, 0x0, 0x0,
    0xc, 0xf0, 0x0, 0x0, 0xcf, 0x99, 0x99, 0x3c,
    0xff, 0xff, 0xf6,

    /* U+0046 "F" */
    0xef, 0xff, 0xff, 0x7e, 0xfa, 0xaa, 0xa4, 0xed,
    0x0, 0x0, 0xe, 0xd0, 0x0, 0x0, 0xef, 0xff,
    0xff, 0x1e, 0xfa, 0xaa, 0xa1, 0xee, 0x0, 0x0,
    0xe, 0xe0, 0x0, 0x0, 0xee, 0x0, 0x0, 0xe,
    0xe0, 0x0, 0x0,

    /* U+0047 "G" */
    0x1, 0x9e, 0xfc, 0x30, 0xb, 0xfc, 0xaf, 0xf2,
    0xf, 0xb0, 0x3, 0xa4, 0x2f, 0x90, 0x0, 0x0,
    0x2f, 0x90, 0x88, 0x84, 0x2f, 0x90, 0xff, 0xf8,
    0x2f, 0x90, 0x3, 0xf8, 0xf, 0xb0, 0x5, 0xf6,
    0xb, 0xfb, 0x9f, 0xf2, 0x1, 0x9e, 0xfc, 0x30,

    /* U+0048 "H" */
    0xfd, 0x0, 0x6f, 0x5f, 0xd0, 0x6, 0xf5, 0xfd,
    0x0, 0x6f, 0x5f, 0xd0, 0x6, 0xf5, 0xff, 0xff,
    0xff, 0x5f, 0xea, 0xac, 0xf5, 0xfd, 0x0, 0x6f,
    0x5f, 0xd0, 0x6, 0xf5, 0xfd, 0x0, 0x6f, 0x5f,
    0xd0, 0x6, 0xf5,

    /* U+0049 "I" */
    0xdf, 0xff, 0xff, 0x37, 0x9d, 0xf9, 0x92, 0x0,
    0xbf, 0x10, 0x0, 0xb, 0xf1, 0x0, 0x0, 0xbf,
    0x10, 0x0, 0xb, 0xf1, 0x0, 0x0, 0xbf, 0x10,
    0x0, 0xb, 0xf1, 0x0, 0x79, 0xdf, 0x99, 0x2d,
    0xff, 0xff, 0xf3,

    /* U+004A "J" */
    0x3, 0xff, 0xff, 0xf2, 0x1, 0xaa, 0xad, 0xf2,
    0x0, 0x0, 0x9, 0xf2, 0x0, 0x0, 0x9, 0xf2,
    0x0, 0x0, 0x9, 0xf2, 0x0, 0x0, 0x9, 0xf2,
    0x0, 0x0, 0x9, 0xf2, 0x6d, 0x40, 0xb, 0xf1,
    0x2f, 0xf9, 0xbf, 0xb0, 0x3, 0xcf, 0xe9, 0x10,

    /* U+004B "K" */
    0xfd, 0x0, 0x3f, 0xb0, 0xfd, 0x0, 0xbf, 0x30,
    0xfd, 0x2, 0xfc, 0x0, 0xfd, 0xa, 0xf4, 0x0,
    0xff, 0xff, 0xc0, 0x0, 0xfe, 0x9e, 0xe0, 0x0,
    0xfd, 0x7, 0xf7, 0x0, 0xfd, 0x1, 0xfe, 0x0,
    0xfd, 0x0, 0x9f, 0x60, 0xfd, 0x0, 0x1f, 0xd0,

    /* U+004C "L" */
    0x9f, 0x20, 0x0, 0x9, 0xf2, 0x0, 0x0, 0x9f,
    0x20, 0x0, 0x9, 0xf2, 0x0, 0x0, 0x9f, 0x20,
    0x0, 0x9, 0xf2, 0x0, 0x0, 0x9f, 0x20, 0x0,
    0x9, 0xf2, 0x0, 0x0, 0x9f, 0xba, 0xaa, 0x59,
    0xff, 0xff, 0xf8,

    /* U+004D "M" */
    0x3f, 0xf0, 0x9, 0xfa, 0x3f, 0xe5, 0xe, 0xea,
    0x3f, 0xcb, 0x4d, 0xda, 0x3f, 0x8f, 0x99, 0xea,
    0x3f, 0x5d, 0xf4, 0xea, 0x3f, 0x55, 0x90, 0xea,
    0x3f, 0x50, 0x0, 0xea, 0x3f, 0x50, 0x0, 0xea,
    0x3f, 0x50, 0x0, 0xea, 0x3f, 0x50, 0x0, 0xea,

    /* U+004E "N" */
    0xf, 0xf4, 0x2, 0xf7, 0xf, 0xfa, 0x2, 0xf7,
    0xf, 0xcf, 0x12, 0xf7, 0xf, 0x9f, 0x62, 0xf7,
    0xf, 0x8b, 0xc2, 0xf7, 0xf, 0x85, 0xf4, 0xf7,
    0xf, 0x80, 0xf9, 0xf7, 0xf, 0x80, 0x9c, 0xf7,
    0xf, 0x80, 0x4f, 0xf7, 0xf, 0x80, 0xe, 0xf7,

    /* U+004F "O" */
    0x1, 0x9e, 0xfc, 0x30, 0xb, 0xfb, 0x9f, 0xf2,
    0xf, 0xb0, 0x5, 0xf7, 0x2f, 0x90, 0x3, 0xf8,
    0x2f, 0x90, 0x3, 0xf8, 0x2f, 0x90, 0x3, 0xf8,
    0x2f, 0x90, 0x3, 0xf8, 0xf, 0xb0, 0x5, 0xf7,
    0xb, 0xfb, 0x9f, 0xf2, 0x1, 0x9e, 0xfc, 0x30,

    /* U+0050 "P" */
    0xff, 0xff, 0xd7, 0xf, 0xe8, 0x8d, 0xf6, 0xfc,
    0x0, 0xf, 0xcf, 0xc0, 0x0, 0xfc, 0xfe, 0x88,
    0xcf, 0x6f, 0xff, 0xfd, 0x70, 0xfc, 0x0, 0x0,
    0xf, 0xc0, 0x0, 0x0, 0xfc, 0x0, 0x0, 0xf,
    0xc0, 0x0, 0x0,

    /* U+0051 "Q" */
    0x1, 0x9e, 0xfc, 0x30, 0xb, 0xfb, 0x9f, 0xf2,
    0xf, 0xb0, 0x5, 0xf7, 0x2f, 0x90, 0x3, 0xf8,
    0x2f, 0x90, 0x3, 0xf8, 0x2f, 0x90, 0x3, 0xf8,
    0x2f, 0x90, 0x3, 0xf8, 0x1f, 0xb0, 0x5, 0xf7,
    0xb, 0xfb, 0x9f, 0xf2, 0x1, 0x9e, 0xff, 0x40,
    0x0, 0x0, 0x5f, 0x80, 0x0, 0x0, 0xa, 0xf4,

    /* U+0052 "R" */
    0xff, 0xff, 0xc4, 0xf, 0xe8, 0x8e, 0xf3, 0xfc,
    0x0, 0x3f, 0x9f, 0xc0, 0x1, 0xfa, 0xfd, 0x22,
    0xaf, 0x6f, 0xff, 0xff, 0xa0, 0xfd, 0x5c, 0xf1,
    0xf, 0xc0, 0x4f, 0x90, 0xfc, 0x0, 0xcf, 0x1f,
    0xc0, 0x5, 0xf9,

    /* U+0053 "S" */
    0x1, 0x9e, 0xfc, 0x30, 0xb, 0xfb, 0x9f, 0xf2,
    0xf, 0xc0, 0x4, 0xb4, 0xe, 0xe3, 0x0, 0x0,
    0x4, 0xff, 0xd8, 0x10, 0x0, 0x27, 0xcf, 0xe1,
    0x0, 0x0, 0x7, 0xf7, 0x1c, 0x80, 0x3, 0xf8,
    0xc, 0xfb, 0x9e, 0xf3, 0x1, 0xae, 0xfc, 0x50,

    /* U+0054 "T" */
    0x7f, 0xff, 0xff, 0xfd, 0x4a, 0xae, 0xfa, 0xa8,
    0x0, 0xb, 0xf1, 0x0, 0x0, 0xb, 0xf1, 0x0,
    0x0, 0xb, 0xf1, 0x0, 0x0, 0xb, 0xf1, 0x0,
    0x0, 0xb, 0xf1, 0x0, 0x0, 0xb, 0xf1, 0x0,
    0x0, 0xb, 0xf1, 0x0, 0x0, 0xb, 0xf1, 0x0,

    /* U+0055 "U" */
    0xf, 0xc0, 0x5, 0xf6, 0xf, 0xc0, 0x5, 0xf6,
    0xf, 0xc0, 0x5, 0xf6, 0xf, 0xc0, 0x5, 0xf6,
    0xf, 0xc0, 0x5, 0xf6, 0xf, 0xc0, 0x5, 0xf6,
    0xf, 0xc0, 0x5, 0xf6, 0xe, 0xd0, 0x7, 0xf5,
    0xa, 0xfb, 0x9f, 0xe1, 0x0, 0x9e, 0xfc, 0x30,

    /* U+0056 "V" */
    0x8f, 0x40, 0x0, 0xde, 0x4, 0xf8, 0x0, 0x1f,
    0xa0, 0xf, 0xb0, 0x5, 0xf6, 0x0, 0xbf, 0x0,
    0x9f, 0x10, 0x7, 0xf3, 0xc, 0xd0, 0x0, 0x3f,
    0x70, 0xf9, 0x0, 0x0, 0xeb, 0x4f, 0x40, 0x0,
    0xa, 0xe8, 0xf0, 0x0, 0x0, 0x6f, 0xdc, 0x0,
    0x0, 0x2, 0xff, 0x70, 0x0,

    /* U+0057 "W" */
    0xba, 0xb, 0xf1, 0x3f, 0x1a, 0xb0, 0xdd, 0x35,
    0xf0, 0x8c, 0xf, 0xc5, 0x6e, 0x6, 0xe1, 0xf9,
    0x77, 0xc0, 0x5f, 0x3d, 0x79, 0x9b, 0x3, 0xf6,
    0xb5, 0xba, 0x90, 0x2f, 0x99, 0x3d, 0xb8, 0x0,
    0xfc, 0x72, 0xfc, 0x60, 0xe, 0xd5, 0xf, 0xd4,
    0x0, 0xdf, 0x30, 0xef, 0x30,

    /* U+0058 "X" */
    0x2f, 0xc0, 0x5, 0xf9, 0x0, 0x9f, 0x40, 0xdf,
    0x10, 0x1, 0xfd, 0x6f, 0x70, 0x0, 0x8, 0xfe,
    0xe0, 0x0, 0x0, 0xe, 0xf6, 0x0, 0x0, 0x2,
    0xff, 0x80, 0x0, 0x0, 0xaf, 0xcf, 0x20, 0x0,
    0x3f, 0x94, 0xfa, 0x0, 0xc, 0xf1, 0xb, 0xf3,
    0x5, 0xf8, 0x0, 0x3f, 0xb0,

    /* U+0059 "Y" */
    0x7f, 0x50, 0x0, 0xed, 0x0, 0xfc, 0x0, 0x6f,
    0x60, 0x8, 0xf3, 0xc, 0xe0, 0x0, 0x1f, 0xb3,
    0xf7, 0x0, 0x0, 0x9f, 0xaf, 0x10, 0x0, 0x2,
    0xff, 0x80, 0x0, 0x0, 0xb, 0xf2, 0x0, 0x0,
    0x0, 0xaf, 0x10, 0x0, 0x0, 0xa, 0xf1, 0x0,
    0x0, 0x0, 0xaf, 0x10, 0x0,

    /* U+005A "Z" */
    0xcf, 0xff, 0xff, 0x27, 0x99, 0x9f, 0xf1, 0x0,
    0x4, 0xf9, 0x0, 0x0, 0xee, 0x10, 0x0, 0x8f,
    0x60, 0x0, 0x2f, 0xc0, 0x0, 0xc, 0xf2, 0x0,
    0x5, 0xf8, 0x0, 0x0, 0xdf, 0xa9, 0x99, 0x2e,
    0xff, 0xff, 0xf4,

    /* U+005B "[" */
    0x3a, 0xaa, 0x56, 0xff, 0xf8, 0x6f, 0x60, 0x6,
    0xf6, 0x0, 0x6f, 0x60, 0x6, 0xf6, 0x0, 0x6f,
    0x60, 0x6, 0xf6, 0x0, 0x6f, 0x60, 0x6, 0xf6,
    0x0, 0x6f, 0x60, 0x6, 0xf6, 0x0, 0x6f, 0xca,
    0x56, 0xff, 0xf8,

    /* U+005C "\\" */
    0x7, 0x50, 0x0, 0x0, 0xc, 0xf0, 0x0, 0x0,
    0x7, 0xf5, 0x0, 0x0, 0x1, 0xfb, 0x0, 0x0,
    0x0, 0xbf, 0x10, 0x0, 0x0, 0x5f, 0x70, 0x0,
    0x0, 0xf, 0xd0, 0x0, 0x0, 0xa, 0xf2, 0x0,
    0x0, 0x4, 0xf8, 0x0, 0x0, 0x0, 0xee, 0x0,
    0x0, 0x0, 0x8f, 0x40, 0x0, 0x0, 0x3f, 0xa0,
    0x0, 0x0, 0xd, 0xf0, 0x0, 0x0, 0x7, 0xf5,

    /* U+005D "]" */
    0x1a, 0xaa, 0x81, 0xff, 0xfd, 0x0, 0xf, 0xd0,
    0x0, 0xfd, 0x0, 0xf, 0xd0, 0x0, 0xfd, 0x0,
    0xf, 0xd0, 0x0, 0xfd, 0x0, 0xf, 0xd0, 0x0,
    0xfd, 0x0, 0xf, 0xd0, 0x0, 0xfd, 0x1a, 0xaf,
    0xd1, 0xff, 0xfd,

    /* U+005E "^" */
    0x0, 0x0, 0x0, 0x0, 0x0, 0xd, 0xf4, 0x0,
    0x0, 0x4f, 0xcb, 0x0, 0x0, 0xbd, 0x6f, 0x10,
    0x2, 0xf7, 0xf, 0x80, 0x8, 0xf1, 0xa, 0xe0,
    0xa, 0x80, 0x3, 0xb3,

    /* U+005F "_" */
    0x29, 0x99, 0x99, 0x96, 0x4f, 0xff, 0xff, 0xfa,

    /* U+0060 "`" */
    0x1, 0x0, 0x4f, 0x80, 0x6, 0xf3,

    /* U+0061 "a" */
    0x1, 0xae, 0xfc, 0x40, 0xc, 0xf8, 0x7e, 0xf1,
    0x1, 0x10, 0x6, 0xf5, 0x3, 0xcf, 0xff, 0xf6,
    0xe, 0xd3, 0x27, 0xf6, 0x3f, 0x80, 0x6, 0xf6,
    0x1f, 0xd5, 0x6c, 0xf6, 0x5, 0xef, 0xb5, 0xf6,

    /* U+0062 "b" */
    0xfc, 0x0, 0x0, 0xf, 0xc0, 0x0, 0x0, 0xfc,
    0xaf, 0xe6, 0xf, 0xfc, 0x9e, 0xf3, 0xfe, 0x0,
    0x5f, 0x7f, 0xc0, 0x3, 0xf8, 0xfc, 0x0, 0x3f,
    0x8f, 0xe0, 0x5, 0xf7, 0xfc, 0xc9, 0xef, 0x3f,
    0xb6, 0xee, 0x60,

    /* U+0063 "c" */
    0x0, 0x8d, 0xfc, 0x30, 0x9, 0xfc, 0x9e, 0xf2,
    0xf, 0xd0, 0x3, 0xc6, 0xf, 0xb0, 0x0, 0x0,
    0xf, 0xb0, 0x0, 0x0, 0xf, 0xd0, 0x3, 0xb6,
    0x9, 0xfb, 0x9e, 0xf2, 0x0, 0x8e, 0xfc, 0x30,

    /* U+0064 "d" */
    0x0, 0x0, 0x6, 0xf6, 0x0, 0x0, 0x6, 0xf6,
    0x2, 0xcf, 0xb6, 0xf6, 0xc, 0xfb, 0xac, 0xf6,
    0xf, 0xc0, 0x8, 0xf6, 0x2f, 0x90, 0x6, 0xf6,
    0x2f, 0x90, 0x6, 0xf6, 0xf, 0xb0, 0x7, 0xf6,
    0xc, 0xf9, 0x7e, 0xf6, 0x2, 0xcf, 0xd8, 0xf6,

    /* U+0065 "e" */
    0x1, 0x9e, 0xfc, 0x30, 0xb, 0xf9, 0x7d, 0xf2,
    0xf, 0xa0, 0x4, 0xf7, 0x2f, 0xff, 0xff, 0xf8,
    0x2f, 0xa3, 0x33, 0x31, 0xf, 0xb0, 0x1, 0x31,
    0xb, 0xfa, 0x8d, 0xf2, 0x1, 0x9e, 0xfc, 0x30,

    /* U+0066 "f" */
    0x0, 0x5, 0xdf, 0xf9, 0x0, 0xf, 0xe9, 0x95,
    0x0, 0x2f, 0xa0, 0x0, 0x4f, 0xff, 0xff, 0xf9,
    0x29, 0xaf, 0xd9, 0x95, 0x0, 0x2f, 0xa0, 0x0,
    0x0, 0x2f, 0xa0, 0x0, 0x0, 0x2f, 0xa0, 0x0,
    0x0, 0x2f, 0xa0, 0x0, 0x0, 0x2f, 0xa0, 0x0,

    /* U+0067 "g" */
    0x2, 0xcf, 0xc6, 0xf6, 0xd, 0xfb, 0xad, 0xf6,
    0x1f, 0xb0, 0x7, 0xf6, 0x3f, 0x90, 0x6, 0xf6,
    0x2f, 0xb0, 0x7, 0xf6, 0xd, 0xfa, 0x9d, 0xf6,
    0x2, 0xcf, 0xc7, 0xf6, 0x0, 0x0, 0x7, 0xf5,
    0x0, 0x67, 0x8f, 0xf1, 0x0, 0xef, 0xfc, 0x30,

    /* U+0068 "h" */
    0xfc, 0x0, 0x0, 0xf, 0xc0, 0x0, 0x0, 0xfc,
    0x8f, 0xd5, 0xf, 0xec, 0x9f, 0xf1, 0xfe, 0x0,
    0x8f, 0x4f, 0xc0, 0x6, 0xf5, 0xfc, 0x0, 0x6f,
    0x5f, 0xc0, 0x6, 0xf5, 0xfc, 0x0, 0x6f, 0x5f,
    0xc0, 0x6, 0xf5,

    /* U+0069 "i" */
    0x0, 0x17, 0x30, 0x0, 0x8, 0xfb, 0x0, 0x0,
    0x15, 0x10, 0x7, 0xff, 0xf9, 0x0, 0x4a, 0xaf,
    0x90, 0x0, 0x1, 0xf9, 0x0, 0x0, 0x1f, 0x90,
    0x0, 0x1, 0xf9, 0x0, 0x0, 0x1f, 0x90, 0x8,
    0xaa, 0xfd, 0xa8, 0xdf, 0xff, 0xff, 0xd0,

    /* U+006A "j" */
    0x0, 0x3, 0x72, 0x0, 0xa, 0xf9, 0x0, 0x1,
    0x51, 0x7f, 0xff, 0xf6, 0x4a, 0xac, 0xf6, 0x0,
    0x5, 0xf6, 0x0, 0x5, 0xf6, 0x0, 0x5, 0xf6,
    0x0, 0x5, 0xf6, 0x0, 0x5, 0xf6, 0x0, 0x7,
    0xf4, 0x8a, 0xbf, 0xe1, 0xcf, 0xfc, 0x30,

    /* U+006B "k" */
    0xee, 0x0, 0x0, 0x0, 0xee, 0x0, 0x0, 0x0,
    0xee, 0x0, 0x4f, 0xb0, 0xee, 0x0, 0xcf, 0x20,
    0xee, 0x5, 0xf8, 0x0, 0xef, 0x8e, 0xe1, 0x0,
    0xef, 0xff, 0xc0, 0x0, 0xee, 0x9, 0xf6, 0x0,
    0xee, 0x0, 0xef, 0x10, 0xee, 0x0, 0x4f, 0xb0,

    /* U+006C "l" */
    0x9f, 0xff, 0xa0, 0x0, 0x59, 0xaf, 0xa0, 0x0,
    0x0, 0x1f, 0xa0, 0x0, 0x0, 0x1f, 0xa0, 0x0,
    0x0, 0x1f, 0xa0, 0x0, 0x0, 0x1f, 0xa0, 0x0,
    0x0, 0x1f, 0xa0, 0x0, 0x0, 0x1f, 0xa0, 0x0,
    0x0, 0xe, 0xfa, 0x98, 0x0, 0x4, 0xdf, 0xfd,

    /* U+006D "m" */
    0x5f, 0x8f, 0x6b, 0xe3, 0x5f, 0x5b, 0xf4, 0xea,
    0x5f, 0x28, 0xf0, 0xbb, 0x5f, 0x28, 0xf0, 0xbb,
    0x5f, 0x28, 0xf0, 0xbb, 0x5f, 0x28, 0xf0, 0xbb,
    0x5f, 0x28, 0xf0, 0xbb, 0x5f, 0x28, 0xf0, 0xbb,

    /* U+006E "n" */
    0xfa, 0x8f, 0xd5, 0xf, 0xea, 0x7e, 0xf1, 0xfd,
    0x0, 0x7f, 0x4f, 0xc0, 0x6, 0xf5, 0xfc, 0x0,
    0x6f, 0x5f, 0xc0, 0x6, 0xf5, 0xfc, 0x0, 0x6f,
    0x5f, 0xc0, 0x6, 0xf5,

    /* U+006F "o" */
    0x0, 0x9e, 0xfc, 0x30, 0xa, 0xfb, 0x9f, 0xf1,
    0xf, 0xc0, 0x5, 0xf6, 0x2f, 0x90, 0x3, 0xf8,
    0x2f, 0x90, 0x3, 0xf8, 0xf, 0xc0, 0x5, 0xf6,
    0xb, 0xfb, 0x9f, 0xf2, 0x0, 0x9e, 0xfc, 0x30,

    /* U+0070 "p" */
    0xfb, 0xaf, 0xe6, 0xf, 0xfc, 0x9e, 0xf3, 0xfe,
    0x0, 0x5f, 0x7f, 0xc0, 0x3, 0xf8, 0xfc, 0x0,
    0x3f, 0x8f, 0xe0, 0x5, 0xf7, 0xfd, 0xc9, 0xef,
    0x3f, 0xc6, 0xee, 0x60, 0xfc, 0x0, 0x0, 0xf,
    0xc0, 0x0, 0x0,

    /* U+0071 "q" */
    0x1, 0xbf, 0xd7, 0xf6, 0xc, 0xfb, 0x9f, 0xf6,
    0xf, 0xc0, 0x7, 0xf6, 0x1f, 0xa0, 0x5, 0xf6,
    0x1f, 0xa0, 0x5, 0xf6, 0xf, 0xc0, 0x7, 0xf6,
    0xc, 0xfb, 0x9d, 0xf6, 0x2, 0xbf, 0xc7, 0xf6,
    0x0, 0x0, 0x5, 0xf6, 0x0, 0x0, 0x5, 0xf6,

    /* U+0072 "r" */
    0xaf, 0x4d, 0xfa, 0x1a, 0xfa, 0x6b, 0xf9, 0xaf,
    0x20, 0xf, 0xda, 0xf1, 0x0, 0x66, 0xaf, 0x10,
    0x0, 0xa, 0xf1, 0x0, 0x0, 0xaf, 0x10, 0x0,
    0xa, 0xf1, 0x0, 0x0,

    /* U+0073 "s" */
    0x3, 0xcf, 0xfd, 0x60, 0xd, 0xf7, 0x6c, 0xf4,
    0xf, 0xc0, 0x0, 0x10, 0xa, 0xff, 0xc9, 0x30,
    0x0, 0x59, 0xbf, 0xf3, 0x2, 0x10, 0x3, 0xf8,
    0xe, 0xe7, 0x6b, 0xf5, 0x3, 0xcf, 0xfe, 0x70,

    /* U+0074 "t" */
    0x0, 0x3f, 0x80, 0x0, 0x0, 0x3f, 0x80, 0x0,
    0x6f, 0xff, 0xff, 0xf7, 0x3a, 0xbf, 0xda, 0xa4,
    0x0, 0x3f, 0x80, 0x0, 0x0, 0x3f, 0x80, 0x0,
    0x0, 0x3f, 0x80, 0x0, 0x0, 0x3f, 0x80, 0x0,
    0x0, 0x1f, 0xea, 0x92, 0x0, 0x5, 0xdf, 0xf4,

    /* U+0075 "u" */
    0xfd, 0x0, 0x6f, 0x5f, 0xd0, 0x6, 0xf5, 0xfd,
    0x0, 0x6f, 0x5f, 0xd0, 0x6, 0xf5, 0xfd, 0x0,
    0x6f, 0x5d, 0xe0, 0x8, 0xf4, 0x8f, 0xb9, 0xfe,
    0x0, 0x9e, 0xfc, 0x30,

    /* U+0076 "v" */
    0x5f, 0x70, 0x1, 0xfc, 0xf, 0xc0, 0x5, 0xf6,
    0xa, 0xf1, 0xa, 0xf1, 0x5, 0xf6, 0xf, 0xc0,
    0x0, 0xfb, 0x4f, 0x60, 0x0, 0xaf, 0x9f, 0x10,
    0x0, 0x5f, 0xeb, 0x0, 0x0, 0xf, 0xf6, 0x0,

    /* U+0077 "w" */
    0xb8, 0xa, 0xf1, 0x2f, 0x18, 0xa0, 0xdd, 0x34,
    0xf0, 0x6c, 0xf, 0xb6, 0x6c, 0x4, 0xe2, 0xe8,
    0x88, 0xa0, 0x2f, 0x5c, 0x6a, 0x98, 0x0, 0xf9,
    0xa3, 0xdb, 0x60, 0xe, 0xc7, 0x1f, 0xd4, 0x0,
    0xcf, 0x50, 0xef, 0x20,

    /* U+0078 "x" */
    0x1e, 0xe0, 0x8, 0xf7, 0x5, 0xf9, 0x2f, 0xc0,
    0x0, 0xbf, 0xdf, 0x20, 0x0, 0x1f, 0xf7, 0x0,
    0x0, 0x3f, 0xf9, 0x0, 0x0, 0xde, 0xaf, 0x40,
    0x8, 0xf6, 0x1e, 0xe0, 0x3f, 0xc0, 0x5, 0xf9,

    /* U+0079 "y" */
    0x5f, 0x90, 0x1, 0xfb, 0xe, 0xe0, 0x7, 0xf5,
    0x7, 0xf5, 0xc, 0xf0, 0x1, 0xfb, 0x2f, 0xa0,
    0x0, 0xaf, 0x8f, 0x40, 0x0, 0x4f, 0xde, 0x0,
    0x0, 0xd, 0xf8, 0x0, 0x0, 0xa, 0xf2, 0x0,
    0x0, 0xf, 0xc0, 0x0, 0x0, 0x6f, 0x60, 0x0,

    /* U+007A "z" */
    0xef, 0xff, 0xff, 0x48, 0x99, 0x9f, 0xf3, 0x0,
    0xa, 0xf8, 0x0, 0x8, 0xfa, 0x0, 0x6, 0xfc,
    0x0, 0x4, 0xfd, 0x10, 0x0, 0xff, 0xa8, 0x88,
    0x3f, 0xff, 0xff, 0xf6,

    /* U+007B "{" */
    0x0, 0x1, 0x7a, 0x30, 0x0, 0xdf, 0xf4, 0x0,
    0x2f, 0xb0, 0x0, 0x2, 0xf9, 0x0, 0x0, 0x1f,
    0xa0, 0x0, 0x2, 0xfa, 0x0, 0x9a, 0xdf, 0x40,
    0xe, 0xff, 0xb1, 0x0, 0x0, 0x4f, 0x90, 0x0,
    0x1, 0xfa, 0x0, 0x0, 0x2f, 0x90, 0x0, 0x3,
    0xf9, 0x0, 0x0, 0x1f, 0xfa, 0x30, 0x0, 0x5d,
    0xf4,

    /* U+007C "|" */
    0x46, 0xa, 0xf1, 0xaf, 0x1a, 0xf1, 0xaf, 0x1a,
    0xf1, 0xaf, 0x1a, 0xf1, 0xaf, 0x1a, 0xf1, 0xaf,
    0x1a, 0xf1, 0xaf, 0x1a, 0xf1,

    /* U+007D "}" */
    0x89, 0x40, 0x0, 0xd, 0xff, 0x40, 0x0, 0x4,
    0xf9, 0x0, 0x0, 0x1f, 0x90, 0x0, 0x2, 0xf8,
    0x0, 0x0, 0x3f, 0x90, 0x0, 0x0, 0xcf, 0xaa,
    0x30, 0x6, 0xef, 0xf5, 0x2, 0xfb, 0x0, 0x0,
    0x3f, 0x80, 0x0, 0x2, 0xf9, 0x0, 0x0, 0x2f,
    0xa0, 0x0, 0x9d, 0xf7, 0x0, 0xd, 0xfa, 0x0,
    0x0,

    /* U+007E "~" */
    0x0, 0x0, 0x0, 0x0, 0x9, 0xfd, 0x20, 0xc9,
    0x2f, 0x8b, 0xd2, 0xe8, 0x3f, 0x30, 0xcf, 0xf3,
    0x4, 0x0, 0x3, 0x10,

    /* U+00A1 "¡" */
    0xbe, 0x3a, 0xd2, 0x0, 0x7, 0xd0, 0x8e, 0x9,
    0xf0, 0xaf, 0xb, 0xf1, 0xcf, 0x2c, 0xf2,

    /* U+00A2 "¢" */
    0x0, 0x6, 0xb1, 0x0, 0x0, 0x2c, 0xf6, 0x0,
    0x4, 0xff, 0xff, 0xb0, 0xd, 0xf3, 0x9, 0xf6,
    0xf, 0xb0, 0x0, 0x42, 0xf, 0xb0, 0x0, 0x0,
    0xf, 0xb0, 0x0, 0x0, 0xe, 0xe0, 0x5, 0xf7,
    0x7, 0xfe, 0xcf, 0xe1, 0x0, 0x6d, 0xfa, 0x20,
    0x0, 0x9, 0xf2, 0x0,

    /* U+00A3 "£" */
    0x1, 0xae, 0xfc, 0x30, 0xb, 0xfb, 0x9f, 0xf1,
    0xf, 0xc0, 0x5, 0xc4, 0xe, 0xd0, 0x0, 0x0,
    0x7, 0xf8, 0x22, 0x0, 0xf, 0xff, 0xff, 0x10,
    0x5, 0xaf, 0x65, 0x0, 0x2, 0xdc, 0x0, 0x0,
    0xf, 0xea, 0xaa, 0xa4, 0xf, 0xff, 0xff, 0xf7,

    /* U+00A4 "¤" */
    0x19, 0x0, 0x0, 0x53, 0x1d, 0xde, 0xfb, 0xf6,
    0x5, 0xe3, 0x1a, 0xb0, 0x9, 0x70, 0x1, 0xf0,
    0x9, 0x70, 0x1, 0xf0, 0x5, 0xd1, 0x9, 0xb0,
    0x1d, 0xef, 0xfd, 0xf4, 0x1a, 0x10, 0x0, 0x85,

    /* U+00A5 "¥" */
    0x7f, 0x60, 0x0, 0xed, 0x0, 0xed, 0x0, 0x6f,
    0x60, 0x7, 0xf5, 0xd, 0xd0, 0x0, 0xe, 0xc5,
    0xf6, 0x0, 0x1, 0x8f, 0xde, 0x10, 0x2, 0xff,
    0xff, 0xff, 0x90, 0x5, 0x5c, 0xf5, 0x52, 0x2,
    0xff, 0xff, 0xff, 0x90, 0x4, 0x4c, 0xf4, 0x42,
    0x0, 0x0, 0xaf, 0x10, 0x0,

    /* U+00A6 "¦" */
    0x46, 0xa, 0xf1, 0xaf, 0x1a, 0xf1, 0xaf, 0x1a,
    0xf1, 0x0, 0x0, 0x0, 0x47, 0xa, 0xf1, 0xaf,
    0x1a, 0xf1, 0xaf, 0x1a, 0xf1,

    /* U+00A7 "§" */
    0x2, 0xbf, 0xfd, 0x60, 0xd, 0xf7, 0x7c, 0xf4,
    0xf, 0xc0, 0x0, 0x10, 0x8, 0xfd, 0x95, 0x0,
    0x1, 0xbb, 0xcf, 0xd1, 0xd, 0xb0, 0x5, 0xf8,
    0xf, 0xd0, 0x4, 0xf5, 0x6, 0xff, 0xcd, 0x60,
    0x0, 0x15, 0x9e, 0xf3, 0x2, 0x10, 0x3, 0xf8,
    0xe, 0xf8, 0x7c, 0xf5, 0x2, 0xbf, 0xfd, 0x70,

    /* U+00A8 "¨" */
    0xb, 0x62, 0xb4, 0x1e, 0x82, 0xe6,

    /* U+00A9 "©" */
    0x0, 0x7a, 0xb9, 0x20, 0xa, 0x60, 0x2, 0xc2,
    0x39, 0x2c, 0xe7, 0x39, 0x56, 0x89, 0x17, 0xc,
    0x66, 0x98, 0x0, 0xc, 0x56, 0x8a, 0x18, 0xc,
    0x3a, 0x2c, 0xe6, 0x39, 0xb, 0x60, 0x2, 0xc2,
    0x0, 0x7b, 0xb9, 0x20,

    /* U+00AA "ª" */
    0x2a, 0xa7, 0x2a, 0xaf, 0x96, 0xf, 0x4c, 0x7e,

    /* U+00AB "«" */
    0x0, 0x6d, 0x51, 0xca, 0x0, 0x3f, 0xb0, 0xcf,
    0x20, 0xd, 0xd1, 0x8f, 0x50, 0x8, 0xf4, 0x1f,
    0xa0, 0x0, 0x1e, 0xc0, 0x9f, 0x30, 0x0, 0x4f,
    0x90, 0xde, 0x10, 0x0, 0x8f, 0x52, 0xfb, 0x0,

    /* U+00AC "¬" */
    0xa, 0xaa, 0xaa, 0xa4, 0xf, 0xff, 0xff, 0xf6,
    0x0, 0x0, 0x4, 0xf6, 0x0, 0x0, 0x4, 0xf6,

    /* U+00AE "®" */
    0x0, 0x7a, 0xb9, 0x20, 0xa, 0x60, 0x2, 0xc2,
    0x39, 0x6d, 0xc6, 0x39, 0x56, 0x69, 0x2e, 0xc,
    0x66, 0x6e, 0xf7, 0xc, 0x56, 0x69, 0x87, 0xc,
    0x3a, 0x58, 0x2c, 0x39, 0xb, 0x60, 0x2, 0xc2,
    0x0, 0x7b, 0xb9, 0x20,

    /* U+00AF "¯" */
    0x68, 0x88, 0x1c, 0xff, 0xf3,

    /* U+00B0 "°" */
    0x3c, 0xd7, 0xc, 0x40, 0xd3, 0xc4, 0xd, 0x33,
    0xcd, 0x80,

    /* U+00B1 "±" */
    0x0, 0x7, 0xc1, 0x0, 0x0, 0xa, 0xf1, 0x0,
    0x0, 0xa, 0xf1, 0x0, 0x2f, 0xff, 0xff, 0xf9,
    0x1a, 0xad, 0xfa, 0xa6, 0x0, 0xa, 0xf1, 0x0,
    0x0, 0xa, 0xf1, 0x0, 0x5, 0x55, 0x55, 0x52,
    0x1f, 0xff, 0xff, 0xf7,

    /* U+00B2 "²" */
    0x5e, 0xe4, 0x82, 0x7b, 0x1, 0xc7, 0x6d, 0x60,
    0xee, 0xec,

    /* U+00B3 "³" */
    0x7c, 0xd9, 0x3, 0xc2, 0x5, 0xe8, 0x62, 0x5c,
    0x6e, 0xe4,

    /* U+00B4 "´" */
    0x0, 0x10, 0xd, 0xd1, 0x8f, 0x20,

    /* U+00B5 "µ" */
    0xfd, 0x0, 0x6f, 0x5f, 0xd0, 0x6, 0xf5, 0xfd,
    0x0, 0x6f, 0x5f, 0xd0, 0x6, 0xf5, 0xfd, 0x0,
    0x6f, 0x5f, 0xe0, 0x8, 0xf4, 0xff, 0xb9, 0xfe,
    0xf, 0x9d, 0xfc, 0x30, 0xf8, 0x0, 0x0, 0xf,
    0xa0, 0x0, 0x0,

    /* U+00B6 "¶" */
    0x4, 0xdf, 0xff, 0xf4, 0xf, 0xff, 0xd5, 0xf4,
    0x3f, 0xff, 0xd1, 0xf4, 0x3f, 0xff, 0xd1, 0xf4,
    0xe, 0xff, 0xd1, 0xf4, 0x3, 0xbe, 0xd1, 0xf4,
    0x0, 0x9, 0xd1, 0xf4, 0x0, 0x9, 0xd1, 0xf4,
    0x0, 0x9, 0xd1, 0xf4, 0x0, 0x9, 0xd1, 0xf4,

    /* U+00B7 "·" */
    0x8, 0xb2, 0x1f, 0xf8, 0xc, 0xe3,

    /* U+00B8 "¸" */
    0x0, 0x0, 0xb, 0x60, 0x3, 0xbc, 0x3e, 0xe8,

    /* U+00B9 "¹" */
    0x1c, 0xf2, 0x4, 0x9e, 0x20, 0x0, 0xf2, 0x0,
    0xf, 0x20, 0x8e, 0xfe, 0x60,

    /* U+00BA "º" */
    0x2c, 0xd6, 0x87, 0x1e, 0x87, 0xf, 0x2d, 0xd7,

    /* U+00BB "»" */
    0x5d, 0x60, 0xcb, 0x0, 0x0, 0xbf, 0x34, 0xf9,
    0x0, 0x1, 0xdd, 0x8, 0xf5, 0x0, 0x4, 0xf8,
    0xd, 0xe0, 0x0, 0xce, 0x16, 0xf6, 0x0, 0x9f,
    0x43, 0xfa, 0x0, 0x5f, 0x80, 0xde, 0x10, 0x0,

    /* U+00BC "¼" */
    0x4, 0x81, 0x0, 0x61, 0x3c, 0xe2, 0x3, 0xc0,
    0x10, 0xe2, 0xb, 0x50, 0x0, 0xe2, 0x4d, 0x0,
    0x7e, 0xfe, 0xf5, 0x0, 0x0, 0x4, 0xd0, 0x0,
    0x0, 0xc, 0x55, 0xb0, 0x0, 0x3d, 0x1e, 0x30,
    0x0, 0xb5, 0xa8, 0x69, 0x2, 0xd0, 0xce, 0xea,
    0xa, 0x50, 0x0, 0x7a,

    /* U+00BD "½" */
    0x5, 0x81, 0x0, 0x71, 0x3, 0xce, 0x20, 0x3c,
    0x0, 0x10, 0xe2, 0xc, 0x40, 0x0, 0xe, 0x24,
    0xc0, 0x0, 0x7e, 0xfe, 0xf4, 0x0, 0x0, 0x0,
    0x4c, 0x0, 0x0, 0x0, 0xc, 0x7c, 0xe7, 0x0,
    0x3, 0xd6, 0x63, 0xf0, 0x0, 0xb5, 0x0, 0x9b,
    0x0, 0x3d, 0x3, 0xd8, 0x0, 0xa, 0x50, 0x9e,
    0xee, 0x10,

    /* U+00BE "¾" */
    0x7, 0xab, 0x60, 0xc, 0x10, 0x4, 0xc1, 0x6,
    0x90, 0x0, 0x5e, 0x60, 0xd1, 0x0, 0x81, 0x8a,
    0x78, 0x0, 0x7, 0xdd, 0x4e, 0x10, 0x0, 0x0,
    0x8, 0x71, 0x50, 0x0, 0x1, 0xd1, 0xb7, 0x0,
    0x0, 0x96, 0x99, 0x69, 0x0, 0x2d, 0xc, 0xee,
    0xa0, 0xa, 0x50, 0x0, 0x7a,

    /* U+00BF "¿" */
    0x0, 0x2e, 0xd0, 0x0, 0x1d, 0xc0, 0x0, 0x0,
    0x0, 0x0, 0xe, 0xa0, 0x7, 0xef, 0xa0, 0x5f,
    0xe9, 0x60, 0xaf, 0x20, 0x0, 0x9f, 0x30, 0x0,
    0x4f, 0xeb, 0xa7, 0x4, 0xcf, 0xfa,

    /* U+00C0 "À" */
    0x0, 0x11, 0x0, 0x0, 0x0, 0x4, 0xf8, 0x0,
    0x0, 0x0, 0x6, 0xf4, 0x0, 0x0, 0x0, 0x0,
    0x0, 0x0, 0x0, 0x1f, 0xf8, 0x0, 0x0, 0x5,
    0xfd, 0xd0, 0x0, 0x0, 0xae, 0x8f, 0x10, 0x0,
    0xe, 0xa4, 0xf5, 0x0, 0x2, 0xf6, 0xf, 0x90,
    0x0, 0x7f, 0x41, 0xdd, 0x0, 0xb, 0xff, 0xff,
    0xf2, 0x0, 0xfc, 0x44, 0x7f, 0x60, 0x4f, 0x70,
    0x1, 0xfa, 0x8, 0xf3, 0x0, 0xd, 0xe0,

    /* U+00C1 "Á" */
    0x0, 0x0, 0xce, 0x10, 0x0, 0x0, 0x8f, 0x30,
    0x0, 0x0, 0x1, 0x0, 0x0, 0x0, 0x0, 0x0,
    0x0, 0x0, 0x0, 0x1f, 0xf8, 0x0, 0x0, 0x5,
    0xfd, 0xd0, 0x0, 0x0, 0xae, 0x8f, 0x10, 0x0,
    0xe, 0xa4, 0xf5, 0x0, 0x2, 0xf6, 0xf, 0x90,
    0x0, 0x7f, 0x41, 0xdd, 0x0, 0xb, 0xff, 0xff,
    0xf2, 0x0, 0xfc, 0x44, 0x7f, 0x60, 0x4f, 0x70,
    0x1, 0xfa, 0x8, 0xf3, 0x0, 0xd, 0xe0,

    /* U+00C2 "Â" */
    0x0, 0x7, 0x82, 0x0, 0x0, 0x7, 0xd9, 0xd0,
    0x0, 0x0, 0x72, 0x7, 0x30, 0x0, 0x0, 0x0,
    0x0, 0x0, 0x0, 0x1f, 0xf8, 0x0, 0x0, 0x5,
    0xfd, 0xd0, 0x0, 0x0, 0xae, 0x8f, 0x10, 0x0,
    0xe, 0xa4, 0xf5, 0x0, 0x2, 0xf6, 0xf, 0x90,
    0x0, 0x7f, 0x41, 0xdd, 0x0, 0xb, 0xff, 0xff,
    0xf2, 0x0, 0xfc, 0x44, 0x7f, 0x60, 0x4f, 0x70,
    0x1, 0xfa, 0x8, 0xf3, 0x0, 0xd, 0xe0,

    /* U+00C3 "Ã" */
    0x2, 0xcd, 0x52, 0xd0, 0x0, 0x7a, 0x4d, 0xf9,
    0x0, 0x1, 0x10, 0x1, 0x0, 0x0, 0x0, 0x0,
    0x0, 0x0, 0x0, 0x1f, 0xf8, 0x0, 0x0, 0x5,
    0xfd, 0xd0, 0x0, 0x0, 0xae, 0x8f, 0x10, 0x0,
    0xe, 0xa4, 0xf5, 0x0, 0x2, 0xf6, 0xf, 0x90,
    0x0, 0x7f, 0x41, 0xdd, 0x0, 0xb, 0xff, 0xff,
    0xf2, 0x0, 0xfc, 0x44, 0x7f, 0x60, 0x4f, 0x70,
    0x1, 0xfa, 0x8, 0xf3, 0x0, 0xd, 0xe0,

    /* U+00C4 "Ä" */
    0x0, 0xb6, 0x2b, 0x40, 0x0, 0x1e, 0x82, 0xe6,
    0x0, 0x0, 0x0, 0x0, 0x0, 0x0, 0x0, 0x0,
    0x0, 0x0, 0x0, 0x1f, 0xf8, 0x0, 0x0, 0x5,
    0xfd, 0xd0, 0x0, 0x0, 0xae, 0x8f, 0x10, 0x0,
    0xe, 0xa4, 0xf5, 0x0, 0x2, 0xf6, 0xf, 0x90,
    0x0, 0x7f, 0x41, 0xdd, 0x0, 0xb, 0xff, 0xff,
    0xf2, 0x0, 0xfc, 0x44, 0x7f, 0x60, 0x4f, 0x70,
    0x1, 0xfa, 0x8, 0xf3, 0x0, 0xd, 0xe0,

    /* U+00C5 "Å" */
    0x0, 0x1b, 0xc5, 0x0, 0x0, 0x6, 0x82, 0xd0,
    0x0, 0x0, 0x1b, 0xc5, 0x0, 0x0, 0x0, 0x0,
    0x0, 0x0, 0x0, 0x1f, 0xf8, 0x0, 0x0, 0x5,
    0xfd, 0xd0, 0x0, 0x0, 0xae, 0x8f, 0x10, 0x0,
    0xe, 0xa4, 0xf5, 0x0, 0x2, 0xf6, 0xf, 0x90,
    0x0, 0x7f, 0x41, 0xdd, 0x0, 0xb, 0xff, 0xff,
    0xf2, 0x0, 0xfc, 0x44, 0x7f, 0x60, 0x4f, 0x70,
    0x1, 0xfa, 0x8, 0xf3, 0x0, 0xd, 0xe0,

    /* U+00C6 "Æ" */
    0x0, 0xff, 0xff, 0xff, 0x10, 0x2f, 0xaf, 0xd8,
    0x80, 0x5, 0xf2, 0xeb, 0x0, 0x0, 0x8f, 0xe,
    0xb0, 0x0, 0xb, 0xc0, 0xef, 0xfb, 0x0, 0xea,
    0x1e, 0xd8, 0x60, 0x2f, 0xff, 0xfb, 0x0, 0x5,
    0xf6, 0x4e, 0xb0, 0x0, 0x8f, 0x10, 0xed, 0x88,
    0xb, 0xe0, 0xe, 0xff, 0xf1,

    /* U+00C7 "Ç" */
    0x0, 0x8e, 0xfc, 0x40, 0xa, 0xfc, 0xaf, 0xf2,
    0xf, 0xd0, 0x4, 0xe7, 0x1f, 0xb0, 0x0, 0x0,
    0x1f, 0xb0, 0x0, 0x0, 0x1f, 0xb0, 0x0, 0x0,
    0x1f, 0xb0, 0x0, 0x0, 0xf, 0xd0, 0x4, 0xf7,
    0xa, 0xfc, 0xaf, 0xf2, 0x0, 0x9f, 0xfc, 0x40,
    0x0, 0xc, 0x92, 0x0, 0x0, 0x0, 0xae, 0x0,
    0x0, 0x3e, 0xe8, 0x0,

    /* U+00C8 "È" */
    0x5, 0xf7, 0x0, 0x0, 0x8, 0xf3, 0x0, 0x0,
    0x1, 0x0, 0x0, 0x0, 0x0, 0x0, 0xcf, 0xff,
    0xff, 0x6c, 0xf9, 0x99, 0x93, 0xcf, 0x0, 0x0,
    0xc, 0xf0, 0x0, 0x0, 0xcf, 0xff, 0xfe, 0xc,
    0xf9, 0x99, 0x80, 0xcf, 0x0, 0x0, 0xc, 0xf0,
    0x0, 0x0, 0xcf, 0x99, 0x99, 0x3c, 0xff, 0xff,
    0xf6,

    /* U+00C9 "É" */
    0x0, 0xc, 0xe1, 0x0, 0x8, 0xf3, 0x0, 0x0,
    0x10, 0x0, 0x0, 0x0, 0x0, 0x0, 0xcf, 0xff,
    0xff, 0x6c, 0xf9, 0x99, 0x93, 0xcf, 0x0, 0x0,
    0xc, 0xf0, 0x0, 0x0, 0xcf, 0xff, 0xfe, 0xc,
    0xf9, 0x99, 0x80, 0xcf, 0x0, 0x0, 0xc, 0xf0,
    0x0, 0x0, 0xcf, 0x99, 0x99, 0x3c, 0xff, 0xff,
    0xf6,

    /* U+00CA "Ê" */
    0x0, 0x78, 0x20, 0x0, 0x7d, 0x9d, 0x0, 0x7,
    0x20, 0x73, 0x0, 0x0, 0x0, 0x0, 0xcf, 0xff,
    0xff, 0x6c, 0xf9, 0x99, 0x93, 0xcf, 0x0, 0x0,
    0xc, 0xf0, 0x0, 0x0, 0xcf, 0xff, 0xfe, 0xc,
    0xf9, 0x99, 0x80, 0xcf, 0x0, 0x0, 0xc, 0xf0,
    0x0, 0x0, 0xcf, 0x99, 0x99, 0x3c, 0xff, 0xff,
    0xf6,

    /* U+00CB "Ë" */
    0xb, 0x62, 0xb4, 0x1, 0xe8, 0x2e, 0x60, 0x0,
    0x0, 0x0, 0x0, 0x0, 0x0, 0x0, 0xcf, 0xff,
    0xff, 0x6c, 0xf9, 0x99, 0x93, 0xcf, 0x0, 0x0,
    0xc, 0xf0, 0x0, 0x0, 0xcf, 0xff, 0xfe, 0xc,
    0xf9, 0x99, 0x80, 0xcf, 0x0, 0x0, 0xc, 0xf0,
    0x0, 0x0, 0xcf, 0x99, 0x99, 0x3c, 0xff, 0xff,
    0xf6,

    /* U+00CC "Ì" */
    0x5, 0xf7, 0x0, 0x0, 0x8, 0xf3, 0x0, 0x0,
    0x1, 0x0, 0x0, 0x0, 0x0, 0x0, 0xdf, 0xff,
    0xff, 0x37, 0x9d, 0xf9, 0x92, 0x0, 0xbf, 0x10,
    0x0, 0xb, 0xf1, 0x0, 0x0, 0xbf, 0x10, 0x0,
    0xb, 0xf1, 0x0, 0x0, 0xbf, 0x10, 0x0, 0xb,
    0xf1, 0x0, 0x79, 0xdf, 0x99, 0x2d, 0xff, 0xff,
    0xf3,

    /* U+00CD "Í" */
    0x0, 0xc, 0xe1, 0x0, 0x8, 0xf3, 0x0, 0x0,
    0x10, 0x0, 0x0, 0x0, 0x0, 0x0, 0xdf, 0xff,
    0xff, 0x37, 0x9d, 0xf9, 0x92, 0x0, 0xbf, 0x10,
    0x0, 0xb, 0xf1, 0x0, 0x0, 0xbf, 0x10, 0x0,
    0xb, 0xf1, 0x0, 0x0, 0xbf, 0x10, 0x0, 0xb,
    0xf1, 0x0, 0x79, 0xdf, 0x99, 0x2d, 0xff, 0xff,
    0xf3,

    /* U+00CE "Î" */
    0x0, 0x78, 0x20, 0x0, 0x7d, 0x9d, 0x0, 0x7,
    0x20, 0x73, 0x0, 0x0, 0x0, 0x0, 0xdf, 0xff,
    0xff, 0x37, 0x9d, 0xf9, 0x92, 0x0, 0xbf, 0x10,
    0x0, 0xb, 0xf1, 0x0, 0x0, 0xbf, 0x10, 0x0,
    0xb, 0xf1, 0x0, 0x0, 0xbf, 0x10, 0x0, 0xb,
    0xf1, 0x0, 0x79, 0xdf, 0x99, 0x2d, 0xff, 0xff,
    0xf3,

    /* U+00CF "Ï" */
    0xb, 0x62, 0xb4, 0x1, 0xe8, 0x2e, 0x60, 0x0,
    0x0, 0x0, 0x0, 0x0, 0x0, 0x0, 0xdf, 0xff,
    0xff, 0x37, 0x9d, 0xf9, 0x92, 0x0, 0xbf, 0x10,
    0x0, 0xb, 0xf1, 0x0, 0x0, 0xbf, 0x10, 0x0,
    0xb, 0xf1, 0x0, 0x0, 0xbf, 0x10, 0x0, 0xb,
    0xf1, 0x0, 0x79, 0xdf, 0x99, 0x2d, 0xff, 0xff,
    0xf3,

    /* U+00D0 "Ð" */
    0xf, 0xff, 0xeb, 0x30, 0xf, 0xea, 0xbf, 0xe1,
    0xf, 0xc0, 0x6, 0xf6, 0xf, 0xc0, 0x3, 0xf8,
    0xaf, 0xff, 0x33, 0xf8, 0x5f, 0xe9, 0x13, 0xf8,
    0xf, 0xc0, 0x3, 0xf8, 0xf, 0xc0, 0x6, 0xf6,
    0xf, 0xea, 0xbf, 0xe1, 0xf, 0xff, 0xfb, 0x30,

    /* U+00D1 "Ñ" */
    0x2, 0xcd, 0x52, 0xd0, 0x7, 0xa4, 0xdf, 0x90,
    0x1, 0x10, 0x1, 0x0, 0x0, 0x0, 0x0, 0x0,
    0xf, 0xf4, 0x2, 0xf7, 0xf, 0xfa, 0x2, 0xf7,
    0xf, 0xcf, 0x12, 0xf7, 0xf, 0x9f, 0x62, 0xf7,
    0xf, 0x8b, 0xc2, 0xf7, 0xf, 0x85, 0xf4, 0xf7,
    0xf, 0x80, 0xf9, 0xf7, 0xf, 0x80, 0x9c, 0xf7,
    0xf, 0x80, 0x4f, 0xf7, 0xf, 0x80, 0xe, 0xf7,

    /* U+00D2 "Ò" */
    0x0, 0x5f, 0x70, 0x0, 0x0, 0x8, 0xf3, 0x0,
    0x0, 0x0, 0x10, 0x0, 0x0, 0x0, 0x0, 0x0,
    0x1, 0x9e, 0xfc, 0x30, 0xb, 0xfb, 0x9f, 0xf2,
    0xf, 0xb0, 0x5, 0xf7, 0x2f, 0x90, 0x3, 0xf8,
    0x2f, 0x90, 0x3, 0xf8, 0x2f, 0x90, 0x3, 0xf8,
    0x2f, 0x90, 0x3, 0xf8, 0xf, 0xb0, 0x5, 0xf7,
    0xb, 0xfb, 0x9f, 0xf2, 0x1, 0x9e, 0xfc, 0x30,

    /* U+00D3 "Ó" */
    0x0, 0x0, 0xce, 0x10, 0x0, 0x8, 0xf3, 0x0,
    0x0, 0x1, 0x0, 0x0, 0x0, 0x0, 0x0, 0x0,
    0x1, 0x9e, 0xfc, 0x30, 0xb, 0xfb, 0x9f, 0xf2,
    0xf, 0xb0, 0x5, 0xf7, 0x2f, 0x90, 0x3, 0xf8,
    0x2f, 0x90, 0x3, 0xf8, 0x2f, 0x90, 0x3, 0xf8,
    0x2f, 0x90, 0x3, 0xf8, 0xf, 0xb0, 0x5, 0xf7,
    0xb, 0xfb, 0x9f, 0xf2, 0x1, 0x9e, 0xfc, 0x30,

    /* U+00D4 "Ô" */
    0x0, 0x7, 0x82, 0x0, 0x0, 0x7d, 0x9d, 0x0,
    0x0, 0x72, 0x7, 0x30, 0x0, 0x0, 0x0, 0x0,
    0x1, 0x9e, 0xfc, 0x30, 0xb, 0xfb, 0x9f, 0xf2,
    0xf, 0xb0, 0x5, 0xf7, 0x2f, 0x90, 0x3, 0xf8,
    0x2f, 0x90, 0x3, 0xf8, 0x2f, 0x90, 0x3, 0xf8,
    0x2f, 0x90, 0x3, 0xf8, 0xf, 0xb0, 0x5, 0xf7,
    0xb, 0xfb, 0x9f, 0xf2, 0x1, 0x9e, 0xfc, 0x30,

    /* U+00D5 "Õ" */
    0x2, 0xcd, 0x52, 0xd0, 0x7, 0xa4, 0xdf, 0x90,
    0x1, 0x10, 0x1, 0x0, 0x0, 0x0, 0x0, 0x0,
    0x1, 0x9e, 0xfc, 0x30, 0xb, 0xfb, 0x9f, 0xf2,
    0xf, 0xb0, 0x5, 0xf7, 0x2f, 0x90, 0x3, 0xf8,
    0x2f, 0x90, 0x3, 0xf8, 0x2f, 0x90, 0x3, 0xf8,
    0x2f, 0x90, 0x3, 0xf8, 0xf, 0xb0, 0x5, 0xf7,
    0xb, 0xfb, 0x9f, 0xf2, 0x1, 0x9e, 0xfc, 0x30,

    /* U+00D6 "Ö" */
    0x0, 0xb6, 0x2b, 0x40, 0x1, 0xe8, 0x2e, 0x60,
    0x0, 0x0, 0x0, 0x0, 0x0, 0x0, 0x0, 0x0,
    0x1, 0x9e, 0xfc, 0x30, 0xb, 0xfb, 0x9f, 0xf2,
    0xf, 0xb0, 0x5, 0xf7, 0x2f, 0x90, 0x3, 0xf8,
    0x2f, 0x90, 0x3, 0xf8, 0x2f, 0x90, 0x3, 0xf8,
    0x2f, 0x90, 0x3, 0xf8, 0xf, 0xb0, 0x5, 0xf7,
    0xb, 0xfb, 0x9f, 0xf2, 0x1, 0x9e, 0xfc, 0x30,

    /* U+00D7 "×" */
    0x6, 0x0, 0x33, 0x8, 0xf8, 0x3f, 0xe0, 0xb,
    0xff, 0xf3, 0x0, 0x3f, 0xf9, 0x0, 0x2e, 0xfc,
    0xf7, 0x6, 0xf4, 0xc, 0xc0, 0x1, 0x0, 0x10,
    0x0,

    /* U+00D8 "Ø" */
    0x1, 0x9e, 0xfc, 0xdb, 0x0, 0xbf, 0xb9, 0xff,
    0x40, 0xf, 0xb0, 0x1e, 0xf7, 0x2, 0xf9, 0x9,
    0xff, 0x80, 0x2f, 0x93, 0xf7, 0xf8, 0x2, 0xf9,
    0xca, 0x3f, 0x80, 0x2f, 0xff, 0x13, 0xf8, 0x1,
    0xff, 0x70, 0x5f, 0x70, 0xc, 0xfb, 0x9f, 0xf2,
    0x2, 0xfb, 0xef, 0xc3, 0x0, 0x47, 0x0, 0x0,
    0x0, 0x0,

    /* U+00D9 "Ù" */
    0x0, 0x5f, 0x70, 0x0, 0x0, 0x8, 0xf3, 0x0,
    0x0, 0x0, 0x10, 0x0, 0x0, 0x0, 0x0, 0x0,
    0xf, 0xc0, 0x5, 0xf6, 0xf, 0xc0, 0x5, 0xf6,
    0xf, 0xc0, 0x5, 0xf6, 0xf, 0xc0, 0x5, 0xf6,
    0xf, 0xc0, 0x5, 0xf6, 0xf, 0xc0, 0x5, 0xf6,
    0xf, 0xc0, 0x5, 0xf6, 0xe, 0xd0, 0x7, 0xf5,
    0xa, 0xfb, 0x9f, 0xe1, 0x0, 0x9e, 0xfc, 0x30,

    /* U+00DA "Ú" */
    0x0, 0x0, 0xce, 0x10, 0x0, 0x8, 0xf3, 0x0,
    0x0, 0x1, 0x0, 0x0, 0x0, 0x0, 0x0, 0x0,
    0xf, 0xc0, 0x5, 0xf6, 0xf, 0xc0, 0x5, 0xf6,
    0xf, 0xc0, 0x5, 0xf6, 0xf, 0xc0, 0x5, 0xf6,
    0xf, 0xc0, 0x5, 0xf6, 0xf, 0xc0, 0x5, 0xf6,
    0xf, 0xc0, 0x5, 0xf6, 0xe, 0xd0, 0x7, 0xf5,
    0xa, 0xfb, 0x9f, 0xe1, 0x0, 0x9e, 0xfc, 0x30,

    /* U+00DB "Û" */
    0x0, 0x7, 0x82, 0x0, 0x0, 0x7d, 0x9d, 0x0,
    0x0, 0x72, 0x7, 0x30, 0x0, 0x0, 0x0, 0x0,
    0xf, 0xc0, 0x5, 0xf6, 0xf, 0xc0, 0x5, 0xf6,
    0xf, 0xc0, 0x5, 0xf6, 0xf, 0xc0, 0x5, 0xf6,
    0xf, 0xc0, 0x5, 0xf6, 0xf, 0xc0, 0x5, 0xf6,
    0xf, 0xc0, 0x5, 0xf6, 0xe, 0xd0, 0x7, 0xf5,
    0xa, 0xfb, 0x9f, 0xe1, 0x0, 0x9e, 0xfc, 0x30,

    /* U+00DC "Ü" */
    0x0, 0xb6, 0x2b, 0x40, 0x1, 0xe8, 0x2e, 0x60,
    0x0, 0x0, 0x0, 0x0, 0x0, 0x0, 0x0, 0x0,
    0xf, 0xc0, 0x5, 0xf6, 0xf, 0xc0, 0x5, 0xf6,
    0xf, 0xc0, 0x5, 0xf6, 0xf, 0xc0, 0x5, 0xf6,
    0xf, 0xc0, 0x5, 0xf6, 0xf, 0xc0, 0x5, 0xf6,
    0xf, 0xc0, 0x5, 0xf6, 0xe, 0xd0, 0x7, 0xf5,
    0xa, 0xfb, 0x9f, 0xe1, 0x0, 0x9e, 0xfc, 0x30,

    /* U+00DD "Ý" */
    0x0, 0x0, 0xce, 0x10, 0x0, 0x0, 0x8f, 0x30,
    0x0, 0x0, 0x1, 0x0, 0x0, 0x0, 0x0, 0x0,
    0x0, 0x0, 0x7f, 0x50, 0x0, 0xed, 0x0, 0xfc,
    0x0, 0x6f, 0x60, 0x8, 0xf3, 0xc, 0xe0, 0x0,
    0x1f, 0xb3, 0xf7, 0x0, 0x0, 0x9f, 0xaf, 0x10,
    0x0, 0x2, 0xff, 0x80, 0x0, 0x0, 0xb, 0xf2,
    0x0, 0x0, 0x0, 0xaf, 0x10, 0x0, 0x0, 0xa,
    0xf1, 0x0, 0x0, 0x0, 0xaf, 0x10, 0x0,

    /* U+00DE "Þ" */
    0xed, 0x0, 0x0, 0xe, 0xe8, 0x86, 0x10, 0xef,
    0xff, 0xfe, 0x2e, 0xd0, 0x5, 0xfa, 0xed, 0x0,
    0xf, 0xde, 0xd0, 0x5, 0xfa, 0xef, 0xff, 0xff,
    0x2e, 0xe8, 0x86, 0x10, 0xed, 0x0, 0x0, 0xe,
    0xd0, 0x0, 0x0,

    /* U+00DF "ß" */
    0x4, 0xcf, 0xfd, 0x50, 0x1, 0xfc, 0x66, 0xaf,
    0x30, 0x5f, 0x40, 0xaf, 0xf6, 0x5, 0xf4, 0x7f,
    0x65, 0x20, 0x5f, 0x49, 0xf1, 0x0, 0x5, 0xf4,
    0x3f, 0xfa, 0x20, 0x5f, 0x40, 0x27, 0xed, 0x5,
    0xf4, 0x10, 0x7, 0xf1, 0x5f, 0x4a, 0xf6, 0xce,
    0x5, 0xf4, 0x1b, 0xfd, 0x40,

    /* U+00E0 "à" */
    0x0, 0x1, 0x0, 0x0, 0x0, 0x4f, 0x80, 0x0,
    0x0, 0x6, 0xf3, 0x0, 0x0, 0x0, 0x0, 0x0,
    0x1, 0xae, 0xfc, 0x40, 0xc, 0xf8, 0x7e, 0xf1,
    0x1, 0x10, 0x6, 0xf5, 0x3, 0xcf, 0xff, 0xf6,
    0xe, 0xd3, 0x27, 0xf6, 0x3f, 0x80, 0x6, 0xf6,
    0x1f, 0xd5, 0x6c, 0xf6, 0x5, 0xef, 0xb5, 0xf6,

    /* U+00E1 "á" */
    0x0, 0x0, 0x1, 0x0, 0x0, 0x0, 0xdd, 0x10,
    0x0, 0x8, 0xf2, 0x0, 0x0, 0x0, 0x0, 0x0,
    0x1, 0xae, 0xfc, 0x40, 0xc, 0xf8, 0x7e, 0xf1,
    0x1, 0x10, 0x6, 0xf5, 0x3, 0xcf, 0xff, 0xf6,
    0xe, 0xd3, 0x27, 0xf6, 0x3f, 0x80, 0x6, 0xf6,
    0x1f, 0xd5, 0x6c, 0xf6, 0x5, 0xef, 0xb5, 0xf6,

    /* U+00E2 "â" */
    0x0, 0x6, 0x82, 0x0, 0x0, 0x5f, 0xeb, 0x0,
    0x1, 0xe8, 0x2f, 0x50, 0x0, 0x0, 0x0, 0x0,
    0x1, 0xae, 0xfc, 0x40, 0xc, 0xf8, 0x7e, 0xf1,
    0x1, 0x10, 0x6, 0xf5, 0x3, 0xcf, 0xff, 0xf6,
    0xe, 0xd3, 0x27, 0xf6, 0x3f, 0x80, 0x6, 0xf6,
    0x1f, 0xd5, 0x6c, 0xf6, 0x5, 0xef, 0xb5, 0xf6,

    /* U+00E3 "ã" */
    0x2, 0xcd, 0x53, 0xd0, 0x7, 0xa4, 0xdf, 0x90,
    0x0, 0x0, 0x1, 0x0, 0x1, 0xae, 0xfc, 0x40,
    0xc, 0xf8, 0x7e, 0xf1, 0x1, 0x10, 0x6, 0xf5,
    0x3, 0xcf, 0xff, 0xf6, 0xe, 0xd3, 0x27, 0xf6,
    0x3f, 0x80, 0x6, 0xf6, 0x1f, 0xd5, 0x6c, 0xf6,
    0x5, 0xef, 0xb5, 0xf6,

    /* U+00E4 "ä" */
    0x0, 0x62, 0x6, 0x20, 0x2, 0xfa, 0x4f, 0x80,
    0x0, 0x31, 0x3, 0x0, 0x1, 0xae, 0xfc, 0x40,
    0xc, 0xf8, 0x7e, 0xf1, 0x1, 0x10, 0x6, 0xf5,
    0x3, 0xcf, 0xff, 0xf6, 0xe, 0xd3, 0x27, 0xf6,
    0x3f, 0x80, 0x6, 0xf6, 0x1f, 0xd5, 0x6c, 0xf6,
    0x5, 0xef, 0xb5, 0xf6,

    /* U+00E5 "å" */
    0x0, 0x1b, 0xc5, 0x0, 0x0, 0x68, 0x2d, 0x0,
    0x0, 0x1b, 0xc5, 0x0, 0x0, 0x0, 0x0, 0x0,
    0x1, 0xae, 0xfc, 0x40, 0xc, 0xf8, 0x7e, 0xf1,
    0x1, 0x10, 0x6, 0xf5, 0x3, 0xcf, 0xff, 0xf6,
    0xe, 0xd3, 0x27, 0xf6, 0x3f, 0x80, 0x6, 0xf6,
    0x1f, 0xd5, 0x6c, 0xf6, 0x5, 0xef, 0xb5, 0xf6,

    /* U+00E6 "æ" */
    0xa, 0xfa, 0x5e, 0xe4, 0x4f, 0x7c, 0xf6, 0xcc,
    0x2, 0x7, 0xe0, 0x8e, 0xa, 0xef, 0xff, 0xfe,
    0x6f, 0x48, 0xe2, 0x22, 0x8f, 0x7, 0xe0, 0x1,
    0x6f, 0x6c, 0xf6, 0xdc, 0xb, 0xfa, 0x5e, 0xd3,

    /* U+00E7 "ç" */
    0x0, 0x8d, 0xfc, 0x30, 0x9, 0xfc, 0x9e, 0xf2,
    0xf, 0xd0, 0x3, 0xc6, 0xf, 0xb0, 0x0, 0x0,
    0xf, 0xb0, 0x0, 0x0, 0xf, 0xd0, 0x3, 0xb6,
    0x9, 0xfb, 0x9e, 0xf2, 0x0, 0x8f, 0xfc, 0x30,
    0x0, 0xc, 0x92, 0x0, 0x0, 0x0, 0xae, 0x0,
    0x0, 0x3e, 0xe8, 0x0,

    /* U+00E8 "è" */
    0x0, 0x1, 0x0, 0x0, 0x0, 0x4f, 0x80, 0x0,
    0x0, 0x6, 0xf3, 0x0, 0x0, 0x0, 0x0, 0x0,
    0x1, 0x9e, 0xfc, 0x30, 0xb, 0xf9, 0x7d, 0xf2,
    0xf, 0xa0, 0x4, 0xf7, 0x2f, 0xff, 0xff, 0xf8,
    0x2f, 0xa3, 0x33, 0x31, 0xf, 0xb0, 0x1, 0x31,
    0xb, 0xfa, 0x8d, 0xf2, 0x1, 0x9e, 0xfc, 0x30,

    /* U+00E9 "é" */
    0x0, 0x0, 0x1, 0x0, 0x0, 0x0, 0xdd, 0x10,
    0x0, 0x8, 0xf2, 0x0, 0x0, 0x0, 0x0, 0x0,
    0x1, 0x9e, 0xfc, 0x30, 0xb, 0xf9, 0x7d, 0xf2,
    0xf, 0xa0, 0x4, 0xf7, 0x2f, 0xff, 0xff, 0xf8,
    0x2f, 0xa3, 0x33, 0x31, 0xf, 0xb0, 0x1, 0x31,
    0xb, 0xfa, 0x8d, 0xf2, 0x1, 0x9e, 0xfc, 0x30,

    /* U+00EA "ê" */
    0x0, 0x7, 0x82, 0x0, 0x0, 0x7d, 0x9d, 0x0,
    0x0, 0x72, 0x7, 0x30, 0x0, 0x0, 0x0, 0x0,
    0x1, 0x9e, 0xfc, 0x30, 0xb, 0xf9, 0x7d, 0xf2,
    0xf, 0xa0, 0x4, 0xf7, 0x2f, 0xff, 0xff, 0xf8,
    0x2f, 0xa3, 0x33, 0x31, 0xf, 0xb0, 0x1, 0x31,
    0xb, 0xfa, 0x8d, 0xf2, 0x1, 0x9e, 0xfc, 0x30,

    /* U+00EB "ë" */
    0x0, 0x62, 0x6, 0x20, 0x2, 0xfa, 0x4f, 0x80,
    0x0, 0x31, 0x3, 0x0, 0x1, 0x9e, 0xfc, 0x30,
    0xb, 0xf9, 0x7d, 0xf2, 0xf, 0xa0, 0x4, 0xf7,
    0x2f, 0xff, 0xff, 0xf8, 0x2f, 0xa3, 0x33, 0x31,
    0xf, 0xb0, 0x1, 0x31, 0xb, 0xfa, 0x8d, 0xf2,
    0x1, 0x9e, 0xfc, 0x30,

    /* U+00EC "ì" */
    0x0, 0x10, 0x0, 0x0, 0x4f, 0x80, 0x0, 0x0,
    0x6f, 0x30, 0x0, 0x0, 0x0, 0x0, 0x9f, 0xff,
    0x90, 0x5, 0xaa, 0xf9, 0x0, 0x0, 0x1f, 0x90,
    0x0, 0x1, 0xf9, 0x0, 0x0, 0x1f, 0x90, 0x0,
    0x1, 0xf9, 0x0, 0x9a, 0xaf, 0xda, 0x7f, 0xff,
    0xff, 0xfc,

    /* U+00ED "í" */
    0x0, 0x0, 0x10, 0x0, 0x0, 0xdd, 0x10, 0x0,
    0x8f, 0x20, 0x0, 0x0, 0x0, 0x0, 0x9f, 0xff,
    0x90, 0x5, 0xaa, 0xf9, 0x0, 0x0, 0x1f, 0x90,
    0x0, 0x1, 0xf9, 0x0, 0x0, 0x1f, 0x90, 0x0,
    0x1, 0xf9, 0x0, 0x9a, 0xaf, 0xda, 0x7f, 0xff,
    0xff, 0xfc,

    /* U+00EE "î" */
    0x0, 0x68, 0x20, 0x0, 0x5f, 0xeb, 0x0, 0x1e,
    0x82, 0xf5, 0x0, 0x0, 0x0, 0x0, 0x9f, 0xff,
    0x90, 0x5, 0xaa, 0xf9, 0x0, 0x0, 0x1f, 0x90,
    0x0, 0x1, 0xf9, 0x0, 0x0, 0x1f, 0x90, 0x0,
    0x1, 0xf9, 0x0, 0x9a, 0xaf, 0xda, 0x7f, 0xff,
    0xff, 0xfc,

    /* U+00EF "ï" */
    0x6, 0x20, 0x62, 0x2, 0xfa, 0x4f, 0x80, 0x3,
    0x10, 0x30, 0x9, 0xff, 0xf9, 0x0, 0x5a, 0xaf,
    0x90, 0x0, 0x1, 0xf9, 0x0, 0x0, 0x1f, 0x90,
    0x0, 0x1, 0xf9, 0x0, 0x0, 0x1f, 0x90, 0x9,
    0xaa, 0xfd, 0xa7, 0xff, 0xff, 0xff, 0xc0,

    /* U+00F0 "ð" */
    0x0, 0x0, 0x0, 0x0, 0x0, 0xaf, 0x79, 0xa0,
    0x1, 0x7f, 0xfc, 0x30, 0x7, 0xd8, 0xfc, 0x0,
    0x0, 0x0, 0x6f, 0x70, 0x3, 0xdf, 0xde, 0xf1,
    0xe, 0xf7, 0x5c, 0xf7, 0x3f, 0x90, 0x2, 0xfa,
    0x2f, 0xa0, 0x3, 0xf8, 0xc, 0xfa, 0x9e, 0xf2,
    0x1, 0x9e, 0xfc, 0x40,

    /* U+00F1 "ñ" */
    0x2c, 0xd5, 0x3d, 0x7, 0xa4, 0xdf, 0x90, 0x0,
    0x0, 0x10, 0xf, 0xa8, 0xfd, 0x50, 0xfe, 0xa7,
    0xef, 0x1f, 0xd0, 0x7, 0xf4, 0xfc, 0x0, 0x6f,
    0x5f, 0xc0, 0x6, 0xf5, 0xfc, 0x0, 0x6f, 0x5f,
    0xc0, 0x6, 0xf5, 0xfc, 0x0, 0x6f, 0x50,

    /* U+00F2 "ò" */
    0x0, 0x1, 0x0, 0x0, 0x0, 0x4f, 0x80, 0x0,
    0x0, 0x6, 0xf3, 0x0, 0x0, 0x0, 0x0, 0x0,
    0x0, 0x9e, 0xfc, 0x30, 0xa, 0xfb, 0x9f, 0xf1,
    0xf, 0xc0, 0x5, 0xf6, 0x2f, 0x90, 0x3, 0xf8,
    0x2f, 0x90, 0x3, 0xf8, 0xf, 0xc0, 0x5, 0xf6,
    0xb, 0xfb, 0x9f, 0xf2, 0x0, 0x9e, 0xfc, 0x30,

    /* U+00F3 "ó" */
    0x0, 0x0, 0x1, 0x0, 0x0, 0x0, 0xdd, 0x10,
    0x0, 0x8, 0xf2, 0x0, 0x0, 0x0, 0x0, 0x0,
    0x0, 0x9e, 0xfc, 0x30, 0xa, 0xfb, 0x9f, 0xf1,
    0xf, 0xc0, 0x5, 0xf6, 0x2f, 0x90, 0x3, 0xf8,
    0x2f, 0x90, 0x3, 0xf8, 0xf, 0xc0, 0x5, 0xf6,
    0xb, 0xfb, 0x9f, 0xf2, 0x0, 0x9e, 0xfc, 0x30,

    /* U+00F4 "ô" */
    0x0, 0x7, 0x82, 0x0, 0x0, 0x7d, 0x9d, 0x0,
    0x0, 0x72, 0x7, 0x30, 0x0, 0x0, 0x0, 0x0,
    0x0, 0x9e, 0xfc, 0x30, 0xa, 0xfb, 0x9f, 0xf1,
    0xf, 0xc0, 0x5, 0xf6, 0x2f, 0x90, 0x3, 0xf8,
    0x2f, 0x90, 0x3, 0xf8, 0xf, 0xc0, 0x5, 0xf6,
    0xb, 0xfb, 0x9f, 0xf2, 0x0, 0x9e, 0xfc, 0x30,

    /* U+00F5 "õ" */
    0x0, 0xbb, 0x2, 0xd0, 0x6, 0xb7, 0xb4, 0xd0,
    0x8, 0x80, 0x9f, 0x60, 0x0, 0x0, 0x0, 0x0,
    0x0, 0x9e, 0xfc, 0x30, 0xa, 0xfb, 0x9f, 0xf1,
    0xf, 0xc0, 0x5, 0xf6, 0x2f, 0x90, 0x3, 0xf8,
    0x2f, 0x90, 0x3, 0xf8, 0xf, 0xc0, 0x5, 0xf6,
    0xb, 0xfb, 0x9f, 0xf2, 0x0, 0x9e, 0xfc, 0x30,

    /* U+00F6 "ö" */
    0x0, 0x62, 0x6, 0x20, 0x2, 0xfa, 0x4f, 0x80,
    0x0, 0x31, 0x3, 0x0, 0x0, 0x9e, 0xfc, 0x30,
    0xa, 0xfb, 0x9f, 0xf1, 0xf, 0xc0, 0x5, 0xf6,
    0x2f, 0x90, 0x3, 0xf8, 0x2f, 0x90, 0x3, 0xf8,
    0xf, 0xc0, 0x5, 0xf6, 0xb, 0xfb, 0x9f, 0xf2,
    0x0, 0x9e, 0xfc, 0x30,

    /* U+00F7 "÷" */
    0x0, 0xad, 0x20, 0x0, 0xbe, 0x30, 0x0, 0x0,
    0x0, 0x5a, 0xaa, 0xaa, 0x9f, 0xff, 0xff, 0x0,
    0x0, 0x0, 0x0, 0xad, 0x20, 0x0, 0xbe, 0x30,

    /* U+00F8 "ø" */
    0x0, 0x0, 0x0, 0x56, 0x0, 0x9e, 0xfc, 0xf5,
    0xa, 0xfb, 0xaf, 0xf2, 0xf, 0xc0, 0x7f, 0xf7,
    0x2f, 0x93, 0xf7, 0xf8, 0x2f, 0xad, 0x83, 0xf8,
    0xf, 0xfc, 0x5, 0xf7, 0xb, 0xfc, 0x9f, 0xf2,
    0x1e, 0xce, 0xfc, 0x30, 0x37, 0x0, 0x0, 0x0,

    /* U+00F9 "ù" */
    0x0, 0x10, 0x0, 0x0, 0x4f, 0x80, 0x0, 0x0,
    0x6f, 0x30, 0x0, 0x0, 0x0, 0x0, 0xfd, 0x0,
    0x6f, 0x5f, 0xd0, 0x6, 0xf5, 0xfd, 0x0, 0x6f,
    0x5f, 0xd0, 0x6, 0xf5, 0xfd, 0x0, 0x6f, 0x5d,
    0xe0, 0x8, 0xf4, 0x8f, 0xb9, 0xfe, 0x0, 0x9e,
    0xfc, 0x30,

    /* U+00FA "ú" */
    0x0, 0x0, 0x10, 0x0, 0x0, 0xdd, 0x10, 0x0,
    0x8f, 0x20, 0x0, 0x0, 0x0, 0x0, 0xfd, 0x0,
    0x6f, 0x5f, 0xd0, 0x6, 0xf5, 0xfd, 0x0, 0x6f,
    0x5f, 0xd0, 0x6, 0xf5, 0xfd, 0x0, 0x6f, 0x5d,
    0xe0, 0x8, 0xf4, 0x8f, 0xb9, 0xfe, 0x0, 0x9e,
    0xfc, 0x30,

    /* U+00FB "û" */
    0x0, 0x78, 0x20, 0x0, 0x7d, 0x9d, 0x0, 0x7,
    0x20, 0x73, 0x0, 0x0, 0x0, 0x0, 0xfd, 0x0,
    0x6f, 0x5f, 0xd0, 0x6, 0xf5, 0xfd, 0x0, 0x6f,
    0x5f, 0xd0, 0x6, 0xf5, 0xfd, 0x0, 0x6f, 0x5d,
    0xe0, 0x8, 0xf4, 0x8f, 0xb9, 0xfe, 0x0, 0x9e,
    0xfc, 0x30,

    /* U+00FC "ü" */
    0x6, 0x20, 0x62, 0x2, 0xfa, 0x4f, 0x80, 0x3,
    0x10, 0x30, 0xf, 0xd0, 0x6, 0xf5, 0xfd, 0x0,
    0x6f, 0x5f, 0xd0, 0x6, 0xf5, 0xfd, 0x0, 0x6f,
    0x5f, 0xd0, 0x6, 0xf5, 0xde, 0x0, 0x8f, 0x48,
    0xfb, 0x9f, 0xe0, 0x9, 0xef, 0xc3, 0x0,

    /* U+00FD "ý" */
    0x0, 0x0, 0xce, 0x10, 0x0, 0x8, 0xf3, 0x0,
    0x0, 0x1, 0x0, 0x0, 0x0, 0x0, 0x0, 0x0,
    0x5f, 0x90, 0x1, 0xfb, 0xe, 0xe0, 0x7, 0xf5,
    0x7, 0xf5, 0xc, 0xf0, 0x1, 0xfb, 0x2f, 0xa0,
    0x0, 0xaf, 0x8f, 0x40, 0x0, 0x4f, 0xde, 0x0,
    0x0, 0xd, 0xf8, 0x0, 0x0, 0xa, 0xf2, 0x0,
    0x0, 0xf, 0xc0, 0x0, 0x0, 0x6f, 0x60, 0x0,

    /* U+00FE "þ" */
    0xfc, 0x0, 0x0, 0xf, 0xb0, 0x0, 0x0, 0xfc,
    0xbf, 0xd5, 0xf, 0xfc, 0x9f, 0xf2, 0xfd, 0x0,
    0x5f, 0x6f, 0xc0, 0x3, 0xf8, 0xfc, 0x0, 0x3f,
    0x8f, 0xd0, 0x6, 0xf6, 0xfc, 0xc9, 0xff, 0x2f,
    0xb7, 0xee, 0x60, 0xfb, 0x0, 0x0, 0xf, 0xb0,
    0x0, 0x0,

    /* U+00FF "ÿ" */
    0x0, 0x62, 0x6, 0x20, 0x2, 0xfa, 0x4f, 0x80,
    0x0, 0x31, 0x3, 0x0, 0x5f, 0x90, 0x1, 0xfb,
    0xe, 0xe0, 0x7, 0xf5, 0x7, 0xf5, 0xc, 0xf0,
    0x1, 0xfb, 0x2f, 0xa0, 0x0, 0xaf, 0x8f, 0x40,
    0x0, 0x4f, 0xde, 0x0, 0x0, 0xd, 0xf8, 0x0,
    0x0, 0xa, 0xf2, 0x0, 0x0, 0xf, 0xc0, 0x0,
    0x0, 0x6f, 0x60, 0x0,

    /* U+0100 "Ā" */
    0x0, 0x68, 0x88, 0x10, 0x0, 0xc, 0xff, 0xf3,
    0x0, 0x0, 0x0, 0x0, 0x0, 0x0, 0x0, 0x0,
    0x0, 0x0, 0x0, 0x1f, 0xf8, 0x0, 0x0, 0x5,
    0xfd, 0xd0, 0x0, 0x0, 0xae, 0x8f, 0x10, 0x0,
    0xe, 0xa4, 0xf5, 0x0, 0x2, 0xf6, 0xf, 0x90,
    0x0, 0x7f, 0x41, 0xdd, 0x0, 0xb, 0xff, 0xff,
    0xf2, 0x0, 0xfc, 0x44, 0x7f, 0x60, 0x4f, 0x70,
    0x1, 0xfa, 0x8, 0xf3, 0x0, 0xd, 0xe0,

    /* U+0101 "ā" */
    0x0, 0xcf, 0xff, 0x30, 0x0, 0x68, 0x88, 0x10,
    0x0, 0x0, 0x0, 0x0, 0x1, 0xae, 0xfc, 0x40,
    0xc, 0xf8, 0x7e, 0xf1, 0x1, 0x10, 0x6, 0xf5,
    0x3, 0xcf, 0xff, 0xf6, 0xe, 0xd3, 0x27, 0xf6,
    0x3f, 0x80, 0x6, 0xf6, 0x1f, 0xd5, 0x6c, 0xf6,
    0x5, 0xef, 0xb5, 0xf6,

    /* U+0102 "Ă" */
    0x1, 0x82, 0x6, 0x40, 0x0, 0xa, 0xff, 0xe3,
    0x0, 0x0, 0x1, 0x10, 0x0, 0x0, 0x0, 0x0,
    0x0, 0x0, 0x0, 0x1f, 0xf8, 0x0, 0x0, 0x5,
    0xfd, 0xd0, 0x0, 0x0, 0xae, 0x8f, 0x10, 0x0,
    0xe, 0xa4, 0xf5, 0x0, 0x2, 0xf6, 0xf, 0x90,
    0x0, 0x7f, 0x41, 0xdd, 0x0, 0xb, 0xff, 0xff,
    0xf2, 0x0, 0xfc, 0x44, 0x7f, 0x60, 0x4f, 0x70,
    0x1, 0xfa, 0x8, 0xf3, 0x0, 0xd, 0xe0,

    /* U+0103 "ă" */
    0x2, 0xf5, 0x1d, 0x80, 0x0, 0x8f, 0xfc, 0x10,
    0x0, 0x0, 0x10, 0x0, 0x1, 0x9e, 0xfc, 0x40,
    0xa, 0xf9, 0x7e, 0xf1, 0x6, 0x40, 0x6, 0xf5,
    0x3, 0xcf, 0xff, 0xf6, 0xe, 0xd3, 0x27, 0xf6,
    0x3f, 0x80, 0x6, 0xf6, 0x1f, 0xd5, 0x6c, 0xf6,
    0x5, 0xef, 0xb5, 0xf6,

    /* U+0104 "Ą" */
    0x0, 0x1f, 0xf8, 0x0, 0x0, 0x5, 0xfd, 0xd0,
    0x0, 0x0, 0xae, 0x8f, 0x10, 0x0, 0xe, 0xa4,
    0xf5, 0x0, 0x2, 0xf6, 0xf, 0x90, 0x0, 0x7f,
    0x41, 0xdd, 0x0, 0xb, 0xff, 0xff, 0xf2, 0x0,
    0xfc, 0x44, 0x7f, 0x60, 0x4f, 0x70, 0x1, 0xfa,
    0x8, 0xf3, 0x0, 0xf, 0xf0, 0x0, 0x0, 0x3,
    0xe2, 0x0, 0x0, 0x0, 0x9d, 0x0, 0x0, 0x0,
    0x5, 0xff, 0x50, 0x0, 0x0, 0x0, 0x10,

    /* U+0105 "ą" */
    0x1, 0xae, 0xfc, 0x40, 0xc, 0xf8, 0x7e, 0xf1,
    0x1, 0x10, 0x6, 0xf5, 0x3, 0xcf, 0xff, 0xf6,
    0xe, 0xd3, 0x27, 0xf6, 0x3f, 0x80, 0x6, 0xf6,
    0x1f, 0xd5, 0x6c, 0xf6, 0x5, 0xef, 0xb6, 0xf6,
    0x0, 0x0, 0xb, 0x90, 0x0, 0x0, 0x2f, 0x40,
    0x0, 0x0, 0xd, 0xfb, 0x0, 0x0, 0x0, 0x11,

    /* U+0106 "Ć" */
    0x0, 0x0, 0xce, 0x10, 0x0, 0x8, 0xf3, 0x0,
    0x0, 0x1, 0x0, 0x0, 0x0, 0x0, 0x0, 0x0,
    0x0, 0x8e, 0xfc, 0x40, 0xa, 0xfc, 0xaf, 0xf2,
    0xf, 0xd0, 0x4, 0xe7, 0x1f, 0xb0, 0x0, 0x0,
    0x1f, 0xb0, 0x0, 0x0, 0x1f, 0xb0, 0x0, 0x0,
    0x1f, 0xb0, 0x0, 0x0, 0xf, 0xd0, 0x4, 0xf7,
    0xa, 0xfc, 0xaf, 0xf2, 0x0, 0x9e, 0xfc, 0x40,

    /* U+0107 "ć" */
    0x0, 0x0, 0x1, 0x0, 0x0, 0x0, 0xdd, 0x10,
    0x0, 0x8, 0xf2, 0x0, 0x0, 0x0, 0x0, 0x0,
    0x0, 0x8d, 0xfc, 0x30, 0x9, 0xfc, 0x9e, 0xf2,
    0xf, 0xd0, 0x3, 0xc6, 0xf, 0xb0, 0x0, 0x0,
    0xf, 0xb0, 0x0, 0x0, 0xf, 0xd0, 0x3, 0xb6,
    0x9, 0xfb, 0x9e, 0xf2, 0x0, 0x8e, 0xfc, 0x30,

    /* U+0108 "Ĉ" */
    0x0, 0x7, 0x82, 0x0, 0x0, 0x7d, 0x9d, 0x0,
    0x0, 0x72, 0x7, 0x30, 0x0, 0x0, 0x0, 0x0,
    0x0, 0x8e, 0xfc, 0x40, 0xa, 0xfc, 0xaf, 0xf2,
    0xf, 0xd0, 0x4, 0xe7, 0x1f, 0xb0, 0x0, 0x0,
    0x1f, 0xb0, 0x0, 0x0, 0x1f, 0xb0, 0x0, 0x0,
    0x1f, 0xb0, 0x0, 0x0, 0xf, 0xd0, 0x4, 0xf7,
    0xa, 0xfc, 0xaf, 0xf2, 0x0, 0x9e, 0xfc, 0x40,

    /* U+0109 "ĉ" */
    0x0, 0x7, 0x82, 0x0, 0x0, 0x7d, 0x9d, 0x0,
    0x0, 0x72, 0x7, 0x30, 0x0, 0x0, 0x0, 0x0,
    0x0, 0x8d, 0xfc, 0x30, 0x9, 0xfc, 0x9e, 0xf2,
    0xf, 0xd0, 0x3, 0xc6, 0xf, 0xb0, 0x0, 0x0,
    0xf, 0xb0, 0x0, 0x0, 0xf, 0xd0, 0x3, 0xb6,
    0x9, 0xfb, 0x9e, 0xf2, 0x0, 0x8e, 0xfc, 0x30,

    /* U+010A "Ċ" */
    0x0, 0xb, 0xc1, 0x0, 0x0, 0xd, 0xe1, 0x0,
    0x0, 0x0, 0x0, 0x0, 0x0, 0x0, 0x0, 0x0,
    0x0, 0x8e, 0xfc, 0x40, 0xa, 0xfc, 0xaf, 0xf2,
    0xf, 0xd0, 0x4, 0xe7, 0x1f, 0xb0, 0x0, 0x0,
    0x1f, 0xb0, 0x0, 0x0, 0x1f, 0xb0, 0x0, 0x0,
    0x1f, 0xb0, 0x0, 0x0, 0xf, 0xd0, 0x4, 0xf7,
    0xa, 0xfc, 0xaf, 0xf2, 0x0, 0x9e, 0xfc, 0x40,

    /* U+010B "ċ" */
    0x0, 0xb, 0xc1, 0x0, 0x0, 0xd, 0xe1, 0x0,
    0x0, 0x0, 0x0, 0x0, 0x0, 0x0, 0x0, 0x0,
    0x0, 0x8d, 0xfc, 0x30, 0x9, 0xfc, 0x9e, 0xf2,
    0xf, 0xd0, 0x3, 0xc6, 0xf, 0xb0, 0x0, 0x0,
    0xf, 0xb0, 0x0, 0x0, 0xf, 0xd0, 0x3, 0xb6,
    0x9, 0xfb, 0x9e, 0xf2, 0x0, 0x8e, 0xfc, 0x30,

    /* U+010C "Č" */
    0x1, 0xe6, 0x1e, 0x50, 0x0, 0x6f, 0xcc, 0x0,
    0x0, 0x9, 0xa2, 0x0, 0x0, 0x0, 0x0, 0x0,
    0x0, 0x8e, 0xfd, 0x60, 0xa, 0xfc, 0x9d, 0xf5,
    0xf, 0xd0, 0x0, 0x21, 0x1f, 0xb0, 0x0, 0x0,
    0x1f, 0xb0, 0x0, 0x0, 0x1f, 0xb0, 0x0, 0x0,
    0x1f, 0xb0, 0x0, 0x21, 0xf, 0xd0, 0x5, 0xf7,
    0xa, 0xfc, 0xaf, 0xf2, 0x0, 0x9e, 0xfc, 0x30,

    /* U+010D "č" */
    0x0, 0x0, 0x0, 0x0, 0x0, 0xc9, 0x3f, 0x30,
    0x0, 0x1d, 0xd6, 0x0, 0x0, 0x0, 0x0, 0x0,
    0x0, 0x8d, 0xfb, 0x20, 0x9, 0xfc, 0x9f, 0xe1,
    0xf, 0xd0, 0x4, 0xf7, 0xf, 0xb0, 0x0, 0x0,
    0xf, 0xb0, 0x0, 0x0, 0xf, 0xd0, 0x2, 0xa5,
    0x9, 0xfb, 0x9e, 0xf2, 0x0, 0x8e, 0xfc, 0x40,

    /* U+010E "Ď" */
    0x7, 0x20, 0x73, 0x0, 0x7e, 0x9d, 0x0, 0x0,
    0x78, 0x20, 0x0, 0x0, 0x0, 0x0, 0xff, 0xfe,
    0xb3, 0xf, 0xea, 0xbf, 0xe1, 0xfc, 0x0, 0x6f,
    0x6f, 0xc0, 0x3, 0xf8, 0xfc, 0x0, 0x3f, 0x8f,
    0xc0, 0x3, 0xf8, 0xfc, 0x0, 0x3f, 0x8f, 0xc0,
    0x6, 0xf6, 0xfe, 0xab, 0xfe, 0x1f, 0xff, 0xfb,
    0x30,

    /* U+010F "ď" */
    0x0, 0x0, 0x0, 0x2, 0xf1, 0x0, 0x0, 0x9,
    0xfa, 0x90, 0x0, 0x0, 0x9, 0xf3, 0x0, 0x4,
    0xdf, 0x99, 0xf3, 0x0, 0xe, 0xfa, 0xbc, 0xf3,
    0x0, 0x4f, 0x80, 0xb, 0xf3, 0x0, 0x5f, 0x60,
    0x9, 0xf3, 0x0, 0x5f, 0x60, 0x9, 0xf3, 0x0,
    0x4f, 0x80, 0xa, 0xf3, 0x0, 0xe, 0xf8, 0x8f,
    0xf3, 0x0, 0x4, 0xdf, 0xc9, 0xf3, 0x0,

    /* U+0110 "Đ" */
    0xf, 0xff, 0xeb, 0x30, 0xf, 0xea, 0xbf, 0xe1,
    0xf, 0xc0, 0x6, 0xf6, 0xf, 0xc0, 0x3, 0xf8,
    0xaf, 0xff, 0x33, 0xf8, 0x5f, 0xe9, 0x13, 0xf8,
    0xf, 0xc0, 0x3, 0xf8, 0xf, 0xc0, 0x6, 0xf6,
    0xf, 0xea, 0xbf, 0xe1, 0xf, 0xff, 0xfb, 0x30,

    /* U+0111 "đ" */
    0x0, 0x0, 0xcf, 0xff, 0x30, 0x0, 0x2, 0x7f,
    0x70, 0x2, 0xcf, 0xb6, 0xf6, 0x0, 0xcf, 0xba,
    0xcf, 0x60, 0xf, 0xc0, 0x8, 0xf6, 0x2, 0xf9,
    0x0, 0x6f, 0x60, 0x2f, 0x90, 0x6, 0xf6, 0x0,
    0xfb, 0x0, 0x7f, 0x60, 0xc, 0xf9, 0x7e, 0xf6,
    0x0, 0x2c, 0xfd, 0x8f, 0x60,

    /* U+0112 "Ē" */
    0x6, 0x88, 0x81, 0x0, 0xcf, 0xff, 0x30, 0x0,
    0x0, 0x0, 0x0, 0x0, 0x0, 0x0, 0xcf, 0xff,
    0xff, 0x6c, 0xf9, 0x99, 0x93, 0xcf, 0x0, 0x0,
    0xc, 0xf0, 0x0, 0x0, 0xcf, 0xff, 0xfe, 0xc,
    0xf9, 0x99, 0x80, 0xcf, 0x0, 0x0, 0xc, 0xf0,
    0x0, 0x0, 0xcf, 0x99, 0x99, 0x3c, 0xff, 0xff,
    0xf6,

    /* U+0113 "ē" */
    0x0, 0xcf, 0xff, 0x30, 0x0, 0x68, 0x88, 0x10,
    0x0, 0x0, 0x0, 0x0, 0x1, 0x9e, 0xfc, 0x30,
    0xb, 0xf9, 0x7d, 0xf2, 0xf, 0xa0, 0x4, 0xf7,
    0x2f, 0xff, 0xff, 0xf8, 0x2f, 0xa3, 0x33, 0x31,
    0xf, 0xb0, 0x1, 0x31, 0xb, 0xfa, 0x8d, 0xf2,
    0x1, 0x9e, 0xfc, 0x30,

    /* U+0114 "Ĕ" */
    0x18, 0x20, 0x64, 0x0, 0xaf, 0xfe, 0x30, 0x0,
    0x11, 0x0, 0x0, 0x0, 0x0, 0x0, 0xcf, 0xff,
    0xff, 0x6c, 0xf9, 0x99, 0x93, 0xcf, 0x0, 0x0,
    0xc, 0xf0, 0x0, 0x0, 0xcf, 0xff, 0xfe, 0xc,
    0xf9, 0x99, 0x80, 0xcf, 0x0, 0x0, 0xc, 0xf0,
    0x0, 0x0, 0xcf, 0x99, 0x99, 0x3c, 0xff, 0xff,
    0xf6,

    /* U+0115 "ĕ" */
    0x1, 0x81, 0x5, 0x40, 0x1, 0xf6, 0x1e, 0x70,
    0x0, 0x6f, 0xfb, 0x0, 0x0, 0x0, 0x10, 0x0,
    0x1, 0x9e, 0xfc, 0x30, 0xb, 0xf9, 0x7d, 0xf2,
    0xf, 0xa0, 0x4, 0xf7, 0x2f, 0xff, 0xff, 0xf8,
    0x2f, 0xa3, 0x33, 0x31, 0xf, 0xb0, 0x1, 0x31,
    0xb, 0xfa, 0x8d, 0xf2, 0x1, 0x9e, 0xfc, 0x30,

    /* U+0116 "Ė" */
    0x0, 0xbc, 0x10, 0x0, 0xd, 0xe1, 0x0, 0x0,
    0x0, 0x0, 0x0, 0x0, 0x0, 0x0, 0xcf, 0xff,
    0xff, 0x6c, 0xf9, 0x99, 0x93, 0xcf, 0x0, 0x0,
    0xc, 0xf0, 0x0, 0x0, 0xcf, 0xff, 0xfe, 0xc,
    0xf9, 0x99, 0x80, 0xcf, 0x0, 0x0, 0xc, 0xf0,
    0x0, 0x0, 0xcf, 0x99, 0x99, 0x3c, 0xff, 0xff,
    0xf6,

    /* U+0117 "ė" */
    0x0, 0xb, 0xc1, 0x0, 0x0, 0xd, 0xe1, 0x0,
    0x0, 0x0, 0x0, 0x0, 0x0, 0x0, 0x0, 0x0,
    0x1, 0x9e, 0xfc, 0x30, 0xb, 0xf9, 0x7d, 0xf2,
    0xf, 0xa0, 0x4, 0xf7, 0x2f, 0xff, 0xff, 0xf8,
    0x2f, 0xa3, 0x33, 0x31, 0xf, 0xb0, 0x1, 0x31,
    0xb, 0xfa, 0x8d, 0xf2, 0x1, 0x9e, 0xfc, 0x30,

    /* U+0118 "Ę" */
    0xcf, 0xff, 0xff, 0x6c, 0xf9, 0x99, 0x93, 0xcf,
    0x0, 0x0, 0xc, 0xf0, 0x0, 0x0, 0xcf, 0xff,
    0xfe, 0xc, 0xf9, 0x99, 0x80, 0xcf, 0x0, 0x0,
    0xc, 0xf0, 0x0, 0x0, 0xcf, 0x99, 0x99, 0x3c,
    0xff, 0xff, 0xf6, 0x0, 0x4, 0xe2, 0x0, 0x0,
    0xac, 0x0, 0x0, 0x6, 0xff, 0x40, 0x0, 0x0,
    0x10,

    /* U+0119 "ę" */
    0x1, 0x9e, 0xfc, 0x30, 0xb, 0xf9, 0x7d, 0xf2,
    0xf, 0xa0, 0x4, 0xf7, 0x2f, 0xff, 0xff, 0xf8,
    0x2f, 0xa3, 0x33, 0x31, 0xf, 0xb0, 0x1, 0x31,
    0xb, 0xfa, 0x8d, 0xf2, 0x1, 0x9e, 0xff, 0x60,
    0x0, 0x0, 0xc7, 0x0, 0x0, 0x3, 0xf3, 0x0,
    0x0, 0x1, 0xdf, 0xf0, 0x0, 0x0, 0x1, 0x20,

    /* U+011A "Ě" */
    0x7, 0x20, 0x73, 0x0, 0x7e, 0x9d, 0x0, 0x0,
    0x78, 0x20, 0x0, 0x0, 0x0, 0x0, 0xcf, 0xff,
    0xff, 0x6c, 0xf9, 0x99, 0x93, 0xcf, 0x0, 0x0,
    0xc, 0xf0, 0x0, 0x0, 0xcf, 0xff, 0xfe, 0xc,
    0xf9, 0x99, 0x80, 0xcf, 0x0, 0x0, 0xc, 0xf0,
    0x0, 0x0, 0xcf, 0x99, 0x99, 0x3c, 0xff, 0xff,
    0xf6,

    /* U+011B "ě" */
    0x0, 0x72, 0x7, 0x30, 0x0, 0x7e, 0x9d, 0x0,
    0x0, 0x7, 0x82, 0x0, 0x0, 0x0, 0x0, 0x0,
    0x1, 0x9e, 0xfc, 0x30, 0xb, 0xf9, 0x7d, 0xf2,
    0xf, 0xa0, 0x4, 0xf7, 0x2f, 0xff, 0xff, 0xf8,
    0x2f, 0xa3, 0x33, 0x31, 0xf, 0xb0, 0x1, 0x31,
    0xb, 0xfa, 0x8d, 0xf2, 0x1, 0x9e, 0xfc, 0x30,

    /* U+011C "Ĝ" */
    0x0, 0x7, 0x82, 0x0, 0x0, 0x7d, 0x9d, 0x0,
    0x0, 0x72, 0x7, 0x30, 0x0, 0x0, 0x0, 0x0,
    0x1, 0x9e, 0xfc, 0x30, 0xb, 0xfc, 0xaf, 0xf2,
    0xf, 0xb0, 0x3, 0xa4, 0x2f, 0x90, 0x0, 0x0,
    0x2f, 0x90, 0x88, 0x84, 0x2f, 0x90, 0xff, 0xf8,
    0x2f, 0x90, 0x3, 0xf8, 0xf, 0xb0, 0x5, 0xf6,
    0xb, 0xfb, 0x9f, 0xf2, 0x1, 0x9e, 0xfc, 0x30,

    /* U+011D "ĝ" */
    0x0, 0x7, 0x82, 0x0, 0x0, 0x7d, 0x9d, 0x0,
    0x0, 0x72, 0x7, 0x30, 0x0, 0x0, 0x0, 0x0,
    0x2, 0xcf, 0xc6, 0xf6, 0xd, 0xfb, 0xad, 0xf6,
    0x1f, 0xb0, 0x7, 0xf6, 0x3f, 0x90, 0x6, 0xf6,
    0x2f, 0xb0, 0x7, 0xf6, 0xd, 0xfa, 0x9d, 0xf6,
    0x2, 0xcf, 0xc7, 0xf6, 0x0, 0x0, 0x7, 0xf5,
    0x0, 0x67, 0x8f, 0xf1, 0x0, 0xef, 0xfc, 0x30,

    /* U+011E "Ğ" */
    0x2, 0xe4, 0x1c, 0x80, 0x0, 0x8f, 0xfd, 0x10,
    0x0, 0x0, 0x10, 0x0, 0x0, 0x0, 0x0, 0x0,
    0x1, 0x9e, 0xfd, 0x60, 0xb, 0xfc, 0xad, 0xf5,
    0xf, 0xb0, 0x0, 0x0, 0x2f, 0x90, 0x0, 0x0,
    0x2f, 0x90, 0x88, 0x84, 0x2f, 0x90, 0xff, 0xf8,
    0x2f, 0x90, 0x3, 0xf8, 0xf, 0xb0, 0x5, 0xf6,
    0xb, 0xfb, 0x9f, 0xf2, 0x1, 0x9e, 0xfc, 0x30,

    /* U+011F "ğ" */
    0x1, 0x81, 0x5, 0x40, 0x1, 0xf6, 0x1e, 0x70,
    0x0, 0x6f, 0xfb, 0x0, 0x0, 0x0, 0x10, 0x0,
    0x2, 0xcf, 0xc6, 0xf6, 0xd, 0xfb, 0xad, 0xf6,
    0x1f, 0xb0, 0x7, 0xf6, 0x3f, 0x90, 0x6, 0xf6,
    0x2f, 0xb0, 0x7, 0xf6, 0xd, 0xfa, 0x9d, 0xf6,
    0x2, 0xcf, 0xc7, 0xf6, 0x0, 0x0, 0x7, 0xf5,
    0x0, 0x67, 0x8f, 0xf1, 0x0, 0xef, 0xfc, 0x30,

    /* U+0120 "Ġ" */
    0x0, 0xb, 0xc1, 0x0, 0x0, 0xd, 0xe1, 0x0,
    0x0, 0x0, 0x0, 0x0, 0x0, 0x0, 0x0, 0x0,
    0x1, 0x9e, 0xfc, 0x30, 0xb, 0xfc, 0xaf, 0xf2,
    0xf, 0xb0, 0x3, 0xa4, 0x2f, 0x90, 0x0, 0x0,
    0x2f, 0x90, 0x88, 0x84, 0x2f, 0x90, 0xff, 0xf8,
    0x2f, 0x90, 0x3, 0xf8, 0xf, 0xb0, 0x5, 0xf6,
    0xb, 0xfb, 0x9f, 0xf2, 0x1, 0x9e, 0xfc, 0x30,

    /* U+0121 "ġ" */
    0x0, 0xb, 0xc1, 0x0, 0x0, 0xd, 0xe1, 0x0,
    0x0, 0x0, 0x0, 0x0, 0x0, 0x0, 0x0, 0x0,
    0x2, 0xcf, 0xc6, 0xf6, 0xd, 0xfb, 0xad, 0xf6,
    0x1f, 0xb0, 0x7, 0xf6, 0x3f, 0x90, 0x6, 0xf6,
    0x2f, 0xb0, 0x7, 0xf6, 0xd, 0xfa, 0x9d, 0xf6,
    0x2, 0xcf, 0xc7, 0xf6, 0x0, 0x0, 0x7, 0xf5,
    0x0, 0x67, 0x8f, 0xf1, 0x0, 0xef, 0xfc, 0x30,

    /* U+0122 "Ģ" */
    0x1, 0x9e, 0xfc, 0x30, 0xb, 0xfc, 0xaf, 0xf2,
    0xf, 0xb0, 0x3, 0xa4, 0x2f, 0x90, 0x0, 0x0,
    0x2f, 0x90, 0x88, 0x84, 0x2f, 0x90, 0xff, 0xf8,
    0x2f, 0x90, 0x3, 0xf8, 0xf, 0xb0, 0x5, 0xf6,
    0xb, 0xfb, 0x9f, 0xf2, 0x1, 0x9e, 0xfc, 0x30,
    0x0, 0x0, 0x0, 0x0, 0x0, 0x8, 0xf5, 0x0,
    0x0, 0x1f, 0xa0, 0x0, 0x0, 0x1, 0x0, 0x0,

    /* U+0123 "ģ" */
    0x0, 0x0, 0x11, 0x0, 0x0, 0x4, 0xf6, 0x0,
    0x0, 0x1e, 0xe0, 0x0, 0x0, 0x0, 0x0, 0x0,
    0x0, 0x0, 0x0, 0x0, 0x2, 0xcf, 0xc6, 0xf6,
    0xd, 0xfb, 0xad, 0xf6, 0x1f, 0xb0, 0x7, 0xf6,
    0x3f, 0x90, 0x6, 0xf6, 0x2f, 0xb0, 0x7, 0xf6,
    0xd, 0xfa, 0x9d, 0xf6, 0x2, 0xcf, 0xc7, 0xf6,
    0x0, 0x0, 0x7, 0xf5, 0x0, 0x67, 0x8f, 0xf1,
    0x0, 0xef, 0xfc, 0x30,

    /* U+0124 "Ĥ" */
    0x0, 0x78, 0x20, 0x0, 0x7d, 0x9d, 0x0, 0x7,
    0x20, 0x73, 0x0, 0x0, 0x0, 0x0, 0xfd, 0x0,
    0x6f, 0x5f, 0xd0, 0x6, 0xf5, 0xfd, 0x0, 0x6f,
    0x5f, 0xd0, 0x6, 0xf5, 0xff, 0xff, 0xff, 0x5f,
    0xea, 0xac, 0xf5, 0xfd, 0x0, 0x6f, 0x5f, 0xd0,
    0x6, 0xf5, 0xfd, 0x0, 0x6f, 0x5f, 0xd0, 0x6,
    0xf5,

    /* U+0125 "ĥ" */
    0x0, 0x78, 0x10, 0x0, 0x0, 0x9c, 0xac, 0x0,
    0x0, 0x17, 0x10, 0x73, 0x0, 0x0, 0x0, 0x0,
    0x0, 0x0, 0x0, 0xfc, 0x0, 0x0, 0x0, 0xf,
    0xc0, 0x0, 0x0, 0x0, 0xfc, 0x8f, 0xd5, 0x0,
    0xf, 0xec, 0x9f, 0xf1, 0x0, 0xfe, 0x0, 0x8f,
    0x40, 0xf, 0xc0, 0x6, 0xf5, 0x0, 0xfc, 0x0,
    0x6f, 0x50, 0xf, 0xc0, 0x6, 0xf5, 0x0, 0xfc,
    0x0, 0x6f, 0x50, 0xf, 0xc0, 0x6, 0xf5,

    /* U+0126 "Ħ" */
    0xf, 0xd1, 0x17, 0xf6, 0x8f, 0xff, 0xff, 0xff,
    0x2f, 0xd4, 0x48, 0xf7, 0xf, 0xd0, 0x6, 0xf5,
    0xf, 0xff, 0xff, 0xf5, 0xf, 0xea, 0xac, 0xf5,
    0xf, 0xd0, 0x6, 0xf5, 0xf, 0xd0, 0x6, 0xf5,
    0xf, 0xd0, 0x6, 0xf5, 0xf, 0xd0, 0x6, 0xf5,

    /* U+0127 "ħ" */
    0xef, 0xff, 0x20, 0x0, 0x2f, 0xc2, 0x0, 0x0,
    0xf, 0xb8, 0xfd, 0x50, 0xf, 0xec, 0x9f, 0xf1,
    0xf, 0xe0, 0x8, 0xf4, 0xf, 0xc0, 0x6, 0xf5,
    0xf, 0xc0, 0x6, 0xf5, 0xf, 0xc0, 0x6, 0xf5,
    0xf, 0xc0, 0x6, 0xf5, 0xf, 0xc0, 0x6, 0xf5,

    /* U+0128 "Ĩ" */
    0x2c, 0xd5, 0x2d, 0x7, 0xa4, 0xdf, 0x90, 0x11,
    0x0, 0x10, 0x0, 0x0, 0x0, 0x0, 0xdf, 0xff,
    0xff, 0x37, 0x9d, 0xf9, 0x92, 0x0, 0xbf, 0x10,
    0x0, 0xb, 0xf1, 0x0, 0x0, 0xbf, 0x10, 0x0,
    0xb, 0xf1, 0x0, 0x0, 0xbf, 0x10, 0x0, 0xb,
    0xf1, 0x0, 0x79, 0xdf, 0x99, 0x2d, 0xff, 0xff,
    0xf3,

    /* U+0129 "ĩ" */
    0x2c, 0xd5, 0x3d, 0x7, 0xa4, 0xdf, 0x90, 0x0,
    0x0, 0x10, 0x9, 0xff, 0xf9, 0x0, 0x5a, 0xaf,
    0x90, 0x0, 0x1, 0xf9, 0x0, 0x0, 0x1f, 0x90,
    0x0, 0x1, 0xf9, 0x0, 0x0, 0x1f, 0x90, 0x9,
    0xaa, 0xfd, 0xa7, 0xff, 0xff, 0xff, 0xc0,

    /* U+012A "Ī" */
    0x6, 0x88, 0x81, 0x0, 0xcf, 0xff, 0x30, 0x0,
    0x0, 0x0, 0x0, 0x0, 0x0, 0x0, 0xdf, 0xff,
    0xff, 0x37, 0x9d, 0xf9, 0x92, 0x0, 0xbf, 0x10,
    0x0, 0xb, 0xf1, 0x0, 0x0, 0xbf, 0x10, 0x0,
    0xb, 0xf1, 0x0, 0x0, 0xbf, 0x10, 0x0, 0xb,
    0xf1, 0x0, 0x79, 0xdf, 0x99, 0x2d, 0xff, 0xff,
    0xf3,

    /* U+012B "ī" */
    0xc, 0xff, 0xf3, 0x0, 0x68, 0x88, 0x10, 0x0,
    0x0, 0x0, 0x9, 0xff, 0xf9, 0x0, 0x5a, 0xaf,
    0x90, 0x0, 0x1, 0xf9, 0x0, 0x0, 0x1f, 0x90,
    0x0, 0x1, 0xf9, 0x0, 0x0, 0x1f, 0x90, 0x9,
    0xaa, 0xfd, 0xa7, 0xff, 0xff, 0xff, 0xc0,

    /* U+012C "Ĭ" */
    0x18, 0x20, 0x74, 0x0, 0xaf, 0xfe, 0x20, 0x0,
    0x11, 0x0, 0x0, 0x0, 0x0, 0x0, 0xdf, 0xff,
    0xff, 0x37, 0x9d, 0xf9, 0x92, 0x0, 0xbf, 0x10,
    0x0, 0xb, 0xf1, 0x0, 0x0, 0xbf, 0x10, 0x0,
    0xb, 0xf1, 0x0, 0x0, 0xbf, 0x10, 0x0, 0xb,
    0xf1, 0x0, 0x79, 0xdf, 0x99, 0x2d, 0xff, 0xff,
    0xf3,

    /* U+012D "ĭ" */
    0x2f, 0x51, 0xd8, 0x0, 0x8f, 0xfc, 0x10, 0x0,
    0x1, 0x0, 0x9, 0xff, 0xf9, 0x0, 0x5a, 0xaf,
    0x90, 0x0, 0x1, 0xf9, 0x0, 0x0, 0x1f, 0x90,
    0x0, 0x1, 0xf9, 0x0, 0x0, 0x1f, 0x90, 0x9,
    0xaa, 0xfd, 0xa7, 0xff, 0xff, 0xff, 0xc0,

    /* U+012E "Į" */
    0xdf, 0xff, 0xff, 0x37, 0x9d, 0xf9, 0x92, 0x0,
    0xbf, 0x10, 0x0, 0xb, 0xf1, 0x0, 0x0, 0xbf,
    0x10, 0x0, 0xb, 0xf1, 0x0, 0x0, 0xbf, 0x10,
    0x0, 0xb, 0xf1, 0x0, 0x79, 0xdf, 0x99, 0x2d,
    0xff, 0xff, 0xf3, 0x1, 0xe6, 0x0, 0x0, 0x5f,
    0x10, 0x0, 0x2, 0xef, 0x80, 0x0, 0x0, 0x11,
    0x0,

    /* U+012F "į" */
    0x0, 0x17, 0x30, 0x0, 0x8, 0xfb, 0x0, 0x0,
    0x15, 0x10, 0x7, 0xff, 0xf9, 0x0, 0x4a, 0xaf,
    0x90, 0x0, 0x1, 0xf9, 0x0, 0x0, 0x1f, 0x90,
    0x0, 0x1, 0xf9, 0x0, 0x0, 0x1f, 0x90, 0x8,
    0xaa, 0xfd, 0xa8, 0xdf, 0xff, 0xff, 0xd0, 0x6,
    0xd0, 0x0, 0x0, 0xd9, 0x0, 0x0, 0x9, 0xff,
    0x10, 0x0, 0x1, 0x20, 0x0,

    /* U+0130 "İ" */
    0x0, 0xbc, 0x10, 0x0, 0xd, 0xe1, 0x0, 0x0,
    0x0, 0x0, 0x0, 0x0, 0x0, 0x0, 0xdf, 0xff,
    0xff, 0x37, 0x9d, 0xf9, 0x92, 0x0, 0xbf, 0x10,
    0x0, 0xb, 0xf1, 0x0, 0x0, 0xbf, 0x10, 0x0,
    0xb, 0xf1, 0x0, 0x0, 0xbf, 0x10, 0x0, 0xb,
    0xf1, 0x0, 0x79, 0xdf, 0x99, 0x2d, 0xff, 0xff,
    0xf3,

    /* U+0131 "ı" */
    0x9f, 0xff, 0x90, 0x5, 0xaa, 0xf9, 0x0, 0x0,
    0x1f, 0x90, 0x0, 0x1, 0xf9, 0x0, 0x0, 0x1f,
    0x90, 0x0, 0x1, 0xf9, 0x0, 0x9a, 0xaf, 0xda,
    0x7f, 0xff, 0xff, 0xfc,

    /* U+0132 "Ĳ" */
    0x3f, 0x81, 0xff, 0xfa, 0x3f, 0x80, 0xaa, 0xfa,
    0x3f, 0x80, 0x1, 0xfa, 0x3f, 0x80, 0x1, 0xfa,
    0x3f, 0x80, 0x1, 0xfa, 0x3f, 0x80, 0x1, 0xfa,
    0x3f, 0x80, 0x1, 0xfa, 0x3f, 0x80, 0x3, 0xf9,
    0x3f, 0x83, 0x9e, 0xf4, 0x3f, 0x86, 0xfd, 0x60,

    /* U+0133 "ĳ" */
    0x5, 0x60, 0x3, 0x71, 0xf, 0xf3, 0xc, 0xf6,
    0x3, 0x40, 0x2, 0x50, 0xb, 0xf0, 0x8, 0xf4,
    0xb, 0xf0, 0x8, 0xf4, 0xb, 0xf0, 0x8, 0xf4,
    0xb, 0xf0, 0x8, 0xf4, 0xb, 0xf0, 0x8, 0xf4,
    0xb, 0xf0, 0x8, 0xf4, 0xb, 0xf0, 0x8, 0xf4,
    0xb, 0xf0, 0x9, 0xf3, 0x0, 0x8, 0xaf, 0xd0,
    0x0, 0xf, 0xfb, 0x20,

    /* U+0134 "Ĵ" */
    0x0, 0x3, 0x86, 0x0, 0x0, 0x1e, 0x8e, 0x50,
    0x0, 0x46, 0x3, 0x70, 0x0, 0x0, 0x0, 0x0,
    0x3, 0xff, 0xff, 0xf2, 0x1, 0xaa, 0xad, 0xf2,
    0x0, 0x0, 0x9, 0xf2, 0x0, 0x0, 0x9, 0xf2,
    0x0, 0x0, 0x9, 0xf2, 0x0, 0x0, 0x9, 0xf2,
    0x0, 0x0, 0x9, 0xf2, 0x6d, 0x40, 0xb, 0xf1,
    0x2f, 0xf9, 0xbf, 0xb0, 0x3, 0xcf, 0xe9, 0x10,

    /* U+0135 "ĵ" */
    0x0, 0x58, 0x40, 0x4, 0xf8, 0xf2, 0x6, 0x40,
    0x55, 0x0, 0x0, 0x0, 0x7f, 0xff, 0xf6, 0x4a,
    0xac, 0xf6, 0x0, 0x5, 0xf6, 0x0, 0x5, 0xf6,
    0x0, 0x5, 0xf6, 0x0, 0x5, 0xf6, 0x0, 0x5,
    0xf6, 0x0, 0x8, 0xf4, 0x8a, 0xbf, 0xe0, 0xcf,
    0xfb, 0x20,

    /* U+0136 "Ķ" */
    0xfd, 0x0, 0x3f, 0xb0, 0xfd, 0x0, 0xbf, 0x30,
    0xfd, 0x2, 0xfc, 0x0, 0xfd, 0xa, 0xf4, 0x0,
    0xff, 0xff, 0xc0, 0x0, 0xfe, 0x9e, 0xe0, 0x0,
    0xfd, 0x7, 0xf7, 0x0, 0xfd, 0x1, 0xfe, 0x0,
    0xfd, 0x0, 0x9f, 0x60, 0xfd, 0x0, 0x1f, 0xd0,
    0x0, 0x0, 0x0, 0x0, 0x0, 0x8f, 0x50, 0x0,
    0x1, 0xfa, 0x0, 0x0, 0x0, 0x10, 0x0, 0x0,

    /* U+0137 "ķ" */
    0xee, 0x0, 0x0, 0x0, 0xee, 0x0, 0x0, 0x0,
    0xee, 0x0, 0x4f, 0xb0, 0xee, 0x0, 0xcf, 0x20,
    0xee, 0x5, 0xf8, 0x0, 0xef, 0x8e, 0xe1, 0x0,
    0xef, 0xff, 0xc0, 0x0, 0xee, 0x9, 0xf6, 0x0,
    0xee, 0x0, 0xef, 0x10, 0xee, 0x0, 0x4f, 0xb0,
    0x0, 0x0, 0x0, 0x0, 0x0, 0x8f, 0x50, 0x0,
    0x1, 0xfa, 0x0, 0x0, 0x0, 0x10, 0x0, 0x0,

    /* U+0138 "ĸ" */
    0xee, 0x0, 0x3f, 0xb0, 0xee, 0x0, 0xcf, 0x20,
    0xee, 0x5, 0xf9, 0x0, 0xef, 0x8e, 0xe1, 0x0,
    0xef, 0xff, 0xd0, 0x0, 0xee, 0x9, 0xf7, 0x0,
    0xee, 0x0, 0xef, 0x10, 0xee, 0x0, 0x4f, 0xb0,

    /* U+0139 "Ĺ" */
    0x0, 0x11, 0x0, 0x0, 0x6f, 0x50, 0x0, 0x2f,
    0x80, 0x0, 0x0, 0x0, 0x0, 0x0, 0x9f, 0x20,
    0x0, 0x9, 0xf2, 0x0, 0x0, 0x9f, 0x20, 0x0,
    0x9, 0xf2, 0x0, 0x0, 0x9f, 0x20, 0x0, 0x9,
    0xf2, 0x0, 0x0, 0x9f, 0x20, 0x0, 0x9, 0xf2,
    0x0, 0x0, 0x9f, 0xba, 0xaa, 0x59, 0xff, 0xff,
    0xf8,

    /* U+013A "ĺ" */
    0x0, 0x0, 0xce, 0x10, 0x0, 0x8, 0xf3, 0x0,
    0x0, 0x1, 0x0, 0x0, 0x0, 0x0, 0x0, 0x0,
    0x9f, 0xff, 0xa0, 0x0, 0x59, 0xaf, 0xa0, 0x0,
    0x0, 0x1f, 0xa0, 0x0, 0x0, 0x1f, 0xa0, 0x0,
    0x0, 0x1f, 0xa0, 0x0, 0x0, 0x1f, 0xa0, 0x0,
    0x0, 0x1f, 0xa0, 0x0, 0x0, 0x1f, 0xa0, 0x0,
    0x0, 0xe, 0xfa, 0x98, 0x0, 0x4, 0xdf, 0xfd,

    /* U+013B "Ļ" */
    0x9f, 0x20, 0x0, 0x9, 0xf2, 0x0, 0x0, 0x9f,
    0x20, 0x0, 0x9, 0xf2, 0x0, 0x0, 0x9f, 0x20,
    0x0, 0x9, 0xf2, 0x0, 0x0, 0x9f, 0x20, 0x0,
    0x9, 0xf2, 0x0, 0x0, 0x9f, 0xba, 0xaa, 0x59,
    0xff, 0xff, 0xf8, 0x0, 0x0, 0x0, 0x0, 0x8,
    0xf5, 0x0, 0x1, 0xfa, 0x0, 0x0, 0x1, 0x0,
    0x0,

    /* U+013C "ļ" */
    0x9f, 0xff, 0xa0, 0x0, 0x59, 0xaf, 0xa0, 0x0,
    0x0, 0x1f, 0xa0, 0x0, 0x0, 0x1f, 0xa0, 0x0,
    0x0, 0x1f, 0xa0, 0x0, 0x0, 0x1f, 0xa0, 0x0,
    0x0, 0x1f, 0xa0, 0x0, 0x0, 0x1f, 0xa0, 0x0,
    0x0, 0xe, 0xfa, 0x98, 0x0, 0x4, 0xdf, 0xfd,
    0x0, 0x0, 0x0, 0x0, 0x0, 0x8, 0xf5, 0x0,
    0x0, 0x1f, 0xa0, 0x0, 0x0, 0x1, 0x0, 0x0,

    /* U+013D "Ľ" */
    0x0, 0x0, 0xe, 0xd0, 0x9f, 0x20, 0xae, 0x10,
    0x9f, 0x20, 0x10, 0x0, 0x9f, 0x20, 0x0, 0x0,
    0x9f, 0x20, 0x0, 0x0, 0x9f, 0x20, 0x0, 0x0,
    0x9f, 0x20, 0x0, 0x0, 0x9f, 0x20, 0x0, 0x0,
    0x9f, 0x20, 0x0, 0x0, 0x9f, 0xba, 0xaa, 0x50,
    0x9f, 0xff, 0xff, 0x80,

    /* U+013E "ľ" */
    0x0, 0x0, 0x0, 0x5, 0x60, 0x9f, 0xff, 0xa0,
    0x5f, 0x60, 0x59, 0xaf, 0xa0, 0x86, 0x0, 0x0,
    0x1f, 0xa0, 0x0, 0x0, 0x0, 0x1f, 0xa0, 0x0,
    0x0, 0x0, 0x1f, 0xa0, 0x0, 0x0, 0x0, 0x1f,
    0xa0, 0x0, 0x0, 0x0, 0x1f, 0xa0, 0x0, 0x0,
    0x0, 0x1f, 0xa0, 0x0, 0x0, 0x0, 0xe, 0xfa,
    0x98, 0x0, 0x0, 0x4, 0xdf, 0xfd, 0x0,

    /* U+013F "Ŀ" */
    0x9f, 0x20, 0x0, 0x9, 0xf2, 0x0, 0x0, 0x9f,
    0x20, 0x0, 0x9, 0xf2, 0x2b, 0x90, 0x9f, 0x28,
    0xff, 0x29, 0xf2, 0x3e, 0xc0, 0x9f, 0x20, 0x0,
    0x9, 0xf2, 0x0, 0x0, 0x9f, 0xba, 0xaa, 0x59,
    0xff, 0xff, 0xf8,

    /* U+0140 "ŀ" */
    0xdf, 0xff, 0x50, 0x0, 0x89, 0xcf, 0x50, 0x0,
    0x0, 0x6f, 0x50, 0x0, 0x0, 0x6f, 0x55, 0xc5,
    0x0, 0x6f, 0x5c, 0xfd, 0x0, 0x6f, 0x57, 0xf8,
    0x0, 0x6f, 0x50, 0x0, 0x0, 0x6f, 0x60, 0x0,
    0x0, 0x3f, 0xe9, 0x95, 0x0, 0x7, 0xef, 0xf8,

    /* U+0141 "Ł" */
    0x8, 0xf3, 0x0, 0x0, 0x8, 0xf3, 0x0, 0x0,
    0x8, 0xf3, 0x35, 0x0, 0x8, 0xfc, 0xf8, 0x0,
    0xb, 0xfe, 0x60, 0x0, 0xbf, 0xf3, 0x0, 0x0,
    0x6a, 0xf3, 0x0, 0x0, 0x8, 0xf3, 0x0, 0x0,
    0x8, 0xfb, 0xaa, 0xa6, 0x8, 0xff, 0xff, 0xf9,

    /* U+0142 "ł" */
    0x9f, 0xff, 0xa0, 0x0, 0x59, 0xaf, 0xa0, 0x0,
    0x0, 0x1f, 0xa0, 0x40, 0x0, 0x1f, 0xde, 0xa0,
    0x0, 0x6f, 0xf9, 0x10, 0x8, 0xff, 0xa0, 0x0,
    0x6, 0x5f, 0xa0, 0x0, 0x0, 0x1f, 0xa0, 0x0,
    0x0, 0xe, 0xfa, 0x98, 0x0, 0x4, 0xdf, 0xfd,

    /* U+0143 "Ń" */
    0x0, 0x0, 0xce, 0x10, 0x0, 0x8, 0xf3, 0x0,
    0x0, 0x1, 0x0, 0x0, 0x0, 0x0, 0x0, 0x0,
    0xf, 0xf4, 0x2, 0xf7, 0xf, 0xfa, 0x2, 0xf7,
    0xf, 0xcf, 0x12, 0xf7, 0xf, 0x9f, 0x62, 0xf7,
    0xf, 0x8b, 0xc2, 0xf7, 0xf, 0x85, 0xf4, 0xf7,
    0xf, 0x80, 0xf9, 0xf7, 0xf, 0x80, 0x9c, 0xf7,
    0xf, 0x80, 0x4f, 0xf7, 0xf, 0x80, 0xe, 0xf7,

    /* U+0144 "ń" */
    0x0, 0x0, 0x10, 0x0, 0x0, 0xdd, 0x10, 0x0,
    0x8f, 0x20, 0x0, 0x0, 0x0, 0x0, 0xfa, 0x8f,
    0xd5, 0xf, 0xea, 0x7e, 0xf1, 0xfd, 0x0, 0x7f,
    0x4f, 0xc0, 0x6, 0xf5, 0xfc, 0x0, 0x6f, 0x5f,
    0xc0, 0x6, 0xf5, 0xfc, 0x0, 0x6f, 0x5f, 0xc0,
    0x6, 0xf5,

    /* U+0145 "Ņ" */
    0xf, 0xf4, 0x2, 0xf7, 0xf, 0xfa, 0x2, 0xf7,
    0xf, 0xcf, 0x12, 0xf7, 0xf, 0x9f, 0x62, 0xf7,
    0xf, 0x8b, 0xc2, 0xf7, 0xf, 0x85, 0xf4, 0xf7,
    0xf, 0x80, 0xf9, 0xf7, 0xf, 0x80, 0x9c, 0xf7,
    0xf, 0x80, 0x4f, 0xf7, 0xf, 0x80, 0xe, 0xf7,
    0x0, 0x0, 0x0, 0x0, 0x0, 0x8, 0xf5, 0x0,
    0x0, 0x1f, 0xa0, 0x0, 0x0, 0x1, 0x0, 0x0,

    /* U+0146 "ņ" */
    0xfa, 0x8f, 0xd5, 0xf, 0xea, 0x7e, 0xf1, 0xfd,
    0x0, 0x7f, 0x4f, 0xc0, 0x6, 0xf5, 0xfc, 0x0,
    0x6f, 0x5f, 0xc0, 0x6, 0xf5, 0xfc, 0x0, 0x6f,
    0x5f, 0xc0, 0x6, 0xf5, 0x0, 0x0, 0x0, 0x0,
    0x9, 0xf4, 0x0, 0x1, 0xf9, 0x0, 0x0, 0x1,
    0x0, 0x0,

    /* U+0147 "Ň" */
    0x0, 0x72, 0x7, 0x30, 0x0, 0x7e, 0x9d, 0x0,
    0x0, 0x7, 0x82, 0x0, 0x0, 0x0, 0x0, 0x0,
    0xf, 0xf4, 0x2, 0xf7, 0xf, 0xfa, 0x2, 0xf7,
    0xf, 0xcf, 0x12, 0xf7, 0xf, 0x9f, 0x62, 0xf7,
    0xf, 0x8b, 0xc2, 0xf7, 0xf, 0x85, 0xf4, 0xf7,
    0xf, 0x80, 0xf9, 0xf7, 0xf, 0x80, 0x9c, 0xf7,
    0xf, 0x80, 0x4f, 0xf7, 0xf, 0x80, 0xe, 0xf7,

    /* U+0148 "ň" */
    0x17, 0x20, 0x64, 0x0, 0xac, 0x6f, 0x10, 0x1,
    0xef, 0x60, 0x0, 0x0, 0x0, 0x0, 0xfa, 0x8f,
    0xd5, 0xf, 0xea, 0x7e, 0xf1, 0xfd, 0x0, 0x7f,
    0x4f, 0xc0, 0x6, 0xf5, 0xfc, 0x0, 0x6f, 0x5f,
    0xc0, 0x6, 0xf5, 0xfc, 0x0, 0x6f, 0x5f, 0xc0,
    0x6, 0xf5,

    /* U+0149 "ŉ" */
    0x9, 0xf4, 0x0, 0x0, 0x1, 0xf9, 0x0, 0x0,
    0x0, 0x1, 0xfa, 0x8f, 0xd5, 0x0, 0xf, 0xea,
    0x7e, 0xf1, 0x0, 0xfd, 0x0, 0x7f, 0x40, 0xf,
    0xc0, 0x6, 0xf5, 0x0, 0xfc, 0x0, 0x6f, 0x50,
    0xf, 0xc0, 0x6, 0xf5, 0x0, 0xfc, 0x0, 0x6f,
    0x50, 0xf, 0xc0, 0x6, 0xf5,

    /* U+014A "Ŋ" */
    0xf, 0xf6, 0x1, 0xf7, 0xf, 0xed, 0x1, 0xf7,
    0xf, 0xcf, 0x41, 0xf7, 0xf, 0x8d, 0xa1, 0xf7,
    0xf, 0x86, 0xf3, 0xf7, 0xf, 0x80, 0xf9, 0xf7,
    0xf, 0x80, 0x8d, 0xf7, 0xf, 0x80, 0x1f, 0xf7,
    0xf, 0x80, 0xa, 0xf7, 0xf, 0x80, 0x6, 0xf6,
    0x0, 0x7, 0xbf, 0xf2, 0x0, 0xb, 0xfc, 0x40,

    /* U+014B "ŋ" */
    0xfa, 0x8f, 0xd5, 0xf, 0xdc, 0x9f, 0xf1, 0xfe,
    0x0, 0x8f, 0x4f, 0xc0, 0x6, 0xf5, 0xfc, 0x0,
    0x6f, 0x5f, 0xc0, 0x6, 0xf5, 0xfc, 0x0, 0x6f,
    0x5f, 0xc0, 0x8, 0xf4, 0x0, 0x6b, 0xfe, 0x10,
    0x9, 0xfb, 0x30,

    /* U+014C "Ō" */
    0x0, 0x68, 0x88, 0x10, 0x0, 0xcf, 0xff, 0x30,
    0x0, 0x0, 0x0, 0x0, 0x0, 0x0, 0x0, 0x0,
    0x1, 0x9e, 0xfc, 0x30, 0xb, 0xfb, 0x9f, 0xf2,
    0xf, 0xb0, 0x5, 0xf7, 0x2f, 0x90, 0x3, 0xf8,
    0x2f, 0x90, 0x3, 0xf8, 0x2f, 0x90, 0x3, 0xf8,
    0x2f, 0x90, 0x3, 0xf8, 0xf, 0xb0, 0x5, 0xf7,
    0xb, 0xfb, 0x9f, 0xf2, 0x1, 0x9e, 0xfc, 0x30,

    /* U+014D "ō" */
    0x0, 0xcf, 0xff, 0x30, 0x0, 0x68, 0x88, 0x10,
    0x0, 0x0, 0x0, 0x0, 0x0, 0x9e, 0xfc, 0x30,
    0xa, 0xfb, 0x9f, 0xf1, 0xf, 0xc0, 0x5, 0xf6,
    0x2f, 0x90, 0x3, 0xf8, 0x2f, 0x90, 0x3, 0xf8,
    0xf, 0xc0, 0x5, 0xf6, 0xb, 0xfb, 0x9f, 0xf2,
    0x0, 0x9e, 0xfc, 0x30,

    /* U+014E "Ŏ" */
    0x1, 0x82, 0x6, 0x40, 0x0, 0xaf, 0xfe, 0x30,
    0x0, 0x1, 0x10, 0x0, 0x0, 0x0, 0x0, 0x0,
    0x1, 0x9e, 0xfc, 0x30, 0xb, 0xfb, 0x9f, 0xf2,
    0xf, 0xb0, 0x5, 0xf7, 0x2f, 0x90, 0x3, 0xf8,
    0x2f, 0x90, 0x3, 0xf8, 0x2f, 0x90, 0x3, 0xf8,
    0x2f, 0x90, 0x3, 0xf8, 0xf, 0xb0, 0x5, 0xf7,
    0xb, 0xfb, 0x9f, 0xf2, 0x1, 0x9e, 0xfc, 0x30,

    /* U+014F "ŏ" */
    0x1, 0x81, 0x5, 0x40, 0x1, 0xf6, 0x1e, 0x70,
    0x0, 0x6f, 0xfb, 0x0, 0x0, 0x0, 0x10, 0x0,
    0x0, 0x9e, 0xfc, 0x30, 0xa, 0xfb, 0x9f, 0xf1,
    0xf, 0xc0, 0x5, 0xf6, 0x2f, 0x90, 0x3, 0xf8,
    0x2f, 0x90, 0x3, 0xf8, 0xf, 0xc0, 0x5, 0xf6,
    0xb, 0xfb, 0x9f, 0xf2, 0x0, 0x9e, 0xfc, 0x30,

    /* U+0150 "Ő" */
    0x0, 0x27, 0x41, 0x75, 0x0, 0xbe, 0x1a, 0xf2,
    0x4, 0xe5, 0x3e, 0x60, 0x0, 0x0, 0x0, 0x0,
    0x1, 0x9e, 0xfc, 0x30, 0xb, 0xfb, 0x9f, 0xf2,
    0xf, 0xb0, 0x5, 0xf7, 0x2f, 0x90, 0x3, 0xf8,
    0x2f, 0x90, 0x3, 0xf8, 0x2f, 0x90, 0x3, 0xf8,
    0x2f, 0x90, 0x3, 0xf8, 0xf, 0xb0, 0x5, 0xf7,
    0xb, 0xfb, 0x9f, 0xf2, 0x1, 0x9e, 0xfc, 0x30,

    /* U+0151 "ő" */
    0x0, 0x27, 0x41, 0x74, 0x0, 0xbe, 0x1b, 0xe2,
    0x4, 0xc4, 0x3c, 0x40, 0x0, 0x0, 0x0, 0x0,
    0x0, 0x9e, 0xfc, 0x30, 0xa, 0xfb, 0x9f, 0xf1,
    0xf, 0xc0, 0x5, 0xf6, 0x2f, 0x90, 0x3, 0xf8,
    0x2f, 0x90, 0x3, 0xf8, 0xf, 0xc0, 0x5, 0xf6,
    0xb, 0xfb, 0x9f, 0xf2, 0x0, 0x9e, 0xfc, 0x30,

    /* U+0152 "Œ" */
    0xa, 0xf9, 0xdf, 0xff, 0x15, 0xfe, 0xcf, 0xea,
    0xa1, 0x8f, 0x30, 0xeb, 0x0, 0x8, 0xf2, 0xe,
    0xb0, 0x0, 0x8f, 0x20, 0xef, 0xfb, 0x8, 0xf2,
    0xe, 0xe8, 0x60, 0x8f, 0x20, 0xeb, 0x0, 0x8,
    0xf3, 0xe, 0xb0, 0x0, 0x5f, 0xdc, 0xfe, 0xaa,
    0x0, 0xaf, 0x9d, 0xff, 0xf1,

    /* U+0153 "œ" */
    0xb, 0xfa, 0x5e, 0xd4, 0x6f, 0x7d, 0xf6, 0xcc,
    0x8f, 0x8, 0xe0, 0x8e, 0x8f, 0x8, 0xff, 0xfe,
    0x8f, 0x8, 0xe2, 0x22, 0x8f, 0x8, 0xe0, 0x0,
    0x6f, 0x6c, 0xf6, 0xca, 0xb, 0xfb, 0x5e, 0xd3,

    /* U+0154 "Ŕ" */
    0x0, 0xc, 0xe1, 0x0, 0x8, 0xf3, 0x0, 0x0,
    0x10, 0x0, 0x0, 0x0, 0x0, 0x0, 0xff, 0xff,
    0xc4, 0xf, 0xe8, 0x8e, 0xf3, 0xfc, 0x0, 0x3f,
    0x9f, 0xc0, 0x1, 0xfa, 0xfd, 0x22, 0xaf, 0x6f,
    0xff, 0xff, 0xa0, 0xfd, 0x5c, 0xf1, 0xf, 0xc0,
    0x4f, 0x90, 0xfc, 0x0, 0xcf, 0x1f, 0xc0, 0x5,
    0xf9,

    /* U+0155 "ŕ" */
    0x0, 0x0, 0x10, 0x0, 0x0, 0xdd, 0x10, 0x0,
    0x8f, 0x20, 0x0, 0x0, 0x0, 0x0, 0xaf, 0x4d,
    0xfa, 0x1a, 0xfa, 0x6b, 0xf9, 0xaf, 0x20, 0xf,
    0xda, 0xf1, 0x0, 0x66, 0xaf, 0x10, 0x0, 0xa,
    0xf1, 0x0, 0x0, 0xaf, 0x10, 0x0, 0xa, 0xf1,
    0x0, 0x0,

    /* U+0156 "Ŗ" */
    0xff, 0xff, 0xc4, 0xf, 0xe8, 0x8e, 0xf3, 0xfc,
    0x0, 0x3f, 0x9f, 0xc0, 0x1, 0xfa, 0xfd, 0x22,
    0xaf, 0x6f, 0xff, 0xff, 0xa0, 0xfd, 0x5c, 0xf1,
    0xf, 0xc0, 0x4f, 0x90, 0xfc, 0x0, 0xcf, 0x1f,
    0xc0, 0x5, 0xf9, 0x0, 0x0, 0x0, 0x0, 0x8,
    0xf5, 0x0, 0x1, 0xfa, 0x0, 0x0, 0x1, 0x0,
    0x0,

    /* U+0157 "ŗ" */
    0xaf, 0x4d, 0xfa, 0x1a, 0xfa, 0x6b, 0xf9, 0xaf,
    0x20, 0xf, 0xda, 0xf1, 0x0, 0x66, 0xaf, 0x10,
    0x0, 0xa, 0xf1, 0x0, 0x0, 0xaf, 0x10, 0x0,
    0xa, 0xf1, 0x0, 0x0, 0x0, 0x0, 0x0, 0x0,
    0x8, 0xf5, 0x0, 0x1, 0xfa, 0x0, 0x0, 0x1,
    0x0, 0x0,

    /* U+0158 "Ř" */
    0x8, 0x20, 0x74, 0x0, 0x8d, 0x9d, 0x0, 0x0,
    0xab, 0x30, 0x0, 0x0, 0x0, 0x0, 0xff, 0xff,
    0xc4, 0xf, 0xe8, 0x8e, 0xf3, 0xfc, 0x0, 0x3f,
    0x9f, 0xc0, 0x1, 0xfa, 0xfd, 0x22, 0xaf, 0x6f,
    0xff, 0xff, 0xa0, 0xfd, 0x5c, 0xf1, 0xf, 0xc0,
    0x4f, 0x90, 0xfc, 0x0, 0xcf, 0x1f, 0xc0, 0x5,
    0xf9,

    /* U+0159 "ř" */
    0x17, 0x20, 0x64, 0x0, 0xac, 0x6f, 0x10, 0x1,
    0xef, 0x60, 0x0, 0x0, 0x0, 0x0, 0xaf, 0x4d,
    0xfa, 0x1a, 0xfa, 0x6b, 0xf9, 0xaf, 0x20, 0xf,
    0xda, 0xf1, 0x0, 0x66, 0xaf, 0x10, 0x0, 0xa,
    0xf1, 0x0, 0x0, 0xaf, 0x10, 0x0, 0xa, 0xf1,
    0x0, 0x0,

    /* U+015A "Ś" */
    0x0, 0x0, 0xce, 0x10, 0x0, 0x8, 0xf3, 0x0,
    0x0, 0x1, 0x0, 0x0, 0x0, 0x0, 0x0, 0x0,
    0x1, 0x9e, 0xfc, 0x30, 0xb, 0xfb, 0x9f, 0xf2,
    0xf, 0xc0, 0x4, 0xb4, 0xe, 0xe3, 0x0, 0x0,
    0x4, 0xff, 0xd8, 0x10, 0x0, 0x27, 0xcf, 0xe1,
    0x0, 0x0, 0x7, 0xf7, 0x1c, 0x80, 0x3, 0xf8,
    0xc, 0xfb, 0x9e, 0xf3, 0x1, 0xae, 0xfc, 0x50,

    /* U+015B "ś" */
    0x0, 0x0, 0x1, 0x0, 0x0, 0x0, 0xdd, 0x10,
    0x0, 0x8, 0xf2, 0x0, 0x0, 0x0, 0x0, 0x0,
    0x3, 0xcf, 0xfd, 0x60, 0xd, 0xf7, 0x6c, 0xf4,
    0xf, 0xc0, 0x0, 0x10, 0xa, 0xff, 0xc9, 0x30,
    0x0, 0x59, 0xbf, 0xf3, 0x2, 0x10, 0x3, 0xf8,
    0xe, 0xe7, 0x6b, 0xf5, 0x3, 0xcf, 0xfe, 0x70,

    /* U+015C "Ŝ" */
    0x0, 0x7, 0x82, 0x0, 0x0, 0x7d, 0x9d, 0x0,
    0x0, 0x72, 0x7, 0x30, 0x0, 0x0, 0x0, 0x0,
    0x1, 0x9e, 0xfc, 0x30, 0xb, 0xfb, 0x9f, 0xf2,
    0xf, 0xc0, 0x4, 0xb4, 0xe, 0xe3, 0x0, 0x0,
    0x4, 0xff, 0xd8, 0x10, 0x0, 0x27, 0xcf, 0xe1,
    0x0, 0x0, 0x7, 0xf7, 0x1c, 0x80, 0x3, 0xf8,
    0xc, 0xfb, 0x9e, 0xf3, 0x1, 0xae, 0xfc, 0x50,

    /* U+015D "ŝ" */
    0x0, 0x7, 0x82, 0x0, 0x0, 0x7d, 0x9d, 0x0,
    0x0, 0x72, 0x7, 0x30, 0x0, 0x0, 0x0, 0x0,
    0x3, 0xcf, 0xfd, 0x60, 0xd, 0xf7, 0x6c, 0xf4,
    0xf, 0xc0, 0x0, 0x10, 0xa, 0xff, 0xc9, 0x30,
    0x0, 0x59, 0xbf, 0xf3, 0x2, 0x10, 0x3, 0xf8,
    0xe, 0xe7, 0x6b, 0xf5, 0x3, 0xcf, 0xfe, 0x70,

    /* U+015E "Ş" */
    0x1, 0x9e, 0xfc, 0x30, 0xb, 0xfb, 0x9f, 0xf2,
    0xf, 0xc0, 0x4, 0xb4, 0xe, 0xe3, 0x0, 0x0,
    0x4, 0xff, 0xd8, 0x10, 0x0, 0x27, 0xcf, 0xe1,
    0x0, 0x0, 0x7, 0xf7, 0x1c, 0x80, 0x3, 0xf8,
    0xc, 0xfb, 0x9e, 0xf3, 0x1, 0xaf, 0xfc, 0x50,
    0x0, 0xc, 0x92, 0x0, 0x0, 0x0, 0xae, 0x0,
    0x0, 0x3e, 0xe8, 0x0,

    /* U+015F "ş" */
    0x3, 0xcf, 0xfd, 0x60, 0xd, 0xf7, 0x6c, 0xf4,
    0xf, 0xc0, 0x0, 0x10, 0xa, 0xff, 0xc9, 0x30,
    0x0, 0x59, 0xbf, 0xf3, 0x2, 0x10, 0x3, 0xf8,
    0xe, 0xe7, 0x6b, 0xf5, 0x3, 0xcf, 0xfe, 0x70,
    0x0, 0xb, 0x92, 0x0, 0x0, 0x0, 0x9e, 0x0,
    0x0, 0x3e, 0xe8, 0x0,

    /* U+0160 "Š" */
    0x1, 0xd5, 0x1d, 0x50, 0x0, 0x6f, 0xbc, 0x0,
    0x0, 0x9, 0xa3, 0x0, 0x0, 0x0, 0x0, 0x0,
    0x1, 0x9e, 0xfd, 0x60, 0xb, 0xfb, 0x9d, 0xf4,
    0xf, 0xc0, 0x0, 0x0, 0xe, 0xe3, 0x0, 0x0,
    0x4, 0xff, 0xd8, 0x10, 0x0, 0x27, 0xcf, 0xe1,
    0x0, 0x0, 0x7, 0xf7, 0x1e, 0xa0, 0x3, 0xf8,
    0xc, 0xfb, 0x9e, 0xf3, 0x1, 0x9e, 0xfc, 0x50,

    /* U+0161 "š" */
    0x0, 0x72, 0x7, 0x30, 0x0, 0x7e, 0x9d, 0x0,
    0x0, 0x7, 0x82, 0x0, 0x0, 0x0, 0x0, 0x0,
    0x3, 0xcf, 0xfd, 0x60, 0xd, 0xf7, 0x6c, 0xf4,
    0xf, 0xc0, 0x0, 0x10, 0xa, 0xff, 0xc9, 0x30,
    0x0, 0x59, 0xbf, 0xf3, 0x2, 0x10, 0x3, 0xf8,
    0xe, 0xe7, 0x6b, 0xf5, 0x3, 0xcf, 0xfe, 0x70,

    /* U+0162 "Ţ" */
    0x7f, 0xff, 0xff, 0xfd, 0x4a, 0xae, 0xfa, 0xa8,
    0x0, 0xb, 0xf1, 0x0, 0x0, 0xb, 0xf1, 0x0,
    0x0, 0xb, 0xf1, 0x0, 0x0, 0xb, 0xf1, 0x0,
    0x0, 0xb, 0xf1, 0x0, 0x0, 0xb, 0xf1, 0x0,
    0x0, 0xb, 0xf1, 0x0, 0x0, 0xb, 0xf1, 0x0,
    0x0, 0x7, 0xc3, 0x0, 0x0, 0x0, 0x4f, 0x40,
    0x0, 0xc, 0xec, 0x10,

    /* U+0163 "ţ" */
    0x0, 0x3f, 0x80, 0x0, 0x0, 0x3f, 0x80, 0x0,
    0x6f, 0xff, 0xff, 0xf7, 0x3a, 0xbf, 0xda, 0xa4,
    0x0, 0x3f, 0x80, 0x0, 0x0, 0x3f, 0x80, 0x0,
    0x0, 0x3f, 0x80, 0x0, 0x0, 0x3f, 0x80, 0x0,
    0x0, 0x1f, 0xea, 0x92, 0x0, 0x5, 0xff, 0xf4,
    0x0, 0x1, 0xf5, 0x0, 0x0, 0x0, 0x1d, 0xa0,
    0x0, 0x6, 0xee, 0x50,

    /* U+0164 "Ť" */
    0x0, 0x72, 0x7, 0x30, 0x0, 0x7e, 0x9d, 0x0,
    0x0, 0x7, 0x82, 0x0, 0x0, 0x0, 0x0, 0x0,
    0x7f, 0xff, 0xff, 0xfd, 0x4a, 0xae, 0xfa, 0xa8,
    0x0, 0xb, 0xf1, 0x0, 0x0, 0xb, 0xf1, 0x0,
    0x0, 0xb, 0xf1, 0x0, 0x0, 0xb, 0xf1, 0x0,
    0x0, 0xb, 0xf1, 0x0, 0x0, 0xb, 0xf1, 0x0,
    0x0, 0xb, 0xf1, 0x0, 0x0, 0xb, 0xf1, 0x0,

    /* U+0165 "ť" */
    0x0, 0x0, 0x0, 0x4e, 0x0, 0x3, 0xf8, 0x9,
    0x80, 0x0, 0x3f, 0x80, 0x10, 0x6, 0xff, 0xff,
    0xff, 0x70, 0x3a, 0xbf, 0xda, 0xa4, 0x0, 0x3,
    0xf8, 0x0, 0x0, 0x0, 0x3f, 0x80, 0x0, 0x0,
    0x3, 0xf8, 0x0, 0x0, 0x0, 0x3f, 0x80, 0x0,
    0x0, 0x1, 0xfe, 0xa9, 0x20, 0x0, 0x5, 0xdf,
    0xf4, 0x0,

    /* U+0166 "Ŧ" */
    0x7f, 0xff, 0xff, 0xfd, 0x4a, 0xae, 0xfa, 0xa8,
    0x0, 0xb, 0xf1, 0x0, 0x0, 0xb, 0xf1, 0x0,
    0x0, 0x6f, 0xf9, 0x10, 0x0, 0xcf, 0xff, 0x30,
    0x0, 0xb, 0xf1, 0x0, 0x0, 0xb, 0xf1, 0x0,
    0x0, 0xb, 0xf1, 0x0, 0x0, 0xb, 0xf1, 0x0,

    /* U+0167 "ŧ" */
    0x0, 0x3f, 0x80, 0x0, 0x0, 0x3f, 0x80, 0x0,
    0x6f, 0xff, 0xff, 0xf7, 0x3a, 0xbf, 0xda, 0xa4,
    0x0, 0x3f, 0x80, 0x0, 0x2, 0xcf, 0xf5, 0x0,
    0x4, 0xff, 0xfb, 0x0, 0x0, 0x3f, 0x80, 0x0,
    0x0, 0x1f, 0xea, 0x92, 0x0, 0x5, 0xdf, 0xf4,

    /* U+0168 "Ũ" */
    0x2, 0xcd, 0x52, 0xd0, 0x7, 0xa4, 0xdf, 0x90,
    0x1, 0x10, 0x1, 0x0, 0x0, 0x0, 0x0, 0x0,
    0xf, 0xc0, 0x5, 0xf6, 0xf, 0xc0, 0x5, 0xf6,
    0xf, 0xc0, 0x5, 0xf6, 0xf, 0xc0, 0x5, 0xf6,
    0xf, 0xc0, 0x5, 0xf6, 0xf, 0xc0, 0x5, 0xf6,
    0xf, 0xc0, 0x5, 0xf6, 0xe, 0xd0, 0x7, 0xf5,
    0xa, 0xfb, 0x9f, 0xe1, 0x0, 0x9e, 0xfc, 0x30,

    /* U+0169 "ũ" */
    0xb, 0xb0, 0x2d, 0x6, 0xb7, 0xb4, 0xd0, 0x88,
    0x9, 0xf6, 0x0, 0x0, 0x0, 0x0, 0xfd, 0x0,
    0x6f, 0x5f, 0xd0, 0x6, 0xf5, 0xfd, 0x0, 0x6f,
    0x5f, 0xd0, 0x6, 0xf5, 0xfd, 0x0, 0x6f, 0x5d,
    0xe0, 0x8, 0xf4, 0x8f, 0xb9, 0xfe, 0x0, 0x9e,
    0xfc, 0x30,

    /* U+016A "Ū" */
    0x0, 0x68, 0x88, 0x10, 0x0, 0xcf, 0xff, 0x30,
    0x0, 0x0, 0x0, 0x0, 0x0, 0x0, 0x0, 0x0,
    0xf, 0xc0, 0x5, 0xf6, 0xf, 0xc0, 0x5, 0xf6,
    0xf, 0xc0, 0x5, 0xf6, 0xf, 0xc0, 0x5, 0xf6,
    0xf, 0xc0, 0x5, 0xf6, 0xf, 0xc0, 0x5, 0xf6,
    0xf, 0xc0, 0x5, 0xf6, 0xe, 0xd0, 0x7, 0xf5,
    0xa, 0xfb, 0x9f, 0xe1, 0x0, 0x9e, 0xfc, 0x30,

    /* U+016B "ū" */
    0xc, 0xff, 0xf3, 0x0, 0x68, 0x88, 0x10, 0x0,
    0x0, 0x0, 0xf, 0xd0, 0x6, 0xf5, 0xfd, 0x0,
    0x6f, 0x5f, 0xd0, 0x6, 0xf5, 0xfd, 0x0, 0x6f,
    0x5f, 0xd0, 0x6, 0xf5, 0xde, 0x0, 0x8f, 0x48,
    0xfb, 0x9f, 0xe0, 0x9, 0xef, 0xc3, 0x0,

    /* U+016C "Ŭ" */
    0x1, 0x82, 0x6, 0x40, 0x0, 0xaf, 0xfe, 0x30,
    0x0, 0x1, 0x10, 0x0, 0x0, 0x0, 0x0, 0x0,
    0xf, 0xc0, 0x5, 0xf6, 0xf, 0xc0, 0x5, 0xf6,
    0xf, 0xc0, 0x5, 0xf6, 0xf, 0xc0, 0x5, 0xf6,
    0xf, 0xc0, 0x5, 0xf6, 0xf, 0xc0, 0x5, 0xf6,
    0xf, 0xc0, 0x5, 0xf6, 0xe, 0xd0, 0x7, 0xf5,
    0xa, 0xfb, 0x9f, 0xe1, 0x0, 0x9e, 0xfc, 0x30,

    /* U+016D "ŭ" */
    0x18, 0x10, 0x54, 0x1, 0xf6, 0x1e, 0x70, 0x6,
    0xff, 0xb0, 0x0, 0x0, 0x10, 0x0, 0xfd, 0x0,
    0x6f, 0x5f, 0xd0, 0x6, 0xf5, 0xfd, 0x0, 0x6f,
    0x5f, 0xd0, 0x6, 0xf5, 0xfd, 0x0, 0x6f, 0x5d,
    0xe0, 0x8, 0xf4, 0x8f, 0xb9, 0xfe, 0x0, 0x9e,
    0xfc, 0x30,

    /* U+016E "Ů" */
    0x0, 0x1b, 0xc5, 0x0, 0x0, 0x68, 0x2d, 0x0,
    0x0, 0x1b, 0xc5, 0x0, 0x0, 0x0, 0x0, 0x0,
    0xf, 0xc0, 0x5, 0xf6, 0xf, 0xc0, 0x5, 0xf6,
    0xf, 0xc0, 0x5, 0xf6, 0xf, 0xc0, 0x5, 0xf6,
    0xf, 0xc0, 0x5, 0xf6, 0xf, 0xc0, 0x5, 0xf6,
    0xf, 0xc0, 0x5, 0xf6, 0xe, 0xd0, 0x7, 0xf5,
    0xa, 0xfb, 0x9f, 0xe1, 0x0, 0x9e, 0xfc, 0x30,

    /* U+016F "ů" */
    0x1, 0xbc, 0x50, 0x0, 0x68, 0x2d, 0x0, 0x1,
    0xbc, 0x50, 0x0, 0x0, 0x0, 0x0, 0xfd, 0x0,
    0x6f, 0x5f, 0xd0, 0x6, 0xf5, 0xfd, 0x0, 0x6f,
    0x5f, 0xd0, 0x6, 0xf5, 0xfd, 0x0, 0x6f, 0x5d,
    0xe0, 0x8, 0xf4, 0x8f, 0xb9, 0xfe, 0x0, 0x9e,
    0xfc, 0x30,

    /* U+0170 "Ű" */
    0x0, 0x27, 0x41, 0x74, 0x0, 0xdd, 0x1c, 0xd1,
    0x3, 0x71, 0x27, 0x20, 0x0, 0x0, 0x0, 0x0,
    0xf, 0xc0, 0x5, 0xf6, 0xf, 0xc0, 0x5, 0xf6,
    0xf, 0xc0, 0x5, 0xf6, 0xf, 0xc0, 0x5, 0xf6,
    0xf, 0xc0, 0x5, 0xf6, 0xf, 0xc0, 0x5, 0xf6,
    0xf, 0xc0, 0x5, 0xf6, 0xe, 0xd0, 0x7, 0xf5,
    0xa, 0xfb, 0x9f, 0xe1, 0x0, 0x9e, 0xfc, 0x30,

    /* U+0171 "ű" */
    0x2, 0x74, 0x17, 0x40, 0xdd, 0x1c, 0xd1, 0x37,
    0x12, 0x72, 0x0, 0x0, 0x0, 0x0, 0xfd, 0x0,
    0x6f, 0x5f, 0xd0, 0x6, 0xf5, 0xfd, 0x0, 0x6f,
    0x5f, 0xd0, 0x6, 0xf5, 0xfd, 0x0, 0x6f, 0x5d,
    0xe0, 0x8, 0xf4, 0x8f, 0xb9, 0xfe, 0x0, 0x9e,
    0xfc, 0x30,

    /* U+0172 "Ų" */
    0xf, 0xc0, 0x5, 0xf6, 0xf, 0xc0, 0x5, 0xf6,
    0xf, 0xc0, 0x5, 0xf6, 0xf, 0xc0, 0x5, 0xf6,
    0xf, 0xc0, 0x5, 0xf6, 0xf, 0xc0, 0x5, 0xf6,
    0xf, 0xc0, 0x5, 0xf6, 0xe, 0xd0, 0x7, 0xf5,
    0xa, 0xfb, 0x9f, 0xe1, 0x0, 0x9e, 0xff, 0x30,
    0x0, 0x1, 0xe6, 0x0, 0x0, 0x5, 0xf2, 0x0,
    0x0, 0x1, 0xef, 0x90, 0x0, 0x0, 0x1, 0x10,

    /* U+0173 "ų" */
    0xfd, 0x0, 0x6f, 0x5f, 0xd0, 0x6, 0xf5, 0xfd,
    0x0, 0x6f, 0x5f, 0xd0, 0x6, 0xf5, 0xfd, 0x0,
    0x6f, 0x5d, 0xe0, 0x8, 0xf4, 0x8f, 0xb9, 0xfe,
    0x0, 0x9f, 0xfc, 0x30, 0x0, 0xba, 0x0, 0x0,
    0xf, 0x60, 0x0, 0x0, 0xbf, 0xd0, 0x0, 0x0,
    0x11, 0x0,

    /* U+0174 "Ŵ" */
    0x0, 0x7, 0x82, 0x0, 0x0, 0x7, 0xd9, 0xd0,
    0x0, 0x0, 0x72, 0x7, 0x30, 0x0, 0x0, 0x0,
    0x0, 0x0, 0xba, 0xb, 0xf1, 0x3f, 0x1a, 0xb0,
    0xdd, 0x35, 0xf0, 0x8c, 0xf, 0xc5, 0x6e, 0x6,
    0xe1, 0xf9, 0x77, 0xc0, 0x5f, 0x3d, 0x79, 0x9b,
    0x3, 0xf6, 0xb5, 0xba, 0x90, 0x2f, 0x99, 0x3d,
    0xb8, 0x0, 0xfc, 0x72, 0xfc, 0x60, 0xe, 0xd5,
    0xf, 0xd4, 0x0, 0xdf, 0x30, 0xef, 0x30,

    /* U+0175 "ŵ" */
    0x0, 0x6, 0x82, 0x0, 0x0, 0x5, 0xfe, 0xb0,
    0x0, 0x1, 0xe8, 0x2f, 0x50, 0x0, 0x0, 0x0,
    0x0, 0x0, 0xb8, 0xa, 0xf1, 0x2f, 0x18, 0xa0,
    0xdd, 0x34, 0xf0, 0x6c, 0xf, 0xb6, 0x6c, 0x4,
    0xe2, 0xe8, 0x88, 0xa0, 0x2f, 0x5c, 0x6a, 0x98,
    0x0, 0xf9, 0xa3, 0xdb, 0x60, 0xe, 0xc7, 0x1f,
    0xd4, 0x0, 0xcf, 0x50, 0xef, 0x20,

    /* U+0176 "Ŷ" */
    0x0, 0x7, 0x82, 0x0, 0x0, 0x7, 0xfb, 0xc0,
    0x0, 0x0, 0xa4, 0xa, 0x40, 0x0, 0x0, 0x0,
    0x0, 0x0, 0x7f, 0x50, 0x0, 0xed, 0x0, 0xfc,
    0x0, 0x6f, 0x60, 0x8, 0xf3, 0xc, 0xe0, 0x0,
    0x1f, 0xb3, 0xf7, 0x0, 0x0, 0x9f, 0xaf, 0x10,
    0x0, 0x2, 0xff, 0x80, 0x0, 0x0, 0xb, 0xf2,
    0x0, 0x0, 0x0, 0xaf, 0x10, 0x0, 0x0, 0xa,
    0xf1, 0x0, 0x0, 0x0, 0xaf, 0x10, 0x0,

    /* U+0177 "ŷ" */
    0x0, 0x9, 0xa3, 0x0, 0x0, 0x8e, 0xad, 0x0,
    0x0, 0x82, 0x8, 0x40, 0x0, 0x0, 0x0, 0x0,
    0x5f, 0x90, 0x1, 0xfb, 0xe, 0xe0, 0x7, 0xf5,
    0x7, 0xf5, 0xc, 0xf0, 0x1, 0xfb, 0x2f, 0xa0,
    0x0, 0xaf, 0x8f, 0x40, 0x0, 0x4f, 0xde, 0x0,
    0x0, 0xd, 0xf8, 0x0, 0x0, 0xa, 0xf2, 0x0,
    0x0, 0xf, 0xc0, 0x0, 0x0, 0x6f, 0x60, 0x0,

    /* U+0178 "Ÿ" */
    0x0, 0xb6, 0x2b, 0x40, 0x0, 0x1e, 0x82, 0xe6,
    0x0, 0x0, 0x0, 0x0, 0x0, 0x0, 0x0, 0x0,
    0x0, 0x0, 0x7f, 0x50, 0x0, 0xed, 0x0, 0xfc,
    0x0, 0x6f, 0x60, 0x8, 0xf3, 0xc, 0xe0, 0x0,
    0x1f, 0xb3, 0xf7, 0x0, 0x0, 0x9f, 0xaf, 0x10,
    0x0, 0x2, 0xff, 0x80, 0x0, 0x0, 0xb, 0xf2,
    0x0, 0x0, 0x0, 0xaf, 0x10, 0x0, 0x0, 0xa,
    0xf1, 0x0, 0x0, 0x0, 0xaf, 0x10, 0x0,

    /* U+0179 "Ź" */
    0x0, 0xc, 0xe1, 0x0, 0x8, 0xf3, 0x0, 0x0,
    0x10, 0x0, 0x0, 0x0, 0x0, 0x0, 0xcf, 0xff,
    0xff, 0x27, 0x99, 0x9f, 0xf1, 0x0, 0x4, 0xf9,
    0x0, 0x0, 0xee, 0x10, 0x0, 0x8f, 0x60, 0x0,
    0x2f, 0xc0, 0x0, 0xc, 0xf2, 0x0, 0x5, 0xf8,
    0x0, 0x0, 0xdf, 0xa9, 0x99, 0x2e, 0xff, 0xff,
    0xf4,

    /* U+017A "ź" */
    0x0, 0x0, 0x10, 0x0, 0x0, 0xdd, 0x10, 0x0,
    0x8f, 0x20, 0x0, 0x0, 0x0, 0x0, 0xef, 0xff,
    0xff, 0x48, 0x99, 0x9f, 0xf3, 0x0, 0xa, 0xf8,
    0x0, 0x8, 0xfa, 0x0, 0x6, 0xfc, 0x0, 0x4,
    0xfd, 0x10, 0x0, 0xff, 0xa8, 0x88, 0x3f, 0xff,
    0xff, 0xf6,

    /* U+017B "Ż" */
    0x0, 0xad, 0x20, 0x0, 0xc, 0xe3, 0x0, 0x0,
    0x0, 0x0, 0x0, 0x0, 0x0, 0x0, 0xcf, 0xff,
    0xff, 0x27, 0x99, 0x9f, 0xf1, 0x0, 0x4, 0xf9,
    0x0, 0x0, 0xee, 0x10, 0x0, 0x8f, 0x60, 0x0,
    0x2f, 0xc0, 0x0, 0xc, 0xf2, 0x0, 0x5, 0xf8,
    0x0, 0x0, 0xdf, 0xa9, 0x99, 0x2e, 0xff, 0xff,
    0xf4,

    /* U+017C "ż" */
    0x0, 0xcf, 0x30, 0x0, 0xa, 0xc2, 0x0, 0x0,
    0x0, 0x0, 0xe, 0xff, 0xff, 0xf4, 0x89, 0x99,
    0xff, 0x30, 0x0, 0xaf, 0x80, 0x0, 0x8f, 0xa0,
    0x0, 0x6f, 0xc0, 0x0, 0x4f, 0xd1, 0x0, 0xf,
    0xfa, 0x88, 0x83, 0xff, 0xff, 0xff, 0x60,

    /* U+017D "Ž" */
    0x7, 0x20, 0x73, 0x0, 0x7e, 0x9d, 0x0, 0x0,
    0x78, 0x20, 0x0, 0x0, 0x0, 0x0, 0xcf, 0xff,
    0xff, 0x27, 0x99, 0x9f, 0xf1, 0x0, 0x4, 0xf9,
    0x0, 0x0, 0xee, 0x10, 0x0, 0x8f, 0x60, 0x0,
    0x2f, 0xc0, 0x0, 0xc, 0xf2, 0x0, 0x5, 0xf8,
    0x0, 0x0, 0xdf, 0xa9, 0x99, 0x2e, 0xff, 0xff,
    0xf4,

    /* U+017E "ž" */
    0x17, 0x20, 0x64, 0x0, 0xac, 0x6f, 0x10, 0x1,
    0xef, 0x60, 0x0, 0x0, 0x0, 0x0, 0xef, 0xff,
    0xff, 0x48, 0x99, 0x9f, 0xf3, 0x0, 0xa, 0xf8,
    0x0, 0x8, 0xfa, 0x0, 0x6, 0xfc, 0x0, 0x4,
    0xfd, 0x10, 0x0, 0xff, 0xa8, 0x88, 0x3f, 0xff,
    0xff, 0xf6,

    /* U+017F "ſ" */
    0x1b, 0xff, 0xf5, 0xaf, 0xa8, 0x83, 0xed, 0x0,
    0x0, 0xed, 0x0, 0x0, 0xed, 0x0, 0x0, 0xed,
    0x0, 0x0, 0xed, 0x0, 0x0, 0xed, 0x0, 0x0,
    0xed, 0x0, 0x0, 0xed, 0x0, 0x0,

    /* U+0192 "ƒ" */
    0x0, 0x6, 0xef, 0xfa, 0x0, 0xf, 0xe9, 0x85,
    0x29, 0x9f, 0xd9, 0x96, 0x4f, 0xff, 0xff, 0xfb,
    0x0, 0xf, 0xb0, 0x0, 0x0, 0xf, 0xb0, 0x0,
    0x0, 0xf, 0xb0, 0x0, 0x0, 0xf, 0xb0, 0x0,
    0x0, 0xf, 0xb0, 0x0, 0x0, 0x3f, 0x90, 0x0,
    0xbb, 0xef, 0x40, 0x0, 0xff, 0xd5, 0x0, 0x0,

    /* U+0218 "Ș" */
    0x1, 0x9e, 0xfc, 0x30, 0xb, 0xfb, 0x9f, 0xf2,
    0xf, 0xc0, 0x4, 0xb4, 0xe, 0xe3, 0x0, 0x0,
    0x4, 0xff, 0xd8, 0x10, 0x0, 0x27, 0xcf, 0xe1,
    0x0, 0x0, 0x7, 0xf7, 0x1c, 0x80, 0x3, 0xf8,
    0xc, 0xfb, 0x9e, 0xf3, 0x1, 0xae, 0xfc, 0x50,
    0x0, 0x0, 0x0, 0x0, 0x0, 0x8, 0xf5, 0x0,
    0x0, 0x1f, 0xa0, 0x0, 0x0, 0x1, 0x0, 0x0,

    /* U+0219 "ș" */
    0x3, 0xcf, 0xfd, 0x60, 0xd, 0xf7, 0x6c, 0xf4,
    0xf, 0xc0, 0x0, 0x10, 0xa, 0xff, 0xc9, 0x30,
    0x0, 0x59, 0xbf, 0xf3, 0x2, 0x10, 0x3, 0xf8,
    0xe, 0xe7, 0x6b, 0xf5, 0x3, 0xcf, 0xfe, 0x70,
    0x0, 0x0, 0x0, 0x0, 0x0, 0x9, 0xf4, 0x0,
    0x0, 0x1f, 0x90, 0x0, 0x0, 0x1, 0x0, 0x0,

    /* U+021A "Ț" */
    0x7f, 0xff, 0xff, 0xfd, 0x4a, 0xae, 0xfa, 0xa8,
    0x0, 0xb, 0xf1, 0x0, 0x0, 0xb, 0xf1, 0x0,
    0x0, 0xb, 0xf1, 0x0, 0x0, 0xb, 0xf1, 0x0,
    0x0, 0xb, 0xf1, 0x0, 0x0, 0xb, 0xf1, 0x0,
    0x0, 0xb, 0xf1, 0x0, 0x0, 0xb, 0xf1, 0x0,
    0x0, 0x0, 0x0, 0x0, 0x0, 0x8, 0xf5, 0x0,
    0x0, 0x1f, 0xa0, 0x0, 0x0, 0x1, 0x0, 0x0,

    /* U+021B "ț" */
    0x0, 0x3f, 0x80, 0x0, 0x0, 0x3f, 0x80, 0x0,
    0x6f, 0xff, 0xff, 0xf7, 0x3a, 0xbf, 0xda, 0xa4,
    0x0, 0x3f, 0x80, 0x0, 0x0, 0x3f, 0x80, 0x0,
    0x0, 0x3f, 0x80, 0x0, 0x0, 0x3f, 0x80, 0x0,
    0x0, 0x1f, 0xea, 0x92, 0x0, 0x5, 0xdf, 0xf4,
    0x0, 0x0, 0x0, 0x0, 0x0, 0x8, 0xf5, 0x0,
    0x0, 0x1f, 0xa0, 0x0, 0x0, 0x1, 0x0, 0x0,

    /* U+0237 "ȷ" */
    0x7f, 0xff, 0xf6, 0x4a, 0xac, 0xf6, 0x0, 0x5,
    0xf6, 0x0, 0x5, 0xf6, 0x0, 0x5, 0xf6, 0x0,
    0x5, 0xf6, 0x0, 0x5, 0xf6, 0x0, 0x8, 0xf4,
    0x8a, 0xbf, 0xe0, 0xcf, 0xfb, 0x20,

    /* U+02C6 "ˆ" */
    0x2, 0xfe, 0x70, 0xd, 0x82, 0xe4,

    /* U+02C7 "ˇ" */
    0xd, 0x83, 0xe4, 0x2, 0xff, 0x70,

    /* U+02C9 "ˉ" */
    0x68, 0x88, 0x1c, 0xff, 0xf3,

    /* U+02D8 "˘" */
    0x2d, 0x41, 0xb7, 0x9, 0xff, 0xd2, 0x0, 0x1,
    0x0,

    /* U+02D9 "˙" */
    0xb, 0xc1, 0xd, 0xe1,

    /* U+02DA "˚" */
    0x1b, 0xc5, 0x68, 0x2d, 0x1b, 0xc5,

    /* U+02DB "˛" */
    0xb, 0x60, 0x6f, 0x0, 0x3f, 0xf8, 0x0, 0x11,

    /* U+02DC "˜" */
    0x2c, 0xd5, 0x3d, 0x7a, 0x4d, 0xf9, 0x11, 0x0,
    0x10,

    /* U+02DD "˝" */
    0x0, 0x10, 0x1, 0x0, 0x8f, 0x47, 0xf5, 0x3f,
    0x73, 0xf7, 0x0,

    /* U+03BC "μ" */
    0xfd, 0x0, 0x6f, 0x5f, 0xd0, 0x6, 0xf5, 0xfd,
    0x0, 0x6f, 0x5f, 0xd0, 0x6, 0xf5, 0xfd, 0x0,
    0x6f, 0x5f, 0xe0, 0x8, 0xf4, 0xff, 0xca, 0xfe,
    0xf, 0x9d, 0xfc, 0x30, 0xf8, 0x0, 0x0, 0xf,
    0xa0, 0x0, 0x0,

    /* U+03C0 "π" */
    0xcf, 0xff, 0xff, 0xff, 0x8, 0xef, 0xbb, 0xff,
    0xa0, 0xc, 0xf0, 0xd, 0xd0, 0x0, 0xcf, 0x0,
    0xdd, 0x0, 0xc, 0xf0, 0xd, 0xd0, 0x0, 0xcf,
    0x0, 0xce, 0x0, 0xc, 0xf0, 0x9, 0xfc, 0x10,
    0xcf, 0x0, 0x1b, 0xf2,

    /* U+0401 "Ё" */
    0xb, 0x62, 0xb4, 0x1, 0xe8, 0x2e, 0x60, 0x0,
    0x0, 0x0, 0x0, 0x0, 0x0, 0x0, 0xcf, 0xff,
    0xff, 0x6c, 0xf9, 0x99, 0x93, 0xcf, 0x0, 0x0,
    0xc, 0xf0, 0x0, 0x0, 0xcf, 0xff, 0xfe, 0xc,
    0xf9, 0x99, 0x80, 0xcf, 0x0, 0x0, 0xc, 0xf0,
    0x0, 0x0, 0xcf, 0x99, 0x99, 0x3c, 0xff, 0xff,
    0xf6,

    /* U+0402 "Ђ" */
    0xff, 0xff, 0xc0, 0x0, 0xad, 0xfb, 0x80, 0x0,
    0x8, 0xf3, 0x47, 0x30, 0x8, 0xfc, 0xff, 0xf4,
    0x8, 0xfd, 0x23, 0xfa, 0x8, 0xf3, 0x0, 0xfc,
    0x8, 0xf3, 0x0, 0xfd, 0x8, 0xf3, 0x0, 0xfd,
    0x8, 0xf3, 0x0, 0xfd, 0x8, 0xf3, 0x1, 0xfb,
    0x0, 0x1, 0xbe, 0xf6, 0x0, 0x2, 0xfd, 0x70,

    /* U+0403 "Ѓ" */
    0x0, 0x1, 0x10, 0x0, 0x6, 0xf5, 0x0, 0x2,
    0xf8, 0x0, 0x0, 0x0, 0x0, 0x0, 0x9f, 0xff,
    0xff, 0x89, 0xfb, 0xaa, 0xa5, 0x9f, 0x20, 0x0,
    0x9, 0xf2, 0x0, 0x0, 0x9f, 0x20, 0x0, 0x9,
    0xf2, 0x0, 0x0, 0x9f, 0x20, 0x0, 0x9, 0xf2,
    0x0, 0x0, 0x9f, 0x20, 0x0, 0x9, 0xf2, 0x0,
    0x0,

    /* U+0404 "Є" */
    0x0, 0x9e, 0xfc, 0x40, 0xa, 0xfc, 0xae, 0xf2,
    0xf, 0xc0, 0x3, 0xc6, 0xf, 0xa0, 0x0, 0x0,
    0xf, 0xff, 0xfc, 0x0, 0xf, 0xd9, 0x97, 0x0,
    0xf, 0xb0, 0x0, 0x0, 0xf, 0xd0, 0x4, 0xe7,
    0xa, 0xfc, 0xaf, 0xf2, 0x0, 0x9e, 0xfc, 0x30,

    /* U+0405 "Ѕ" */
    0x1, 0x9e, 0xfc, 0x30, 0xb, 0xfb, 0x9f, 0xf2,
    0xf, 0xc0, 0x4, 0xb4, 0xe, 0xe3, 0x0, 0x0,
    0x4, 0xff, 0xd8, 0x10, 0x0, 0x27, 0xcf, 0xe1,
    0x0, 0x0, 0x7, 0xf7, 0x1c, 0x80, 0x3, 0xf8,
    0xc, 0xfb, 0x9e, 0xf3, 0x1, 0xae, 0xfc, 0x50,

    /* U+0406 "І" */
    0xdf, 0xff, 0xff, 0x37, 0x9d, 0xf9, 0x92, 0x0,
    0xbf, 0x10, 0x0, 0xb, 0xf1, 0x0, 0x0, 0xbf,
    0x10, 0x0, 0xb, 0xf1, 0x0, 0x0, 0xbf, 0x10,
    0x0, 0xb, 0xf1, 0x0, 0x79, 0xdf, 0x99, 0x2d,
    0xff, 0xff, 0xf3,

    /* U+0407 "Ї" */
    0xb, 0x62, 0xb4, 0x1, 0xe8, 0x2e, 0x60, 0x0,
    0x0, 0x0, 0x0, 0x0, 0x0, 0x0, 0xdf, 0xff,
    0xff, 0x37, 0x9d, 0xf9, 0x92, 0x0, 0xbf, 0x10,
    0x0, 0xb, 0xf1, 0x0, 0x0, 0xbf, 0x10, 0x0,
    0xb, 0xf1, 0x0, 0x0, 0xbf, 0x10, 0x0, 0xb,
    0xf1, 0x0, 0x79, 0xdf, 0x99, 0x2d, 0xff, 0xff,
    0xf3,

    /* U+0408 "Ј" */
    0x3, 0xff, 0xff, 0xf2, 0x1, 0xaa, 0xad, 0xf2,
    0x0, 0x0, 0x9, 0xf2, 0x0, 0x0, 0x9, 0xf2,
    0x0, 0x0, 0x9, 0xf2, 0x0, 0x0, 0x9, 0xf2,
    0x0, 0x0, 0x9, 0xf2, 0x6d, 0x40, 0xb, 0xf1,
    0x2f, 0xf9, 0xbf, 0xb0, 0x3, 0xcf, 0xe9, 0x10,

    /* U+0409 "Љ" */
    0x0, 0xff, 0xff, 0x50, 0x0, 0x0, 0xfa, 0x7f,
    0x50, 0x0, 0x0, 0xf7, 0x2f, 0x50, 0x0, 0x0,
    0xf7, 0x2f, 0x60, 0x0, 0x0, 0xf7, 0x2f, 0xff,
    0x60, 0x0, 0xf7, 0x2f, 0x8a, 0xf1, 0x0, 0xf6,
    0x2f, 0x53, 0xf3, 0x1, 0xf5, 0x2f, 0x53, 0xf3,
    0x9, 0xf2, 0x2f, 0x9b, 0xf0, 0x1e, 0x70, 0x2f,
    0xfd, 0x50,

    /* U+040A "Њ" */
    0x6f, 0x12, 0xf5, 0x0, 0x6, 0xf1, 0x2f, 0x50,
    0x0, 0x6f, 0x12, 0xf5, 0x0, 0x6, 0xf2, 0x3f,
    0x60, 0x0, 0x6f, 0xff, 0xff, 0xf6, 0x6, 0xf5,
    0x5f, 0x8a, 0xf1, 0x6f, 0x12, 0xf5, 0x3f, 0x36,
    0xf1, 0x2f, 0x53, 0xf3, 0x6f, 0x12, 0xf9, 0xbf,
    0x6, 0xf1, 0x2f, 0xfd, 0x50,

    /* U+040B "Ћ" */
    0xff, 0xff, 0xc0, 0x0, 0xad, 0xfb, 0x80, 0x0,
    0x8, 0xf3, 0x0, 0x0, 0x8, 0xf5, 0xcf, 0xa1,
    0x8, 0xff, 0xab, 0xf8, 0x8, 0xf7, 0x0, 0xfc,
    0x8, 0xf3, 0x0, 0xfd, 0x8, 0xf3, 0x0, 0xfd,
    0x8, 0xf3, 0x0, 0xfd, 0x8, 0xf3, 0x0, 0xfd,

    /* U+040C "Ќ" */
    0x0, 0x1, 0x10, 0x0, 0x0, 0x6f, 0x50, 0x0,
    0x2, 0xf8, 0x0, 0x0, 0x0, 0x0, 0x0, 0x0,
    0xfd, 0x0, 0x3f, 0xb0, 0xfd, 0x0, 0xbf, 0x30,
    0xfd, 0x2, 0xfc, 0x0, 0xfd, 0xa, 0xf4, 0x0,
    0xff, 0xff, 0xc0, 0x0, 0xfe, 0x9e, 0xe0, 0x0,
    0xfd, 0x7, 0xf7, 0x0, 0xfd, 0x1, 0xfe, 0x0,
    0xfd, 0x0, 0x9f, 0x60, 0xfd, 0x0, 0x1f, 0xd0,

    /* U+040E "Ў" */
    0x1, 0x82, 0x7, 0x40, 0x0, 0xa, 0xff, 0xe2,
    0x0, 0x0, 0x1, 0x10, 0x0, 0x0, 0x0, 0x0,
    0x0, 0x0, 0x6f, 0x70, 0x0, 0xfd, 0x0, 0xfd,
    0x0, 0x6f, 0x70, 0x9, 0xf4, 0xb, 0xf1, 0x0,
    0x2f, 0xa1, 0xfb, 0x0, 0x0, 0xbf, 0x6f, 0x50,
    0x0, 0x5, 0xfc, 0xe0, 0x0, 0x0, 0xe, 0xf9,
    0x0, 0x0, 0x0, 0xaf, 0x30, 0x0, 0x0, 0xe,
    0xd0, 0x0, 0x0, 0x5, 0xf7, 0x0, 0x0,

    /* U+040F "Џ" */
    0xfd, 0x0, 0x6f, 0x5f, 0xd0, 0x6, 0xf5, 0xfd,
    0x0, 0x6f, 0x5f, 0xd0, 0x6, 0xf5, 0xfd, 0x0,
    0x6f, 0x5f, 0xd0, 0x6, 0xf5, 0xfd, 0x0, 0x6f,
    0x5f, 0xd0, 0x6, 0xf5, 0xfe, 0xaa, 0xcf, 0x5f,
    0xff, 0xff, 0xf5, 0x0, 0xaf, 0x10, 0x0, 0xa,
    0xf1, 0x0,

    /* U+0410 "А" */
    0x0, 0x1f, 0xf8, 0x0, 0x0, 0x5, 0xfd, 0xd0,
    0x0, 0x0, 0xae, 0x8f, 0x10, 0x0, 0xe, 0xa4,
    0xf5, 0x0, 0x2, 0xf6, 0xf, 0x90, 0x0, 0x7f,
    0x41, 0xdd, 0x0, 0xb, 0xff, 0xff, 0xf2, 0x0,
    0xfc, 0x44, 0x7f, 0x60, 0x4f, 0x70, 0x1, 0xfa,
    0x8, 0xf3, 0x0, 0xd, 0xe0,

    /* U+0411 "Б" */
    0xdf, 0xff, 0xff, 0x6d, 0xfa, 0xaa, 0xa3, 0xdd,
    0x0, 0x0, 0xd, 0xd0, 0x0, 0x0, 0xdf, 0xff,
    0xd6, 0xd, 0xe8, 0x9d, 0xf5, 0xdd, 0x0, 0x1f,
    0xbd, 0xd0, 0x1, 0xfb, 0xde, 0x89, 0xef, 0x6d,
    0xff, 0xfd, 0x70,

    /* U+0412 "В" */
    0xff, 0xff, 0xd5, 0xf, 0xd7, 0x8e, 0xf3, 0xfc,
    0x0, 0x5f, 0x6f, 0xc2, 0x2b, 0xf2, 0xff, 0xff,
    0xe4, 0xf, 0xd5, 0x5c, 0xf3, 0xfc, 0x0, 0x3f,
    0x9f, 0xc0, 0x3, 0xf9, 0xfd, 0x78, 0xef, 0x4f,
    0xff, 0xfd, 0x50,

    /* U+0413 "Г" */
    0x9f, 0xff, 0xff, 0x89, 0xfb, 0xaa, 0xa5, 0x9f,
    0x20, 0x0, 0x9, 0xf2, 0x0, 0x0, 0x9f, 0x20,
    0x0, 0x9, 0xf2, 0x0, 0x0, 0x9f, 0x20, 0x0,
    0x9, 0xf2, 0x0, 0x0, 0x9f, 0x20, 0x0, 0x9,
    0xf2, 0x0, 0x0,

    /* U+0414 "Д" */
    0x5, 0xff, 0xff, 0xf3, 0x0, 0x5f, 0xb9, 0xcf,
    0x30, 0x6, 0xf4, 0x8, 0xf3, 0x0, 0x6f, 0x40,
    0x8f, 0x30, 0x6, 0xf3, 0x8, 0xf3, 0x0, 0x7f,
    0x30, 0x8f, 0x30, 0x9, 0xf1, 0x8, 0xf3, 0x0,
    0xdd, 0x0, 0x8f, 0x30, 0x6f, 0xd8, 0x8c, 0xfa,
    0xb, 0xff, 0xff, 0xff, 0xf1, 0xbe, 0x0, 0x0,
    0x8f, 0x1b, 0xe0, 0x0, 0x8, 0xf1,

    /* U+0415 "Е" */
    0xcf, 0xff, 0xff, 0x6c, 0xf9, 0x99, 0x93, 0xcf,
    0x0, 0x0, 0xc, 0xf0, 0x0, 0x0, 0xcf, 0xff,
    0xfe, 0xc, 0xf9, 0x99, 0x80, 0xcf, 0x0, 0x0,
    0xc, 0xf0, 0x0, 0x0, 0xcf, 0x99, 0x99, 0x3c,
    0xff, 0xff, 0xf6,

    /* U+0416 "Ж" */
    0xbc, 0x8, 0xe0, 0x6f, 0x16, 0xf1, 0x8e, 0xb,
    0xc0, 0x1f, 0x68, 0xe0, 0xf6, 0x0, 0xdb, 0x8e,
    0x5f, 0x10, 0x8, 0xfe, 0xfe, 0xd0, 0x0, 0x9b,
    0x8e, 0x5f, 0x10, 0xe, 0x78, 0xe1, 0xf5, 0x3,
    0xf2, 0x7e, 0xc, 0xa0, 0x8e, 0x7, 0xe0, 0x8e,
    0xd, 0xa0, 0x7e, 0x3, 0xf3,

    /* U+0417 "З" */
    0x1, 0xae, 0xfc, 0x40, 0xd, 0xfa, 0x9e, 0xf2,
    0x1b, 0x70, 0x4, 0xf6, 0x0, 0x0, 0x9, 0xf3,
    0x0, 0x4f, 0xfe, 0x50, 0x0, 0x2a, 0xaf, 0xe2,
    0x0, 0x0, 0x4, 0xf9, 0x3c, 0x60, 0x4, 0xf9,
    0xd, 0xfa, 0x9e, 0xf3, 0x2, 0xae, 0xfc, 0x40,

    /* U+0418 "И" */
    0xf, 0x80, 0xe, 0xf7, 0xf, 0x80, 0x4f, 0xf7,
    0xf, 0x80, 0x9c, 0xf7, 0xf, 0x80, 0xf8, 0xf7,
    0xf, 0x85, 0xf3, 0xf7, 0xf, 0x8b, 0xb2, 0xf7,
    0xf, 0x9f, 0x52, 0xf7, 0xf, 0xcf, 0x2, 0xf7,
    0xf, 0xfa, 0x2, 0xf7, 0xf, 0xf4, 0x2, 0xf7,

    /* U+0419 "Й" */
    0x1, 0x82, 0x7, 0x40, 0x0, 0xaf, 0xfe, 0x20,
    0x0, 0x1, 0x10, 0x0, 0x0, 0x0, 0x0, 0x0,
    0xf, 0x80, 0xe, 0xf7, 0xf, 0x80, 0x4f, 0xf7,
    0xf, 0x80, 0x9c, 0xf7, 0xf, 0x80, 0xf8, 0xf7,
    0xf, 0x85, 0xf3, 0xf7, 0xf, 0x8b, 0xb2, 0xf7,
    0xf, 0x9f, 0x52, 0xf7, 0xf, 0xcf, 0x2, 0xf7,
    0xf, 0xfa, 0x2, 0xf7, 0xf, 0xf4, 0x2, 0xf7,

    /* U+041A "К" */
    0xfd, 0x0, 0x3f, 0xb0, 0xfd, 0x0, 0xbf, 0x30,
    0xfd, 0x2, 0xfc, 0x0, 0xfd, 0xa, 0xf4, 0x0,
    0xff, 0xff, 0xc0, 0x0, 0xfe, 0x9e, 0xe0, 0x0,
    0xfd, 0x7, 0xf7, 0x0, 0xfd, 0x1, 0xfe, 0x0,
    0xfd, 0x0, 0x9f, 0x60, 0xfd, 0x0, 0x1f, 0xd0,

    /* U+041B "Л" */
    0x5, 0xff, 0xff, 0xf6, 0x5, 0xfc, 0xac, 0xf6,
    0x5, 0xf6, 0x5, 0xf6, 0x6, 0xf5, 0x5, 0xf6,
    0x6, 0xf5, 0x5, 0xf6, 0x6, 0xf5, 0x5, 0xf6,
    0x6, 0xf4, 0x5, 0xf6, 0x8, 0xf3, 0x5, 0xf6,
    0x7f, 0xe0, 0x5, 0xf6, 0xcd, 0x30, 0x5, 0xf6,

    /* U+041C "М" */
    0x3f, 0xf0, 0x9, 0xfa, 0x3f, 0xe5, 0xe, 0xea,
    0x3f, 0xcb, 0x4d, 0xda, 0x3f, 0x8f, 0x99, 0xea,
    0x3f, 0x5d, 0xf4, 0xea, 0x3f, 0x55, 0x90, 0xea,
    0x3f, 0x50, 0x0, 0xea, 0x3f, 0x50, 0x0, 0xea,
    0x3f, 0x50, 0x0, 0xea, 0x3f, 0x50, 0x0, 0xea,

    /* U+041D "Н" */
    0xfd, 0x0, 0x6f, 0x5f, 0xd0, 0x6, 0xf5, 0xfd,
    0x0, 0x6f, 0x5f, 0xd0, 0x6, 0xf5, 0xff, 0xff,
    0xff, 0x5f, 0xea, 0xac, 0xf5, 0xfd, 0x0, 0x6f,
    0x5f, 0xd0, 0x6, 0xf5, 0xfd, 0x0, 0x6f, 0x5f,
    0xd0, 0x6, 0xf5,

    /* U+041E "О" */
    0x1, 0x9e, 0xfc, 0x30, 0xb, 0xfb, 0x9f, 0xf2,
    0xf, 0xb0, 0x5, 0xf7, 0x2f, 0x90, 0x3, 0xf8,
    0x2f, 0x90, 0x3, 0xf8, 0x2f, 0x90, 0x3, 0xf8,
    0x2f, 0x90, 0x3, 0xf8, 0xf, 0xb0, 0x5, 0xf7,
    0xb, 0xfb, 0x9f, 0xf2, 0x1, 0x9e, 0xfc, 0x30,

    /* U+041F "П" */
    0xff, 0xff, 0xff, 0x5f, 0xea, 0xac, 0xf5, 0xfd,
    0x0, 0x6f, 0x5f, 0xd0, 0x6, 0xf5, 0xfd, 0x0,
    0x6f, 0x5f, 0xd0, 0x6, 0xf5, 0xfd, 0x0, 0x6f,
    0x5f, 0xd0, 0x6, 0xf5, 0xfd, 0x0, 0x6f, 0x5f,
    0xd0, 0x6, 0xf5,

    /* U+0420 "Р" */
    0xff, 0xff, 0xd7, 0xf, 0xe8, 0x8d, 0xf6, 0xfc,
    0x0, 0xf, 0xcf, 0xc0, 0x0, 0xfc, 0xfe, 0x88,
    0xcf, 0x6f, 0xff, 0xfd, 0x70, 0xfc, 0x0, 0x0,
    0xf, 0xc0, 0x0, 0x0, 0xfc, 0x0, 0x0, 0xf,
    0xc0, 0x0, 0x0,

    /* U+0421 "С" */
    0x0, 0x8e, 0xfc, 0x40, 0xa, 0xfc, 0xaf, 0xf2,
    0xf, 0xd0, 0x4, 0xe7, 0x1f, 0xb0, 0x0, 0x0,
    0x1f, 0xb0, 0x0, 0x0, 0x1f, 0xb0, 0x0, 0x0,
    0x1f, 0xb0, 0x0, 0x0, 0xf, 0xd0, 0x4, 0xf7,
    0xa, 0xfc, 0xaf, 0xf2, 0x0, 0x9e, 0xfc, 0x40,

    /* U+0422 "Т" */
    0x7f, 0xff, 0xff, 0xfd, 0x4a, 0xae, 0xfa, 0xa8,
    0x0, 0xb, 0xf1, 0x0, 0x0, 0xb, 0xf1, 0x0,
    0x0, 0xb, 0xf1, 0x0, 0x0, 0xb, 0xf1, 0x0,
    0x0, 0xb, 0xf1, 0x0, 0x0, 0xb, 0xf1, 0x0,
    0x0, 0xb, 0xf1, 0x0, 0x0, 0xb, 0xf1, 0x0,

    /* U+0423 "У" */
    0x6f, 0x70, 0x0, 0xfd, 0x0, 0xfd, 0x0, 0x6f,
    0x70, 0x9, 0xf4, 0xb, 0xf1, 0x0, 0x2f, 0xa1,
    0xfb, 0x0, 0x0, 0xbf, 0x6f, 0x50, 0x0, 0x5,
    0xfc, 0xe0, 0x0, 0x0, 0xe, 0xf9, 0x0, 0x0,
    0x0, 0xaf, 0x30, 0x0, 0x0, 0xe, 0xd0, 0x0,
    0x0, 0x5, 0xf7, 0x0, 0x0,

    /* U+0424 "Ф" */
    0x0, 0x2, 0x40, 0x0, 0x0, 0x8, 0xf0, 0x0,
    0x3, 0xcf, 0xfe, 0x80, 0x1f, 0xcc, 0xf9, 0xf7,
    0x6f, 0x18, 0xf0, 0xbc, 0x7f, 0x8, 0xf0, 0x9d,
    0x7f, 0x8, 0xf0, 0x9e, 0x7f, 0x8, 0xf0, 0x9e,
    0x6f, 0x8, 0xf0, 0xad, 0x3f, 0x89, 0xf4, 0xf9,
    0x8, 0xff, 0xff, 0xc1, 0x0, 0x1a, 0xf3, 0x0,

    /* U+0425 "Х" */
    0x2f, 0xc0, 0x5, 0xf9, 0x0, 0x9f, 0x40, 0xdf,
    0x10, 0x1, 0xfd, 0x6f, 0x70, 0x0, 0x8, 0xfe,
    0xe0, 0x0, 0x0, 0xe, 0xf6, 0x0, 0x0, 0x2,
    0xff, 0x80, 0x0, 0x0, 0xaf, 0xcf, 0x20, 0x0,
    0x3f, 0x94, 0xfa, 0x0, 0xc, 0xf1, 0xb, 0xf3,
    0x5, 0xf8, 0x0, 0x3f, 0xb0,

    /* U+0426 "Ц" */
    0xfd, 0x0, 0xbf, 0x0, 0xfd, 0x0, 0xbf, 0x0,
    0xfd, 0x0, 0xbf, 0x0, 0xfd, 0x0, 0xbf, 0x0,
    0xfd, 0x0, 0xbf, 0x0, 0xfd, 0x0, 0xbf, 0x0,
    0xfd, 0x0, 0xbf, 0x0, 0xfd, 0x0, 0xbf, 0x0,
    0xfe, 0xaa, 0xef, 0xa0, 0xff, 0xff, 0xff, 0xf1,
    0x0, 0x0, 0x8, 0xf1, 0x0, 0x0, 0x7, 0xf1,

    /* U+0427 "Ч" */
    0x3f, 0x80, 0x6, 0xf5, 0x3f, 0x80, 0x6, 0xf5,
    0x3f, 0x80, 0x6, 0xf5, 0x3f, 0x80, 0x6, 0xf5,
    0x1f, 0xd2, 0x8, 0xf5, 0xa, 0xff, 0xff, 0xf5,
    0x0, 0x58, 0x8a, 0xf5, 0x0, 0x0, 0x6, 0xf5,
    0x0, 0x0, 0x6, 0xf5, 0x0, 0x0, 0x6, 0xf5,

    /* U+0428 "Ш" */
    0x5f, 0x28, 0xe0, 0xbb, 0x5f, 0x28, 0xe0, 0xbb,
    0x4f, 0x28, 0xe0, 0xbb, 0x4f, 0x28, 0xe0, 0xbb,
    0x4f, 0x28, 0xe0, 0xbb, 0x4f, 0x28, 0xe0, 0xbb,
    0x4f, 0x28, 0xe0, 0xbb, 0x4f, 0x28, 0xe0, 0xbb,
    0x4f, 0x5a, 0xf4, 0xcb, 0x4f, 0xff, 0xff, 0xfb,

    /* U+0429 "Щ" */
    0x6f, 0xb, 0xb0, 0xf6, 0x6, 0xf0, 0xbb, 0xf,
    0x60, 0x6f, 0xb, 0xb0, 0xf6, 0x6, 0xf0, 0xbb,
    0xf, 0x60, 0x6f, 0xb, 0xb0, 0xf6, 0x6, 0xf0,
    0xbb, 0xf, 0x60, 0x6f, 0xb, 0xb0, 0xf6, 0x6,
    0xf0, 0xbb, 0xf, 0x60, 0x6f, 0x4c, 0xc4, 0xf9,
    0x6, 0xff, 0xff, 0xff, 0xf2, 0x0, 0x0, 0x0,
    0x2f, 0x20, 0x0, 0x0, 0x2, 0xf2,

    /* U+042A "Ъ" */
    0xff, 0xf3, 0x0, 0x0, 0x7, 0xcf, 0x30, 0x0,
    0x0, 0x8, 0xf3, 0x0, 0x0, 0x0, 0x8f, 0x30,
    0x0, 0x0, 0x8, 0xff, 0xfd, 0x80, 0x0, 0x8f,
    0xa9, 0xcf, 0x90, 0x8, 0xf3, 0x0, 0xde, 0x0,
    0x8f, 0x30, 0xd, 0xe0, 0x8, 0xfa, 0x9c, 0xf9,
    0x0, 0x8f, 0xff, 0xd8, 0x0,

    /* U+042B "Ы" */
    0x6f, 0x10, 0x0, 0xbc, 0x6f, 0x10, 0x0, 0xbc,
    0x6f, 0x10, 0x0, 0xbc, 0x6f, 0x30, 0x0, 0xbc,
    0x6f, 0xff, 0x80, 0xbc, 0x6f, 0x69, 0xf4, 0xbc,
    0x6f, 0x10, 0xf7, 0xbc, 0x6f, 0x10, 0xf7, 0xbc,
    0x6f, 0x8a, 0xf3, 0xbc, 0x6f, 0xfe, 0x70, 0xbc,

    /* U+042C "Ь" */
    0xed, 0x0, 0x0, 0xe, 0xd0, 0x0, 0x0, 0xed,
    0x0, 0x0, 0xe, 0xd0, 0x0, 0x0, 0xef, 0xff,
    0xd7, 0xe, 0xe9, 0x9d, 0xf7, 0xed, 0x0, 0xf,
    0xce, 0xd0, 0x0, 0xfc, 0xee, 0x99, 0xdf, 0x7e,
    0xff, 0xfd, 0x70,

    /* U+042D "Э" */
    0x1, 0x9e, 0xeb, 0x30, 0xb, 0xfb, 0xaf, 0xe1,
    0x1c, 0x80, 0x6, 0xf6, 0x0, 0x0, 0x4, 0xf7,
    0x0, 0x6f, 0xff, 0xf7, 0x0, 0x39, 0x9b, 0xf7,
    0x0, 0x0, 0x4, 0xf7, 0x1e, 0xa0, 0x6, 0xf6,
    0xb, 0xfb, 0xaf, 0xe1, 0x1, 0x9e, 0xfb, 0x30,

    /* U+042E "Ю" */
    0xbd, 0x2, 0xcf, 0xc3, 0xb, 0xd0, 0xce, 0x7d,
    0xd0, 0xbd, 0xf, 0xa0, 0x7f, 0x1b, 0xe2, 0xf9,
    0x7, 0xf2, 0xbf, 0xff, 0x90, 0x7f, 0x2b, 0xe5,
    0xf9, 0x7, 0xf2, 0xbd, 0xf, 0x90, 0x7f, 0x2b,
    0xd0, 0xfa, 0x7, 0xf1, 0xbd, 0xb, 0xe7, 0xde,
    0xb, 0xd0, 0x2b, 0xfc, 0x30,

    /* U+042F "Я" */
    0x1, 0xae, 0xff, 0xf5, 0xd, 0xfa, 0x8b, 0xf5,
    0x3f, 0xa0, 0x6, 0xf5, 0x3f, 0x80, 0x6, 0xf5,
    0xd, 0xe4, 0x27, 0xf5, 0x2, 0xcf, 0xff, 0xf5,
    0x0, 0xdf, 0x59, 0xf5, 0x4, 0xfa, 0x6, 0xf5,
    0xc, 0xf2, 0x6, 0xf5, 0x3f, 0xa0, 0x6, 0xf5,

    /* U+0430 "а" */
    0x1, 0xae, 0xfc, 0x40, 0xc, 0xf8, 0x7e, 0xf1,
    0x1, 0x10, 0x6, 0xf5, 0x3, 0xcf, 0xff, 0xf6,
    0xe, 0xd3, 0x27, 0xf6, 0x3f, 0x80, 0x6, 0xf6,
    0x1f, 0xd5, 0x6c, 0xf6, 0x5, 0xef, 0xb5, 0xf6,

    /* U+0431 "б" */
    0x0, 0x5c, 0xff, 0xf1, 0x6, 0xff, 0xcb, 0xb0,
    0xe, 0xe2, 0x10, 0x0, 0x1f, 0xab, 0xff, 0x80,
    0x2f, 0xe8, 0x6d, 0xf4, 0x2f, 0xa0, 0x4, 0xf7,
    0x2f, 0x90, 0x3, 0xf8, 0xf, 0xc0, 0x5, 0xf6,
    0xb, 0xfb, 0x9f, 0xf1, 0x1, 0x9e, 0xfc, 0x30,

    /* U+0432 "в" */
    0xff, 0xff, 0xe8, 0xf, 0xd5, 0x6c, 0xf4, 0xfb,
    0x11, 0x9f, 0x3f, 0xff, 0xfe, 0x70, 0xfc, 0x44,
    0xaf, 0x5f, 0xb0, 0x3, 0xf8, 0xfd, 0x55, 0xbf,
    0x5f, 0xff, 0xfe, 0x70,

    /* U+0433 "г" */
    0x8f, 0xff, 0xff, 0x78, 0xfb, 0xaa, 0xa5, 0x8f,
    0x30, 0x0, 0x8, 0xf3, 0x0, 0x0, 0x8f, 0x30,
    0x0, 0x8, 0xf3, 0x0, 0x0, 0x8f, 0x30, 0x0,
    0x8, 0xf3, 0x0, 0x0,

    /* U+0434 "д" */
    0x5, 0xff, 0xff, 0xf3, 0x0, 0x6f, 0xb9, 0xcf,
    0x30, 0x6, 0xf4, 0x8, 0xf3, 0x0, 0x6f, 0x30,
    0x8f, 0x30, 0x8, 0xf2, 0x8, 0xf3, 0x0, 0xce,
    0x0, 0x8f, 0x30, 0x6f, 0xd8, 0x8c, 0xfa, 0xb,
    0xff, 0xff, 0xff, 0xf1, 0xbe, 0x0, 0x0, 0x8f,
    0x1b, 0xe0, 0x0, 0x8, 0xf1,

    /* U+0435 "е" */
    0x1, 0x9e, 0xfc, 0x30, 0xb, 0xf9, 0x7d, 0xf2,
    0xf, 0xa0, 0x4, 0xf7, 0x2f, 0xff, 0xff, 0xf8,
    0x2f, 0xa3, 0x33, 0x31, 0xf, 0xb0, 0x1, 0x31,
    0xb, 0xfa, 0x8d, 0xf2, 0x1, 0x9e, 0xfc, 0x30,

    /* U+0436 "ж" */
    0xac, 0x8, 0xe0, 0x6f, 0x15, 0xf1, 0x8e, 0xb,
    0xb0, 0xf, 0x68, 0xe0, 0xf6, 0x0, 0xbb, 0x8e,
    0x5f, 0x10, 0x7, 0xfe, 0xfe, 0xe0, 0x0, 0xda,
    0x8e, 0x3f, 0x40, 0x4f, 0x38, 0xe0, 0xdb, 0xb,
    0xc0, 0x8e, 0x6, 0xf2,

    /* U+0437 "з" */
    0x3, 0xcf, 0xfd, 0x70, 0xf, 0xe8, 0x7c, 0xf4,
    0x1, 0x11, 0x19, 0xf3, 0x0, 0x4f, 0xfe, 0x70,
    0x0, 0x14, 0x4b, 0xf4, 0x15, 0x20, 0x4, 0xf8,
    0x1f, 0xe8, 0x7c, 0xf4, 0x3, 0xcf, 0xfd, 0x60,

    /* U+0438 "и" */
    0xf9, 0x0, 0xef, 0x6f, 0x90, 0x6e, 0xf6, 0xf9,
    0xd, 0xaf, 0x6f, 0x94, 0xf5, 0xf6, 0xf9, 0xba,
    0x3f, 0x6f, 0xaf, 0x33, 0xf6, 0xfe, 0xc0, 0x3f,
    0x6f, 0xf5, 0x3, 0xf6,

    /* U+0439 "й" */
    0x2f, 0x51, 0xd8, 0x0, 0x8f, 0xfc, 0x10, 0x0,
    0x1, 0x0, 0xf, 0x90, 0xe, 0xf6, 0xf9, 0x6,
    0xef, 0x6f, 0x90, 0xda, 0xf6, 0xf9, 0x4f, 0x5f,
    0x6f, 0x9b, 0xa3, 0xf6, 0xfa, 0xf3, 0x3f, 0x6f,
    0xec, 0x3, 0xf6, 0xff, 0x50, 0x3f, 0x60,

    /* U+043A "к" */
    0xee, 0x0, 0x3f, 0xb0, 0xee, 0x0, 0xcf, 0x20,
    0xee, 0x5, 0xf9, 0x0, 0xef, 0x8e, 0xe1, 0x0,
    0xef, 0xff, 0xd0, 0x0, 0xee, 0x9, 0xf7, 0x0,
    0xee, 0x0, 0xef, 0x10, 0xee, 0x0, 0x4f, 0xb0,

    /* U+043B "л" */
    0x5, 0xff, 0xff, 0xf6, 0x5, 0xfc, 0xac, 0xf6,
    0x6, 0xf5, 0x5, 0xf6, 0x6, 0xf5, 0x5, 0xf6,
    0x6, 0xf5, 0x5, 0xf6, 0x8, 0xf3, 0x5, 0xf6,
    0x7e, 0xe0, 0x5, 0xf6, 0xcd, 0x40, 0x5, 0xf6,

    /* U+043C "м" */
    0x4f, 0xf0, 0x9, 0xfa, 0x4f, 0xf6, 0xf, 0xfa,
    0x4f, 0xbc, 0x5e, 0xda, 0x4f, 0x7f, 0xb9, 0xda,
    0x4f, 0x4d, 0xf3, 0xea, 0x4f, 0x43, 0x50, 0xea,
    0x4f, 0x40, 0x0, 0xea, 0x4f, 0x40, 0x0, 0xea,

    /* U+043D "н" */
    0xfd, 0x0, 0x6f, 0x5f, 0xd0, 0x6, 0xf5, 0xfd,
    0x0, 0x6f, 0x5f, 0xea, 0xac, 0xf5, 0xff, 0xff,
    0xff, 0x5f, 0xd0, 0x6, 0xf5, 0xfd, 0x0, 0x6f,
    0x5f, 0xd0, 0x6, 0xf5,

    /* U+043E "о" */
    0x0, 0x9e, 0xfc, 0x30, 0xa, 0xfb, 0x9f, 0xf1,
    0xf, 0xc0, 0x5, 0xf6, 0x2f, 0x90, 0x3, 0xf8,
    0x2f, 0x90, 0x3, 0xf8, 0xf, 0xc0, 0x5, 0xf6,
    0xb, 0xfb, 0x9f, 0xf2, 0x0, 0x9e, 0xfc, 0x30,

    /* U+043F "п" */
    0xff, 0xff, 0xff, 0x5f, 0xea, 0xac, 0xf5, 0xfd,
    0x0, 0x6f, 0x5f, 0xd0, 0x6, 0xf5, 0xfd, 0x0,
    0x6f, 0x5f, 0xd0, 0x6, 0xf5, 0xfd, 0x0, 0x6f,
    0x5f, 0xd0, 0x6, 0xf5,

    /* U+0440 "р" */
    0xfb, 0xaf, 0xe6, 0xf, 0xfc, 0x9e, 0xf3, 0xfe,
    0x0, 0x5f, 0x7f, 0xc0, 0x3, 0xf8, 0xfc, 0x0,
    0x3f, 0x8f, 0xe0, 0x5, 0xf7, 0xfd, 0xc9, 0xef,
    0x3f, 0xc6, 0xee, 0x60, 0xfc, 0x0, 0x0, 0xf,
    0xc0, 0x0, 0x0,

    /* U+0441 "с" */
    0x0, 0x8e, 0xfc, 0x30, 0x9, 0xfc, 0x9e, 0xf2,
    0xf, 0xd0, 0x3, 0xc5, 0xf, 0xb0, 0x0, 0x0,
    0x1f, 0xb0, 0x0, 0x0, 0xf, 0xc0, 0x3, 0xb5,
    0xa, 0xfb, 0x9e, 0xf2, 0x0, 0x9e, 0xfc, 0x30,

    /* U+0442 "т" */
    0x7f, 0xff, 0xff, 0xfd, 0x4a, 0xae, 0xfa, 0xa8,
    0x0, 0xb, 0xf1, 0x0, 0x0, 0xb, 0xf1, 0x0,
    0x0, 0xb, 0xf1, 0x0, 0x0, 0xb, 0xf1, 0x0,
    0x0, 0xb, 0xf1, 0x0, 0x0, 0xb, 0xf1, 0x0,

    /* U+0443 "у" */
    0x5f, 0x90, 0x1, 0xfb, 0xe, 0xe0, 0x7, 0xf5,
    0x7, 0xf5, 0xc, 0xf0, 0x1, 0xfb, 0x2f, 0xa0,
    0x0, 0xaf, 0x8f, 0x40, 0x0, 0x4f, 0xde, 0x0,
    0x0, 0xd, 0xf8, 0x0, 0x0, 0xa, 0xf2, 0x0,
    0x0, 0xf, 0xc0, 0x0, 0x0, 0x6f, 0x60, 0x0,

    /* U+0444 "ф" */
    0x0, 0x8, 0xe0, 0x0, 0x0, 0x8, 0xe0, 0x0,
    0x5, 0xdf, 0xfe, 0x90, 0x2f, 0xcb, 0xf8, 0xf8,
    0x6f, 0x18, 0xe0, 0xbc, 0x7f, 0x8, 0xe0, 0x9e,
    0x7f, 0x8, 0xe0, 0x9e, 0x6f, 0x18, 0xe0, 0xbc,
    0x2f, 0xcb, 0xf8, 0xf8, 0x5, 0xdf, 0xfe, 0x90,
    0x0, 0x8, 0xe0, 0x0, 0x0, 0x8, 0xe0, 0x0,

    /* U+0445 "х" */
    0x1e, 0xe0, 0x8, 0xf7, 0x5, 0xf9, 0x2f, 0xc0,
    0x0, 0xbf, 0xdf, 0x20, 0x0, 0x1f, 0xf7, 0x0,
    0x0, 0x3f, 0xf9, 0x0, 0x0, 0xde, 0xaf, 0x40,
    0x8, 0xf6, 0x1e, 0xe0, 0x3f, 0xc0, 0x5, 0xf9,

    /* U+0446 "ц" */
    0xfd, 0x0, 0xbf, 0x0, 0xfd, 0x0, 0xbf, 0x0,
    0xfd, 0x0, 0xbf, 0x0, 0xfd, 0x0, 0xbf, 0x0,
    0xfd, 0x0, 0xbf, 0x0, 0xfd, 0x0, 0xbf, 0x0,
    0xfe, 0xaa, 0xef, 0xa0, 0xff, 0xff, 0xff, 0xf1,
    0x0, 0x0, 0x8, 0xf1, 0x0, 0x0, 0x7, 0xf1,

    /* U+0447 "ч" */
    0x3f, 0x80, 0x6, 0xf5, 0x3f, 0x80, 0x6, 0xf5,
    0x3f, 0x80, 0x6, 0xf5, 0x1f, 0xd2, 0x7, 0xf5,
    0xa, 0xff, 0xff, 0xf5, 0x0, 0x59, 0x8a, 0xf5,
    0x0, 0x0, 0x6, 0xf5, 0x0, 0x0, 0x6, 0xf5,

    /* U+0448 "ш" */
    0x5f, 0x28, 0xe0, 0xbb, 0x5f, 0x28, 0xe0, 0xbb,
    0x4f, 0x28, 0xe0, 0xbb, 0x4f, 0x28, 0xe0, 0xbb,
    0x4f, 0x28, 0xe0, 0xbb, 0x4f, 0x28, 0xe0, 0xbb,
    0x4f, 0x5a, 0xf4, 0xcb, 0x4f, 0xff, 0xff, 0xfb,

    /* U+0449 "щ" */
    0x5f, 0x1a, 0xc0, 0xf6, 0x5, 0xf1, 0xac, 0xf,
    0x60, 0x5f, 0x1a, 0xc0, 0xf6, 0x5, 0xf1, 0xac,
    0xf, 0x60, 0x5f, 0x1a, 0xc0, 0xf6, 0x5, 0xf1,
    0xac, 0xf, 0x60, 0x5f, 0x4b, 0xd4, 0xf9, 0x5,
    0xff, 0xff, 0xff, 0xf1, 0x0, 0x0, 0x0, 0x3f,
    0x10, 0x0, 0x0, 0x3, 0xf1,

    /* U+044A "ъ" */
    0xff, 0xf8, 0x0, 0x0, 0xa, 0xbf, 0x80, 0x0,
    0x0, 0x3, 0xf8, 0x0, 0x0, 0x0, 0x3f, 0xff,
    0xfb, 0x20, 0x3, 0xfc, 0x9a, 0xfd, 0x0, 0x3f,
    0x80, 0xc, 0xf0, 0x3, 0xfc, 0x9a, 0xfd, 0x0,
    0x3f, 0xff, 0xfb, 0x20,

    /* U+044B "ы" */
    0x5f, 0x30, 0x0, 0xcb, 0x5f, 0x30, 0x0, 0xcb,
    0x5f, 0x40, 0x0, 0xcb, 0x5f, 0xff, 0x80, 0xcb,
    0x5f, 0x69, 0xf3, 0xcb, 0x5f, 0x31, 0xf6, 0xcb,
    0x5f, 0x8b, 0xf3, 0xcb, 0x5f, 0xfd, 0x60, 0xcb,

    /* U+044C "ь" */
    0xed, 0x0, 0x0, 0xe, 0xd0, 0x0, 0x0, 0xed,
    0x0, 0x0, 0xe, 0xff, 0xfe, 0xa1, 0xee, 0x99,
    0xbf, 0xae, 0xd0, 0x0, 0xed, 0xee, 0x99, 0xbf,
    0xae, 0xff, 0xfe, 0xa1,

    /* U+044D "э" */
    0x1, 0xae, 0xeb, 0x30, 0xd, 0xfb, 0x9f, 0xe1,
    0x16, 0x31, 0x27, 0xf5, 0x0, 0xc, 0xff, 0xf7,
    0x0, 0x3, 0x58, 0xf7, 0x1d, 0x90, 0x7, 0xf5,
    0xb, 0xfb, 0xaf, 0xe1, 0x0, 0x9e, 0xfb, 0x30,

    /* U+044E "ю" */
    0x6f, 0x12, 0xcf, 0xb1, 0x6f, 0x1b, 0xe6, 0xea,
    0x6f, 0x2d, 0x90, 0xac, 0x6f, 0xff, 0x90, 0xad,
    0x6f, 0x5e, 0x90, 0xad, 0x6f, 0x1d, 0x90, 0xac,
    0x6f, 0x1a, 0xe6, 0xea, 0x6f, 0x11, 0xcf, 0xb1,

    /* U+044F "я" */
    0x3, 0xcf, 0xff, 0xf5, 0xe, 0xf8, 0x7b, 0xf5,
    0x3f, 0x90, 0x6, 0xf5, 0x2f, 0xc2, 0x17, 0xf5,
    0x8, 0xff, 0xff, 0xf5, 0x0, 0xcf, 0x59, 0xf5,
    0x6, 0xf8, 0x6, 0xf5, 0x1f, 0xe0, 0x6, 0xf5,

    /* U+0451 "ё" */
    0x1, 0xe8, 0x3e, 0x60, 0x0, 0xb6, 0x2b, 0x40,
    0x0, 0x0, 0x0, 0x0, 0x1, 0x9e, 0xfc, 0x30,
    0xb, 0xf9, 0x7d, 0xf2, 0xf, 0xa0, 0x4, 0xf7,
    0x2f, 0xff, 0xff, 0xf8, 0x2f, 0xa3, 0x33, 0x31,
    0xf, 0xb0, 0x1, 0x31, 0xb, 0xfa, 0x8d, 0xf2,
    0x1, 0x9e, 0xfc, 0x30,

    /* U+0452 "ђ" */
    0xef, 0xff, 0x20, 0x0, 0x2f, 0xc2, 0x0, 0x0,
    0xf, 0xb8, 0xfd, 0x50, 0xf, 0xec, 0x9f, 0xf1,
    0xf, 0xe0, 0x8, 0xf5, 0xf, 0xc0, 0x6, 0xf5,
    0xf, 0xc0, 0x6, 0xf5, 0xf, 0xc0, 0x6, 0xf5,
    0xf, 0xc0, 0x6, 0xf5, 0xf, 0xc0, 0x8, 0xf4,
    0x0, 0x6, 0xbf, 0xe1, 0x0, 0x9, 0xfb, 0x30,

    /* U+0453 "ѓ" */
    0x0, 0x1, 0x10, 0x0, 0x6, 0xf6, 0x0, 0x2,
    0xf8, 0x0, 0x0, 0x0, 0x0, 0x0, 0x8f, 0xff,
    0xff, 0x78, 0xfb, 0xaa, 0xa5, 0x8f, 0x30, 0x0,
    0x8, 0xf3, 0x0, 0x0, 0x8f, 0x30, 0x0, 0x8,
    0xf3, 0x0, 0x0, 0x8f, 0x30, 0x0, 0x8, 0xf3,
    0x0, 0x0,

    /* U+0454 "є" */
    0x8, 0xdf, 0xd5, 0x9, 0xfb, 0x9d, 0xf4, 0xed,
    0x21, 0x16, 0x3f, 0xff, 0xf3, 0x0, 0xfd, 0x44,
    0x10, 0xe, 0xe0, 0x3, 0xd7, 0x9f, 0xc9, 0xef,
    0x20, 0x8e, 0xfc, 0x40,

    /* U+0455 "ѕ" */
    0x3, 0xcf, 0xfd, 0x60, 0xd, 0xf7, 0x6c, 0xf4,
    0xf, 0xc0, 0x0, 0x10, 0xa, 0xff, 0xc9, 0x30,
    0x0, 0x59, 0xbf, 0xf3, 0x2, 0x10, 0x3, 0xf8,
    0xe, 0xe7, 0x6b, 0xf5, 0x3, 0xcf, 0xfe, 0x70,

    /* U+0456 "і" */
    0x0, 0x5d, 0x70, 0x0, 0x6, 0xf8, 0x0, 0x0,
    0x0, 0x0, 0x7, 0xff, 0xf9, 0x0, 0x4a, 0xaf,
    0x90, 0x0, 0x1, 0xf9, 0x0, 0x0, 0x1f, 0x90,
    0x0, 0x1, 0xf9, 0x0, 0x0, 0x1f, 0x90, 0x8,
    0xaa, 0xfd, 0xa8, 0xdf, 0xff, 0xff, 0xd0,

    /* U+0457 "ї" */
    0x1e, 0x83, 0xe6, 0x0, 0xb6, 0x2b, 0x40, 0x0,
    0x0, 0x0, 0x9, 0xff, 0xf9, 0x0, 0x5a, 0xaf,
    0x90, 0x0, 0x1, 0xf9, 0x0, 0x0, 0x1f, 0x90,
    0x0, 0x1, 0xf9, 0x0, 0x0, 0x1f, 0x90, 0x9,
    0xaa, 0xfd, 0xa7, 0xff, 0xff, 0xff, 0xc0,

    /* U+0458 "ј" */
    0x0, 0x8, 0xf6, 0x0, 0x7, 0xd5, 0x0, 0x0,
    0x0, 0x7f, 0xff, 0xf6, 0x4a, 0xac, 0xf6, 0x0,
    0x5, 0xf6, 0x0, 0x5, 0xf6, 0x0, 0x5, 0xf6,
    0x0, 0x5, 0xf6, 0x0, 0x5, 0xf6, 0x0, 0x7,
    0xf4, 0x8a, 0xbf, 0xe1, 0xcf, 0xfc, 0x30,

    /* U+0459 "љ" */
    0x0, 0xef, 0xff, 0x50, 0x0, 0x0, 0xfa, 0x7f,
    0x50, 0x0, 0x0, 0xf7, 0x2f, 0x60, 0x0, 0x0,
    0xf7, 0x2f, 0xff, 0x80, 0x0, 0xf7, 0x2f, 0x89,
    0xf2, 0x0, 0xf6, 0x2f, 0x53, 0xf3, 0x9, 0xf2,
    0x2f, 0x9b, 0xf2, 0x1e, 0x70, 0x2f, 0xfe, 0x70,

    /* U+045A "њ" */
    0x6f, 0x12, 0xf5, 0x0, 0x6, 0xf1, 0x2f, 0x50,
    0x0, 0x6f, 0x23, 0xf6, 0x0, 0x6, 0xff, 0xff,
    0xff, 0x70, 0x6f, 0x55, 0xf8, 0x9f, 0x16, 0xf1,
    0x2f, 0x53, 0xf3, 0x6f, 0x12, 0xf9, 0xaf, 0x26,
    0xf1, 0x2f, 0xfe, 0x70,

    /* U+045B "ћ" */
    0xef, 0xff, 0x20, 0x0, 0x2f, 0xc2, 0x0, 0x0,
    0xf, 0xb8, 0xfd, 0x50, 0xf, 0xec, 0x9f, 0xf1,
    0xf, 0xe0, 0x8, 0xf4, 0xf, 0xc0, 0x6, 0xf5,
    0xf, 0xc0, 0x6, 0xf5, 0xf, 0xc0, 0x6, 0xf5,
    0xf, 0xc0, 0x6, 0xf5, 0xf, 0xc0, 0x6, 0xf5,

    /* U+045C "ќ" */
    0x0, 0x1, 0x10, 0x0, 0x0, 0x6f, 0x60, 0x0,
    0x2, 0xf8, 0x0, 0x0, 0x0, 0x0, 0x0, 0x0,
    0xee, 0x0, 0x3f, 0xb0, 0xee, 0x0, 0xcf, 0x20,
    0xee, 0x5, 0xf9, 0x0, 0xef, 0x8e, 0xe1, 0x0,
    0xef, 0xff, 0xd0, 0x0, 0xee, 0x9, 0xf7, 0x0,
    0xee, 0x0, 0xef, 0x10, 0xee, 0x0, 0x4f, 0xb0,

    /* U+045E "ў" */
    0x1, 0x81, 0x5, 0x40, 0x1, 0xf6, 0x1e, 0x70,
    0x0, 0x6f, 0xfb, 0x0, 0x0, 0x0, 0x10, 0x0,
    0x5f, 0x90, 0x1, 0xfb, 0xe, 0xe0, 0x7, 0xf5,
    0x7, 0xf5, 0xc, 0xf0, 0x1, 0xfb, 0x2f, 0xa0,
    0x0, 0xaf, 0x8f, 0x40, 0x0, 0x4f, 0xde, 0x0,
    0x0, 0xd, 0xf8, 0x0, 0x0, 0xa, 0xf2, 0x0,
    0x0, 0xf, 0xc0, 0x0, 0x0, 0x6f, 0x60, 0x0,

    /* U+045F "џ" */
    0xfd, 0x0, 0x6f, 0x5f, 0xd0, 0x6, 0xf5, 0xfd,
    0x0, 0x6f, 0x5f, 0xd0, 0x6, 0xf5, 0xfd, 0x0,
    0x6f, 0x5f, 0xd0, 0x6, 0xf5, 0xfe, 0xaa, 0xcf,
    0x5f, 0xff, 0xff, 0xf5, 0x0, 0xaf, 0x10, 0x0,
    0xa, 0xf1, 0x0,

    /* U+0490 "Ґ" */
    0x0, 0x0, 0x2f, 0x80, 0x0, 0x2, 0xf8, 0x9f,
    0xff, 0xff, 0x89, 0xfb, 0xaa, 0xa5, 0x9f, 0x20,
    0x0, 0x9, 0xf2, 0x0, 0x0, 0x9f, 0x20, 0x0,
    0x9, 0xf2, 0x0, 0x0, 0x9f, 0x20, 0x0, 0x9,
    0xf2, 0x0, 0x0, 0x9f, 0x20, 0x0, 0x9, 0xf2,
    0x0, 0x0,

    /* U+0491 "ґ" */
    0x0, 0x0, 0x18, 0x40, 0x0, 0x2, 0xf8, 0x9f,
    0xff, 0xff, 0x89, 0xfb, 0xaa, 0xa5, 0x9f, 0x20,
    0x0, 0x9, 0xf2, 0x0, 0x0, 0x9f, 0x20, 0x0,
    0x9, 0xf2, 0x0, 0x0, 0x9f, 0x20, 0x0, 0x9,
    0xf2, 0x0, 0x0,

    /* U+1E80 "Ẁ" */
    0x0, 0x5f, 0x70, 0x0, 0x0, 0x0, 0x8f, 0x30,
    0x0, 0x0, 0x0, 0x10, 0x0, 0x0, 0x0, 0x0,
    0x0, 0x0, 0xba, 0xb, 0xf1, 0x3f, 0x1a, 0xb0,
    0xdd, 0x35, 0xf0, 0x8c, 0xf, 0xc5, 0x6e, 0x6,
    0xe1, 0xf9, 0x77, 0xc0, 0x5f, 0x3d, 0x79, 0x9b,
    0x3, 0xf6, 0xb5, 0xba, 0x90, 0x2f, 0x99, 0x3d,
    0xb8, 0x0, 0xfc, 0x72, 0xfc, 0x60, 0xe, 0xd5,
    0xf, 0xd4, 0x0, 0xdf, 0x30, 0xef, 0x30,

    /* U+1E81 "ẁ" */
    0x0, 0x1, 0x0, 0x0, 0x0, 0x4, 0xf8, 0x0,
    0x0, 0x0, 0x6, 0xf3, 0x0, 0x0, 0x0, 0x0,
    0x0, 0x0, 0xb8, 0xa, 0xf1, 0x2f, 0x18, 0xa0,
    0xdd, 0x34, 0xf0, 0x6c, 0xf, 0xb6, 0x6c, 0x4,
    0xe2, 0xe8, 0x88, 0xa0, 0x2f, 0x5c, 0x6a, 0x98,
    0x0, 0xf9, 0xa3, 0xdb, 0x60, 0xe, 0xc7, 0x1f,
    0xd4, 0x0, 0xcf, 0x50, 0xef, 0x20,

    /* U+1E82 "Ẃ" */
    0x0, 0x0, 0xce, 0x10, 0x0, 0x0, 0x8f, 0x30,
    0x0, 0x0, 0x1, 0x0, 0x0, 0x0, 0x0, 0x0,
    0x0, 0x0, 0xba, 0xb, 0xf1, 0x3f, 0x1a, 0xb0,
    0xdd, 0x35, 0xf0, 0x8c, 0xf, 0xc5, 0x6e, 0x6,
    0xe1, 0xf9, 0x77, 0xc0, 0x5f, 0x3d, 0x79, 0x9b,
    0x3, 0xf6, 0xb5, 0xba, 0x90, 0x2f, 0x99, 0x3d,
    0xb8, 0x0, 0xfc, 0x72, 0xfc, 0x60, 0xe, 0xd5,
    0xf, 0xd4, 0x0, 0xdf, 0x30, 0xef, 0x30,

    /* U+1E83 "ẃ" */
    0x0, 0x0, 0x1, 0x0, 0x0, 0x0, 0xd, 0xd1,
    0x0, 0x0, 0x8, 0xf2, 0x0, 0x0, 0x0, 0x0,
    0x0, 0x0, 0xb8, 0xa, 0xf1, 0x2f, 0x18, 0xa0,
    0xdd, 0x34, 0xf0, 0x6c, 0xf, 0xb6, 0x6c, 0x4,
    0xe2, 0xe8, 0x88, 0xa0, 0x2f, 0x5c, 0x6a, 0x98,
    0x0, 0xf9, 0xa3, 0xdb, 0x60, 0xe, 0xc7, 0x1f,
    0xd4, 0x0, 0xcf, 0x50, 0xef, 0x20,

    /* U+1E84 "Ẅ" */
    0x0, 0xb6, 0x2b, 0x40, 0x0, 0x1e, 0x82, 0xe6,
    0x0, 0x0, 0x0, 0x0, 0x0, 0x0, 0x0, 0x0,
    0x0, 0x0, 0xba, 0xb, 0xf1, 0x3f, 0x1a, 0xb0,
    0xdd, 0x35, 0xf0, 0x8c, 0xf, 0xc5, 0x6e, 0x6,
    0xe1, 0xf9, 0x77, 0xc0, 0x5f, 0x3d, 0x79, 0x9b,
    0x3, 0xf6, 0xb5, 0xba, 0x90, 0x2f, 0x99, 0x3d,
    0xb8, 0x0, 0xfc, 0x72, 0xfc, 0x60, 0xe, 0xd5,
    0xf, 0xd4, 0x0, 0xdf, 0x30, 0xef, 0x30,

    /* U+1E85 "ẅ" */
    0x0, 0x62, 0x6, 0x20, 0x0, 0x2f, 0xa4, 0xf8,
    0x0, 0x0, 0x31, 0x3, 0x0, 0xb, 0x80, 0xaf,
    0x12, 0xf1, 0x8a, 0xd, 0xd3, 0x4f, 0x6, 0xc0,
    0xfb, 0x66, 0xc0, 0x4e, 0x2e, 0x88, 0x8a, 0x2,
    0xf5, 0xc6, 0xa9, 0x80, 0xf, 0x9a, 0x3d, 0xb6,
    0x0, 0xec, 0x71, 0xfd, 0x40, 0xc, 0xf5, 0xe,
    0xf2, 0x0,

    /* U+2013 "–" */
    0x1a, 0xaa, 0xaa, 0xa5, 0x2f, 0xff, 0xff, 0xf8,

    /* U+2014 "—" */
    0x8a, 0xaa, 0xaa, 0xaa, 0x2d, 0xff, 0xff, 0xff,
    0xf3,

    /* U+2018 "‘" */
    0x0, 0x27, 0x20, 0x9, 0xf1, 0x0, 0xfd, 0x0,
    0x6f, 0x90, 0xc, 0xf5, 0x0,

    /* U+2019 "’" */
    0x6, 0x72, 0xf, 0xf1, 0x4f, 0xa0, 0x8f, 0x30,
    0xcd, 0x0,

    /* U+201A "‚" */
    0x5, 0x72, 0xf, 0xf1, 0x4f, 0xa0, 0x8f, 0x40,
    0xcd, 0x0,

    /* U+201C "“" */
    0x1, 0x72, 0x2, 0x71, 0x8, 0xf2, 0xa, 0xf0,
    0xe, 0xe0, 0x1f, 0xc0, 0x5f, 0xa0, 0x7f, 0x80,
    0xbf, 0x60, 0xef, 0x40,

    /* U+201D "”" */
    0x5, 0x72, 0x6, 0x71, 0xf, 0xf2, 0x2f, 0xe0,
    0x3f, 0xb0, 0x6f, 0x80, 0x7f, 0x40, 0xaf, 0x20,
    0xbe, 0x0, 0xeb, 0x0,

    /* U+201E "„" */
    0x5, 0x72, 0x6, 0x71, 0xf, 0xf2, 0x2f, 0xe0,
    0x3f, 0xb0, 0x6f, 0x80, 0x7f, 0x40, 0xaf, 0x20,
    0xbe, 0x0, 0xeb, 0x0,

    /* U+2020 "†" */
    0x0, 0x58, 0x0, 0x0, 0xaf, 0x10, 0x0, 0xaf,
    0x10, 0x0, 0xaf, 0x10, 0x0, 0xaf, 0x10, 0x0,
    0xaf, 0x10, 0x6a, 0xff, 0xba, 0x9f, 0xff, 0xff,
    0x0, 0xaf, 0x10, 0x0, 0xaf, 0x10, 0x0, 0xaf,
    0x10, 0x0, 0xaf, 0x10, 0x0, 0xaf, 0x10, 0x0,
    0x58, 0x0,

    /* U+2021 "‡" */
    0x0, 0x35, 0x0, 0x0, 0xa, 0xf1, 0x0, 0x0,
    0xaf, 0x10, 0x0, 0xa, 0xf1, 0x0, 0x0, 0xaf,
    0x10, 0xe, 0xff, 0xff, 0xf4, 0x9a, 0xff, 0xba,
    0x20, 0xa, 0xf1, 0x0, 0x8a, 0xff, 0xba, 0x2e,
    0xff, 0xff, 0xf4, 0x0, 0xaf, 0x10, 0x0, 0xa,
    0xf1, 0x0, 0x0, 0xaf, 0x10, 0x0, 0xa, 0xf1,
    0x0, 0x0, 0x12, 0x0, 0x0,

    /* U+2022 "•" */
    0x8, 0xa3, 0x8, 0xff, 0xe0, 0x9f, 0xff, 0x2,
    0xdf, 0x70,

    /* U+2026 "…" */
    0x8, 0x13, 0x70, 0x74, 0x4f, 0x59, 0xf0, 0xfa,
    0x2e, 0x37, 0xd0, 0xc7,

    /* U+2030 "‰" */
    0x2d, 0xe7, 0x0, 0x0, 0x8, 0x82, 0xe0, 0x0,
    0x0, 0x89, 0x3e, 0x0, 0x0, 0x2, 0xde, 0x60,
    0x49, 0xd0, 0x0, 0x49, 0xec, 0x61, 0x6, 0xec,
    0x61, 0x0, 0x0, 0x31, 0x1c, 0xc6, 0xda, 0x0,
    0x6, 0xa2, 0xe0, 0xd3, 0x0, 0x69, 0x1e, 0xc,
    0x30, 0x1, 0xdd, 0x8e, 0xc0,

    /* U+2039 "‹" */
    0x0, 0xac, 0x10, 0x7f, 0x60, 0x3f, 0xa0, 0xd,
    0xe0, 0x0, 0x5f, 0x80, 0x0, 0x9f, 0x40, 0x0,
    0xde, 0x10,

    /* U+203A "›" */
    0x9d, 0x20, 0x1, 0xed, 0x0, 0x4, 0xf9, 0x0,
    0x9, 0xf3, 0x2, 0xfb, 0x0, 0xde, 0x10, 0xaf,
    0x40, 0x0,

    /* U+2044 "⁄" */
    0x0, 0x0, 0xe, 0x10, 0x0, 0x7, 0x80, 0x0,
    0x1, 0xe1, 0x0, 0x0, 0x87, 0x0, 0x0, 0x1e,
    0x0, 0x0, 0x9, 0x70, 0x0, 0x1, 0xd0, 0x0,
    0x0, 0x96, 0x0, 0x0, 0x2d, 0x0, 0x0, 0xa,
    0x50, 0x0, 0x0,

    /* U+2070 "⁰" */
    0x2d, 0xe7, 0x9, 0x71, 0xf0, 0xb4, 0xe, 0x19,
    0x71, 0xf0, 0x2d, 0xe7, 0x0,

    /* U+2074 "⁴" */
    0x3, 0xe1, 0xd, 0x50, 0x7b, 0x3c, 0x9e, 0xed,
    0x0, 0x4d,

    /* U+2080 "₀" */
    0x2d, 0xe7, 0x9, 0x71, 0xf0, 0xb4, 0xe, 0x19,
    0x71, 0xf0, 0x2d, 0xe7, 0x0,

    /* U+2081 "₁" */
    0x1c, 0xf2, 0x4, 0x9e, 0x20, 0x0, 0xf2, 0x0,
    0xf, 0x20, 0x8e, 0xfe, 0x60,

    /* U+2082 "₂" */
    0x6e, 0xd4, 0x82, 0x7b, 0x1, 0xc7, 0x6d, 0x60,
    0xee, 0xec,

    /* U+2083 "₃" */
    0x7d, 0xd9, 0x3, 0xc2, 0x5, 0xe8, 0x62, 0x5c,
    0x6e, 0xe5,

    /* U+2084 "₄" */
    0x3, 0xe1, 0xd, 0x50, 0x7b, 0x3c, 0x9e, 0xed,
    0x0, 0x4d,

    /* U+20AC "€" */
    0x0, 0x9e, 0xfd, 0x60, 0x9, 0xfc, 0x9d, 0xf6,
    0xe, 0xe0, 0x0, 0x85, 0xbf, 0xff, 0xe0, 0x0,
    0x2e, 0xd2, 0x20, 0x0, 0xbf, 0xff, 0xe0, 0x0,
    0x1e, 0xd2, 0x20, 0x53, 0xc, 0xf1, 0x3, 0xf9,
    0x5, 0xfd, 0xae, 0xf3, 0x0, 0x6d, 0xfc, 0x40,

    /* U+2113 "ℓ" */
    0x0, 0x2, 0x53, 0x0, 0x0, 0x6f, 0xff, 0x60,
    0x0, 0xdf, 0x4d, 0xe0, 0x0, 0xed, 0xb, 0xf0,
    0x0, 0xed, 0xe, 0xd0, 0x0, 0xee, 0xbf, 0x50,
    0x17, 0xff, 0xe6, 0x0, 0x2f, 0xfd, 0x0, 0x0,
    0x2, 0xed, 0x0, 0x0, 0x0, 0xbf, 0x9d, 0xc0,
    0x0, 0x2c, 0xfe, 0x50, 0x0, 0x0, 0x0, 0x0,

    /* U+2116 "№" */
    0x11, 0x0, 0x10, 0x20, 0xef, 0x7, 0xe6, 0xdc,
    0xed, 0x37, 0xe9, 0x5f, 0xec, 0x77, 0xe9, 0x5f,
    0xeb, 0xb7, 0xe9, 0x5f, 0xe9, 0xf7, 0xe9, 0x7e,
    0xe7, 0xfa, 0xe2, 0xb6, 0xe7, 0xbb, 0xe0, 0x0,
    0xe7, 0x7c, 0xe0, 0x0, 0xe7, 0x2e, 0xe0, 0x0,
    0xe7, 0xe, 0xe0, 0x0,

    /* U+2122 "™" */
    0x1, 0x11, 0x0, 0x1, 0x7b, 0xd9, 0x9a, 0x4e,
    0x5, 0x80, 0x9c, 0x9c, 0x5, 0x80, 0x97, 0xac,
    0x5, 0x80, 0x93, 0xc, 0x4, 0x70, 0x92, 0xb,

    /* U+2126 "Ω" */
    0x0, 0x0, 0x10, 0x0, 0x0, 0x9f, 0xff, 0x70,
    0x8, 0xfa, 0x6c, 0xf5, 0xd, 0xe0, 0x1, 0xfa,
    0xe, 0xd0, 0x0, 0xfc, 0xe, 0xd0, 0x0, 0xfc,
    0xe, 0xd0, 0x0, 0xfc, 0xd, 0xe0, 0x0, 0xfb,
    0x6, 0xf9, 0xb, 0xf4, 0x9, 0xcd, 0xf, 0xb9,
    0x1f, 0xfd, 0xf, 0xff,

    /* U+212E "℮" */
    0x0, 0x8a, 0x9a, 0x20, 0x8, 0x50, 0x1, 0xd0,
    0xf, 0x30, 0x0, 0xe4, 0x2f, 0x30, 0x0, 0xe7,
    0x2f, 0xcb, 0xbb, 0xf7, 0x2f, 0x30, 0x0, 0x0,
    0x2f, 0x30, 0x0, 0x0, 0xf, 0x30, 0x0, 0x0,
    0x9, 0x50, 0x1, 0xb0, 0x0, 0x89, 0x9a, 0x20,

    /* U+2202 "∂" */
    0x0, 0x23, 0x20, 0x0, 0x0, 0x2e, 0xf4, 0x0,
    0x0, 0x2, 0xef, 0x40, 0x0, 0x0, 0x2e, 0xe0,
    0x1, 0xbe, 0xc9, 0xf6, 0xc, 0xfb, 0x9d, 0xf9,
    0xf, 0xc0, 0x3, 0xfa, 0x2f, 0x90, 0x1, 0xfa,
    0x1f, 0xb0, 0x2, 0xf9, 0xc, 0xf9, 0x6d, 0xf4,
    0x1, 0xbf, 0xfe, 0x60, 0x0, 0x0, 0x10, 0x0,

    /* U+2206 "∆" */
    0x0, 0x0, 0x10, 0x0, 0x0, 0xe, 0xfc, 0x0,
    0x0, 0x3f, 0xdf, 0x0, 0x0, 0x7f, 0x7f, 0x40,
    0x0, 0xbd, 0x1f, 0x90, 0x0, 0xf9, 0xd, 0xd0,
    0x4, 0xf5, 0x9, 0xf1, 0x9, 0xf1, 0x5, 0xf5,
    0xd, 0xe0, 0x1, 0xfa, 0x1f, 0xc6, 0x66, 0xfd,
    0x2f, 0xff, 0xff, 0xfe,

    /* U+220F "∏" */
    0x0, 0x0, 0x0, 0xf, 0xff, 0xff, 0xf2, 0xfe,
    0x99, 0xdf, 0x2f, 0xd0, 0xa, 0xf2, 0xfd, 0x0,
    0xaf, 0x2f, 0xd0, 0xa, 0xf2, 0xfd, 0x0, 0xaf,
    0x2f, 0xd0, 0xa, 0xf2, 0xfd, 0x0, 0xaf, 0x2f,
    0xd0, 0xa, 0xf2, 0xfd, 0x0, 0xaf, 0x20, 0x0,
    0x0, 0x0,

    /* U+2211 "∑" */
    0x0, 0x0, 0x0, 0x0, 0x1f, 0xff, 0xff, 0xfb,
    0xf, 0xfa, 0x88, 0x86, 0x4, 0xfd, 0x10, 0x0,
    0x0, 0x6f, 0xc0, 0x0, 0x0, 0x8, 0xfb, 0x0,
    0x0, 0x0, 0x9f, 0x70, 0x0, 0x0, 0x3f, 0x80,
    0x0, 0x1, 0xef, 0x30, 0x0, 0x1d, 0xf4, 0x0,
    0x0, 0xcf, 0x50, 0x0, 0xb, 0xf7, 0x11, 0x10,
    0x1f, 0xff, 0xff, 0xfb, 0x8, 0x88, 0x88, 0x85,

    /* U+2212 "−" */
    0x59, 0x99, 0x99, 0x9f, 0xff, 0xff, 0x0, 0x0,
    0x0,

    /* U+2215 "∕" */
    0x0, 0x0, 0xd, 0x10, 0x0, 0x7, 0x80, 0x0,
    0x0, 0xe1, 0x0, 0x0, 0x88, 0x0, 0x0, 0x1e,
    0x0, 0x0, 0x8, 0x70, 0x0, 0x1, 0xd0, 0x0,
    0x0, 0x96, 0x0, 0x0, 0x2d, 0x0, 0x0, 0xa,
    0x50, 0x0, 0x0,

    /* U+2219 "∙" */
    0xb, 0xe3, 0x1f, 0xf8, 0x8, 0xb2,

    /* U+221A "√" */
    0x0, 0x0, 0x0, 0x2, 0x0, 0x0, 0x0, 0x8,
    0xf2, 0x0, 0x0, 0x0, 0xce, 0x7, 0xa9, 0x0,
    0x1f, 0x90, 0xcf, 0xf2, 0x5, 0xf4, 0x0, 0x3f,
    0x60, 0x9f, 0x0, 0x0, 0xfa, 0xe, 0xb0, 0x0,
    0xb, 0xe2, 0xf6, 0x0, 0x0, 0x6f, 0x8f, 0x20,
    0x0, 0x2, 0xfd, 0xd0, 0x0, 0x0, 0xe, 0xf8,
    0x0, 0x0, 0x0, 0x1, 0x0, 0x0,

    /* U+221E "∞" */
    0x0, 0x0, 0x0, 0x0, 0x3e, 0xfa, 0x3e, 0xf5,
    0xba, 0x1d, 0xc1, 0x8d, 0xc7, 0x8, 0xb0, 0x5e,
    0xac, 0x4a, 0xf5, 0xac, 0x2b, 0xc3, 0x5c, 0xb2,

    /* U+222B "∫" */
    0x0, 0x0, 0x0, 0x0, 0x0, 0x0, 0x7, 0xef,
    0xf1, 0x0, 0x5, 0xfe, 0xaa, 0x0, 0x0, 0xaf,
    0x20, 0x0, 0x0, 0xa, 0xf1, 0x0, 0x0, 0x0,
    0xaf, 0x10, 0x0, 0x0, 0xa, 0xf1, 0x0, 0x0,
    0x0, 0xaf, 0x10, 0x0, 0x0, 0xa, 0xf1, 0x0,
    0x0, 0x0, 0xaf, 0x10, 0x0, 0x0, 0xc, 0xf0,
    0x0, 0x6, 0x9b, 0xfc, 0x0, 0x0, 0xaf, 0xfb,
    0x10, 0x0, 0x0, 0x10, 0x0, 0x0, 0x0,

    /* U+2248 "≈" */
    0x5, 0xb9, 0x10, 0x86, 0x1f, 0xbd, 0xd4, 0xe9,
    0x3f, 0x31, 0xbf, 0xe2, 0x2, 0x64, 0x0, 0x43,
    0xe, 0xff, 0x90, 0xd9, 0x3f, 0x34, 0xff, 0xf5,
    0x17, 0x10, 0x16, 0x40,

    /* U+2260 "≠" */
    0x0, 0x0, 0x13, 0x0, 0x0, 0xd, 0xb0, 0x0,
    0x5, 0xf5, 0xe, 0xff, 0xff, 0xf3, 0x89, 0xbf,
    0xa9, 0x20, 0xa, 0xe0, 0x0, 0x9a, 0xfd, 0xaa,
    0x2e, 0xff, 0xff, 0xf3, 0x1f, 0x90, 0x0, 0x7,
    0xf2, 0x0, 0x0, 0x0, 0x0, 0x0, 0x0,

    /* U+2264 "≤" */
    0x0, 0x0, 0x0, 0x0, 0x0, 0x4, 0xb5, 0x0,
    0x5d, 0xfd, 0x36, 0xef, 0xc5, 0x0, 0xfc, 0x40,
    0x0, 0xa, 0xfe, 0x81, 0x0, 0x2, 0xaf, 0xfa,
    0x10, 0x0, 0x18, 0xf5, 0x0, 0x0, 0x0, 0x19,
    0x99, 0x99, 0x93, 0xff, 0xff, 0xff, 0x50,

    /* U+2265 "≥" */
    0x0, 0x0, 0x0, 0xd, 0x70, 0x0, 0x0, 0xbf,
    0xf8, 0x10, 0x0, 0x29, 0xff, 0x91, 0x0, 0x1,
    0x9f, 0x50, 0x5, 0xcf, 0xe3, 0x6d, 0xfc, 0x50,
    0xe, 0xb4, 0x0, 0x0, 0x20, 0x0, 0x0, 0x9,
    0x99, 0x99, 0x93, 0xff, 0xff, 0xff, 0x50,

    /* U+25CA "◊" */
    0x0, 0x0, 0x10, 0x0, 0x0, 0x1f, 0xfe, 0x0,
    0x0, 0x9f, 0x7f, 0x70, 0x2, 0xfa, 0xd, 0xe1,
    0xa, 0xf2, 0x4, 0xf8, 0x1f, 0xa0, 0x0, 0xde,
    0x1f, 0xb0, 0x0, 0xde, 0xa, 0xf2, 0x5, 0xf7,
    0x2, 0xfb, 0xd, 0xe0, 0x0, 0x8f, 0x8f, 0x60,
    0x0, 0x1e, 0xfe, 0x0,

    /* U+26C4 "⛄" */
    0x3, 0xc8, 0x1c, 0xc8, 0x0, 0xb1, 0xa2, 0x9,
    0x30, 0xd, 0x8, 0x32, 0xd1, 0x0, 0xc0, 0xa2,
    0x94, 0x90, 0x9, 0x5b, 0x3a, 0xc, 0x0, 0x1c,
    0x23, 0x90, 0xc0, 0x4a, 0x51, 0x1c, 0x49, 0x9,
    0x9b, 0xb4, 0x5a, 0x10, 0x16, 0x0, 0x0, 0x25,
    0x2, 0xb7, 0xde, 0xa7, 0x70, 0x60, 0x37, 0xd1,
    0x25, 0x17, 0x4f, 0x1b, 0x6b, 0x25, 0xb0, 0x16,
    0xf7, 0x14, 0x5b, 0xd8, 0x64, 0x2, 0xd2, 0x2e,
    0xff, 0xab, 0xf8, 0x0, 0x18, 0xed, 0xd5, 0x0,
    0x0, 0x3, 0x3, 0x0, 0x0,

    /* U+FB01 "ﬁ" */
    0x0, 0x0, 0x0, 0x0, 0x0, 0x0, 0x66, 0x0,
    0x0, 0x0, 0x5d, 0xff, 0x90, 0x0, 0x2f, 0xf2,
    0x0, 0x0, 0xf, 0xe9, 0x95, 0x0, 0x0, 0x77,
    0x0, 0x0, 0x2, 0xfa, 0x0, 0x0, 0x1f, 0xff,
    0xf0, 0x0, 0x4f, 0xff, 0xff, 0xf9, 0x0, 0xaa,
    0xef, 0x0, 0x2, 0x9a, 0xfd, 0x99, 0x50, 0x0,
    0xb, 0xf0, 0x0, 0x0, 0x2f, 0xa0, 0x0, 0x0,
    0x0, 0xbf, 0x0, 0x0, 0x2, 0xfa, 0x0, 0x0,
    0x0, 0xb, 0xf0, 0x0, 0x0, 0x2f, 0xa0, 0x0,
    0x0, 0x0, 0xbf, 0x0, 0x0, 0x2, 0xfa, 0x0,
    0x0, 0x4a, 0xae, 0xfa, 0xa2, 0x0, 0x2f, 0xa0,
    0x0, 0x7, 0xff, 0xff, 0xff, 0x30,

    /* U+FB02 "ﬂ" */
    0x0, 0x5, 0xdf, 0xf9, 0x2f, 0xff, 0xf0, 0x0,
    0x0, 0x0, 0xfe, 0x99, 0x51, 0x99, 0xef, 0x0,
    0x0, 0x0, 0x2f, 0xa0, 0x0, 0x0, 0xb, 0xf0,
    0x0, 0x4, 0xff, 0xff, 0xff, 0x90, 0x0, 0xbf,
    0x0, 0x0, 0x29, 0xaf, 0xd9, 0x95, 0x0, 0xb,
    0xf0, 0x0, 0x0, 0x2, 0xfa, 0x0, 0x0, 0x0,
    0xbf, 0x0, 0x0, 0x0, 0x2f, 0xa0, 0x0, 0x0,
    0xb, 0xf0, 0x0, 0x0, 0x2, 0xfa, 0x0, 0x0,
    0x0, 0xbf, 0x10, 0x0, 0x0, 0x2f, 0xa0, 0x0,
    0x0, 0x8, 0xfc, 0x99, 0x20, 0x2, 0xfa, 0x0,
    0x0, 0x0, 0xa, 0xff, 0xf3
};


/*---------------------
 *  GLYPH DESCRIPTION
 *--------------------*/

static const lv_font_fmt_txt_glyph_dsc_t glyph_dsc[] = {
    {.bitmap_index = 0, .adv_w = 0, .box_w = 0, .box_h = 0, .ofs_x = 0, .ofs_y = 0} /* id = 0 reserved */,
    {.bitmap_index = 0, .adv_w = 0, .box_w = 0, .box_h = 0, .ofs_x = 0, .ofs_y = 0},
    {.bitmap_index = 0, .adv_w = 134, .box_w = 0, .box_h = 0, .ofs_x = 0, .ofs_y = 0},
    {.bitmap_index = 0, .adv_w = 134, .box_w = 0, .box_h = 0, .ofs_x = 0, .ofs_y = 0},
    {.bitmap_index = 0, .adv_w = 134, .box_w = 0, .box_h = 0, .ofs_x = 0, .ofs_y = 0},
    {.bitmap_index = 0, .adv_w = 134, .box_w = 3, .box_h = 10, .ofs_x = 3, .ofs_y = 0},
    {.bitmap_index = 15, .adv_w = 134, .box_w = 6, .box_h = 5, .ofs_x = 1, .ofs_y = 5},
    {.bitmap_index = 30, .adv_w = 134, .box_w = 9, .box_h = 10, .ofs_x = 0, .ofs_y = 0},
    {.bitmap_index = 75, .adv_w = 134, .box_w = 8, .box_h = 13, .ofs_x = 0, .ofs_y = -2},
    {.bitmap_index = 127, .adv_w = 134, .box_w = 8, .box_h = 10, .ofs_x = 0, .ofs_y = 0},
    {.bitmap_index = 167, .adv_w = 134, .box_w = 9, .box_h = 10, .ofs_x = 0, .ofs_y = 0},
    {.bitmap_index = 212, .adv_w = 134, .box_w = 3, .box_h = 5, .ofs_x = 3, .ofs_y = 5},
    {.bitmap_index = 220, .adv_w = 134, .box_w = 5, .box_h = 15, .ofs_x = 2, .ofs_y = -2},
    {.bitmap_index = 258, .adv_w = 134, .box_w = 6, .box_h = 15, .ofs_x = 1, .ofs_y = -2},
    {.bitmap_index = 303, .adv_w = 134, .box_w = 8, .box_h = 9, .ofs_x = 0, .ofs_y = 1},
    {.bitmap_index = 339, .adv_w = 134, .box_w = 8, .box_h = 7, .ofs_x = 0, .ofs_y = 1},
    {.bitmap_index = 367, .adv_w = 134, .box_w = 4, .box_h = 5, .ofs_x = 2, .ofs_y = -2},
    {.bitmap_index = 377, .adv_w = 134, .box_w = 6, .box_h = 2, .ofs_x = 1, .ofs_y = 4},
    {.bitmap_index = 383, .adv_w = 134, .box_w = 4, .box_h = 3, .ofs_x = 2, .ofs_y = 0},
    {.bitmap_index = 389, .adv_w = 134, .box_w = 8, .box_h = 14, .ofs_x = 0, .ofs_y = -2},
    {.bitmap_index = 445, .adv_w = 134, .box_w = 8, .box_h = 10, .ofs_x = 0, .ofs_y = 0},
    {.bitmap_index = 485, .adv_w = 134, .box_w = 7, .box_h = 10, .ofs_x = 1, .ofs_y = 0},
    {.bitmap_index = 520, .adv_w = 134, .box_w = 8, .box_h = 10, .ofs_x = 0, .ofs_y = 0},
    {.bitmap_index = 560, .adv_w = 134, .box_w = 8, .box_h = 10, .ofs_x = 0, .ofs_y = 0},
    {.bitmap_index = 600, .adv_w = 134, .box_w = 8, .box_h = 10, .ofs_x = 0, .ofs_y = 0},
    {.bitmap_index = 640, .adv_w = 134, .box_w = 8, .box_h = 10, .ofs_x = 0, .ofs_y = 0},
    {.bitmap_index = 680, .adv_w = 134, .box_w = 8, .box_h = 10, .ofs_x = 0, .ofs_y = 0},
    {.bitmap_index = 720, .adv_w = 134, .box_w = 8, .box_h = 10, .ofs_x = 0, .ofs_y = 0},
    {.bitmap_index = 760, .adv_w = 134, .box_w = 8, .box_h = 10, .ofs_x = 0, .ofs_y = 0},
    {.bitmap_index = 800, .adv_w = 134, .box_w = 8, .box_h = 10, .ofs_x = 0, .ofs_y = 0},
    {.bitmap_index = 840, .adv_w = 134, .box_w = 4, .box_h = 8, .ofs_x = 2, .ofs_y = 0},
    {.bitmap_index = 856, .adv_w = 134, .box_w = 4, .box_h = 10, .ofs_x = 2, .ofs_y = -2},
    {.bitmap_index = 876, .adv_w = 134, .box_w = 7, .box_h = 9, .ofs_x = 1, .ofs_y = 0},
    {.bitmap_index = 908, .adv_w = 134, .box_w = 7, .box_h = 5, .ofs_x = 1, .ofs_y = 2},
    {.bitmap_index = 926, .adv_w = 134, .box_w = 7, .box_h = 9, .ofs_x = 1, .ofs_y = 0},
    {.bitmap_index = 958, .adv_w = 134, .box_w = 7, .box_h = 10, .ofs_x = 1, .ofs_y = 0},
    {.bitmap_index = 993, .adv_w = 134, .box_w = 9, .box_h = 12, .ofs_x = 0, .ofs_y = -2},
    {.bitmap_index = 1047, .adv_w = 134, .box_w = 9, .box_h = 10, .ofs_x = 0, .ofs_y = 0},
    {.bitmap_index = 1092, .adv_w = 134, .box_w = 7, .box_h = 10, .ofs_x = 1, .ofs_y = 0},
    {.bitmap_index = 1127, .adv_w = 134, .box_w = 8, .box_h = 10, .ofs_x = 0, .ofs_y = 0},
    {.bitmap_index = 1167, .adv_w = 134, .box_w = 7, .box_h = 10, .ofs_x = 1, .ofs_y = 0},
    {.bitmap_index = 1202, .adv_w = 134, .box_w = 7, .box_h = 10, .ofs_x = 1, .ofs_y = 0},
    {.bitmap_index = 1237, .adv_w = 134, .box_w = 7, .box_h = 10, .ofs_x = 1, .ofs_y = 0},
    {.bitmap_index = 1272, .adv_w = 134, .box_w = 8, .box_h = 10, .ofs_x = 0, .ofs_y = 0},
    {.bitmap_index = 1312, .adv_w = 134, .box_w = 7, .box_h = 10, .ofs_x = 1, .ofs_y = 0},
    {.bitmap_index = 1347, .adv_w = 134, .box_w = 7, .box_h = 10, .ofs_x = 1, .ofs_y = 0},
    {.bitmap_index = 1382, .adv_w = 134, .box_w = 8, .box_h = 10, .ofs_x = 0, .ofs_y = 0},
    {.bitmap_index = 1422, .adv_w = 134, .box_w = 8, .box_h = 10, .ofs_x = 1, .ofs_y = 0},
    {.bitmap_index = 1462, .adv_w = 134, .box_w = 7, .box_h = 10, .ofs_x = 1, .ofs_y = 0},
    {.bitmap_index = 1497, .adv_w = 134, .box_w = 8, .box_h = 10, .ofs_x = 0, .ofs_y = 0},
    {.bitmap_index = 1537, .adv_w = 134, .box_w = 8, .box_h = 10, .ofs_x = 0, .ofs_y = 0},
    {.bitmap_index = 1577, .adv_w = 134, .box_w = 8, .box_h = 10, .ofs_x = 0, .ofs_y = 0},
    {.bitmap_index = 1617, .adv_w = 134, .box_w = 7, .box_h = 10, .ofs_x = 1, .ofs_y = 0},
    {.bitmap_index = 1652, .adv_w = 134, .box_w = 8, .box_h = 12, .ofs_x = 0, .ofs_y = -2},
    {.bitmap_index = 1700, .adv_w = 134, .box_w = 7, .box_h = 10, .ofs_x = 1, .ofs_y = 0},
    {.bitmap_index = 1735, .adv_w = 134, .box_w = 8, .box_h = 10, .ofs_x = 0, .ofs_y = 0},
    {.bitmap_index = 1775, .adv_w = 134, .box_w = 8, .box_h = 10, .ofs_x = 0, .ofs_y = 0},
    {.bitmap_index = 1815, .adv_w = 134, .box_w = 8, .box_h = 10, .ofs_x = 0, .ofs_y = 0},
    {.bitmap_index = 1855, .adv_w = 134, .box_w = 9, .box_h = 10, .ofs_x = 0, .ofs_y = 0},
    {.bitmap_index = 1900, .adv_w = 134, .box_w = 9, .box_h = 10, .ofs_x = 0, .ofs_y = 0},
    {.bitmap_index = 1945, .adv_w = 134, .box_w = 9, .box_h = 10, .ofs_x = 0, .ofs_y = 0},
    {.bitmap_index = 1990, .adv_w = 134, .box_w = 9, .box_h = 10, .ofs_x = 0, .ofs_y = 0},
    {.bitmap_index = 2035, .adv_w = 134, .box_w = 7, .box_h = 10, .ofs_x = 1, .ofs_y = 0},
    {.bitmap_index = 2070, .adv_w = 134, .box_w = 5, .box_h = 14, .ofs_x = 2, .ofs_y = -2},
    {.bitmap_index = 2105, .adv_w = 134, .box_w = 8, .box_h = 14, .ofs_x = 0, .ofs_y = -2},
    {.bitmap_index = 2161, .adv_w = 134, .box_w = 5, .box_h = 14, .ofs_x = 1, .ofs_y = -2},
    {.bitmap_index = 2196, .adv_w = 134, .box_w = 8, .box_h = 7, .ofs_x = 0, .ofs_y = 4},
    {.bitmap_index = 2224, .adv_w = 134, .box_w = 8, .box_h = 2, .ofs_x = 0, .ofs_y = -2},
    {.bitmap_index = 2232, .adv_w = 134, .box_w = 4, .box_h = 3, .ofs_x = 2, .ofs_y = 9},
    {.bitmap_index = 2238, .adv_w = 134, .box_w = 8, .box_h = 8, .ofs_x = 0, .ofs_y = 0},
    {.bitmap_index = 2270, .adv_w = 134, .box_w = 7, .box_h = 10, .ofs_x = 1, .ofs_y = 0},
    {.bitmap_index = 2305, .adv_w = 134, .box_w = 8, .box_h = 8, .ofs_x = 0, .ofs_y = 0},
    {.bitmap_index = 2337, .adv_w = 134, .box_w = 8, .box_h = 10, .ofs_x = 0, .ofs_y = 0},
    {.bitmap_index = 2377, .adv_w = 134, .box_w = 8, .box_h = 8, .ofs_x = 0, .ofs_y = 0},
    {.bitmap_index = 2409, .adv_w = 134, .box_w = 8, .box_h = 10, .ofs_x = 0, .ofs_y = 0},
    {.bitmap_index = 2449, .adv_w = 134, .box_w = 8, .box_h = 10, .ofs_x = 0, .ofs_y = -2},
    {.bitmap_index = 2489, .adv_w = 134, .box_w = 7, .box_h = 10, .ofs_x = 1, .ofs_y = 0},
    {.bitmap_index = 2524, .adv_w = 134, .box_w = 7, .box_h = 11, .ofs_x = 1, .ofs_y = 0},
    {.bitmap_index = 2563, .adv_w = 134, .box_w = 6, .box_h = 13, .ofs_x = 1, .ofs_y = -2},
    {.bitmap_index = 2602, .adv_w = 134, .box_w = 8, .box_h = 10, .ofs_x = 1, .ofs_y = 0},
    {.bitmap_index = 2642, .adv_w = 134, .box_w = 8, .box_h = 10, .ofs_x = 0, .ofs_y = 0},
    {.bitmap_index = 2682, .adv_w = 134, .box_w = 8, .box_h = 8, .ofs_x = 0, .ofs_y = 0},
    {.bitmap_index = 2714, .adv_w = 134, .box_w = 7, .box_h = 8, .ofs_x = 1, .ofs_y = 0},
    {.bitmap_index = 2742, .adv_w = 134, .box_w = 8, .box_h = 8, .ofs_x = 0, .ofs_y = 0},
    {.bitmap_index = 2774, .adv_w = 134, .box_w = 7, .box_h = 10, .ofs_x = 1, .ofs_y = -2},
    {.bitmap_index = 2809, .adv_w = 134, .box_w = 8, .box_h = 10, .ofs_x = 0, .ofs_y = -2},
    {.bitmap_index = 2849, .adv_w = 134, .box_w = 7, .box_h = 8, .ofs_x = 1, .ofs_y = 0},
    {.bitmap_index = 2877, .adv_w = 134, .box_w = 8, .box_h = 8, .ofs_x = 0, .ofs_y = 0},
    {.bitmap_index = 2909, .adv_w = 134, .box_w = 8, .box_h = 10, .ofs_x = 0, .ofs_y = 0},
    {.bitmap_index = 2949, .adv_w = 134, .box_w = 7, .box_h = 8, .ofs_x = 1, .ofs_y = 0},
    {.bitmap_index = 2977, .adv_w = 134, .box_w = 8, .box_h = 8, .ofs_x = 0, .ofs_y = 0},
    {.bitmap_index = 3009, .adv_w = 134, .box_w = 9, .box_h = 8, .ofs_x = 0, .ofs_y = 0},
    {.bitmap_index = 3045, .adv_w = 134, .box_w = 8, .box_h = 8, .ofs_x = 0, .ofs_y = 0},
    {.bitmap_index = 3077, .adv_w = 134, .box_w = 8, .box_h = 10, .ofs_x = 0, .ofs_y = -2},
    {.bitmap_index = 3117, .adv_w = 134, .box_w = 7, .box_h = 8, .ofs_x = 1, .ofs_y = 0},
    {.bitmap_index = 3145, .adv_w = 134, .box_w = 7, .box_h = 14, .ofs_x = 1, .ofs_y = -2},
    {.bitmap_index = 3194, .adv_w = 134, .box_w = 3, .box_h = 14, .ofs_x = 3, .ofs_y = -2},
    {.bitmap_index = 3215, .adv_w = 134, .box_w = 7, .box_h = 14, .ofs_x = 1, .ofs_y = -2},
    {.bitmap_index = 3264, .adv_w = 134, .box_w = 8, .box_h = 5, .ofs_x = 0, .ofs_y = 3},
    {.bitmap_index = 3284, .adv_w = 134, .box_w = 3, .box_h = 10, .ofs_x = 3, .ofs_y = -2},
    {.bitmap_index = 3299, .adv_w = 134, .box_w = 8, .box_h = 11, .ofs_x = 0, .ofs_y = -1},
    {.bitmap_index = 3343, .adv_w = 134, .box_w = 8, .box_h = 10, .ofs_x = 0, .ofs_y = 0},
    {.bitmap_index = 3383, .adv_w = 134, .box_w = 8, .box_h = 8, .ofs_x = 0, .ofs_y = 1},
    {.bitmap_index = 3415, .adv_w = 134, .box_w = 9, .box_h = 10, .ofs_x = 0, .ofs_y = 0},
    {.bitmap_index = 3460, .adv_w = 134, .box_w = 3, .box_h = 14, .ofs_x = 3, .ofs_y = -2},
    {.bitmap_index = 3481, .adv_w = 134, .box_w = 8, .box_h = 12, .ofs_x = 0, .ofs_y = -2},
    {.bitmap_index = 3529, .adv_w = 134, .box_w = 6, .box_h = 2, .ofs_x = 1, .ofs_y = 9},
    {.bitmap_index = 3535, .adv_w = 134, .box_w = 8, .box_h = 9, .ofs_x = 0, .ofs_y = 1},
    {.bitmap_index = 3571, .adv_w = 134, .box_w = 4, .box_h = 4, .ofs_x = 2, .ofs_y = 6},
    {.bitmap_index = 3579, .adv_w = 134, .box_w = 9, .box_h = 7, .ofs_x = 0, .ofs_y = 1},
    {.bitmap_index = 3611, .adv_w = 134, .box_w = 8, .box_h = 4, .ofs_x = 0, .ofs_y = 3},
    {.bitmap_index = 3627, .adv_w = 134, .box_w = 8, .box_h = 9, .ofs_x = 0, .ofs_y = 1},
    {.bitmap_index = 3663, .adv_w = 134, .box_w = 5, .box_h = 2, .ofs_x = 2, .ofs_y = 10},
    {.bitmap_index = 3668, .adv_w = 134, .box_w = 5, .box_h = 4, .ofs_x = 2, .ofs_y = 6},
    {.bitmap_index = 3678, .adv_w = 134, .box_w = 8, .box_h = 9, .ofs_x = 0, .ofs_y = 0},
    {.bitmap_index = 3714, .adv_w = 134, .box_w = 4, .box_h = 5, .ofs_x = 2, .ofs_y = 6},
    {.bitmap_index = 3724, .adv_w = 134, .box_w = 4, .box_h = 5, .ofs_x = 2, .ofs_y = 6},
    {.bitmap_index = 3734, .adv_w = 134, .box_w = 4, .box_h = 3, .ofs_x = 3, .ofs_y = 9},
    {.bitmap_index = 3740, .adv_w = 134, .box_w = 7, .box_h = 10, .ofs_x = 1, .ofs_y = -2},
    {.bitmap_index = 3775, .adv_w = 134, .box_w = 8, .box_h = 10, .ofs_x = 0, .ofs_y = 0},
    {.bitmap_index = 3815, .adv_w = 134, .box_w = 4, .box_h = 3, .ofs_x = 2, .ofs_y = 4},
    {.bitmap_index = 3821, .adv_w = 134, .box_w = 4, .box_h = 4, .ofs_x = 2, .ofs_y = -3},
    {.bitmap_index = 3829, .adv_w = 134, .box_w = 5, .box_h = 5, .ofs_x = 2, .ofs_y = 6},
    {.bitmap_index = 3842, .adv_w = 134, .box_w = 4, .box_h = 4, .ofs_x = 2, .ofs_y = 6},
    {.bitmap_index = 3850, .adv_w = 134, .box_w = 9, .box_h = 7, .ofs_x = 0, .ofs_y = 1},
    {.bitmap_index = 3882, .adv_w = 134, .box_w = 8, .box_h = 11, .ofs_x = 0, .ofs_y = 0},
    {.bitmap_index = 3926, .adv_w = 134, .box_w = 9, .box_h = 11, .ofs_x = 0, .ofs_y = 0},
    {.bitmap_index = 3976, .adv_w = 134, .box_w = 9, .box_h = 10, .ofs_x = -1, .ofs_y = 0},
    {.bitmap_index = 4021, .adv_w = 134, .box_w = 6, .box_h = 10, .ofs_x = 1, .ofs_y = -2},
    {.bitmap_index = 4051, .adv_w = 134, .box_w = 9, .box_h = 14, .ofs_x = 0, .ofs_y = 0},
    {.bitmap_index = 4114, .adv_w = 134, .box_w = 9, .box_h = 14, .ofs_x = 0, .ofs_y = 0},
    {.bitmap_index = 4177, .adv_w = 134, .box_w = 9, .box_h = 14, .ofs_x = 0, .ofs_y = 0},
    {.bitmap_index = 4240, .adv_w = 134, .box_w = 9, .box_h = 14, .ofs_x = 0, .ofs_y = 0},
    {.bitmap_index = 4303, .adv_w = 134, .box_w = 9, .box_h = 14, .ofs_x = 0, .ofs_y = 0},
    {.bitmap_index = 4366, .adv_w = 134, .box_w = 9, .box_h = 14, .ofs_x = 0, .ofs_y = 0},
    {.bitmap_index = 4429, .adv_w = 134, .box_w = 9, .box_h = 10, .ofs_x = 0, .ofs_y = 0},
    {.bitmap_index = 4474, .adv_w = 134, .box_w = 8, .box_h = 13, .ofs_x = 0, .ofs_y = -3},
    {.bitmap_index = 4526, .adv_w = 134, .box_w = 7, .box_h = 14, .ofs_x = 1, .ofs_y = 0},
    {.bitmap_index = 4575, .adv_w = 134, .box_w = 7, .box_h = 14, .ofs_x = 1, .ofs_y = 0},
    {.bitmap_index = 4624, .adv_w = 134, .box_w = 7, .box_h = 14, .ofs_x = 1, .ofs_y = 0},
    {.bitmap_index = 4673, .adv_w = 134, .box_w = 7, .box_h = 14, .ofs_x = 1, .ofs_y = 0},
    {.bitmap_index = 4722, .adv_w = 134, .box_w = 7, .box_h = 14, .ofs_x = 1, .ofs_y = 0},
    {.bitmap_index = 4771, .adv_w = 134, .box_w = 7, .box_h = 14, .ofs_x = 1, .ofs_y = 0},
    {.bitmap_index = 4820, .adv_w = 134, .box_w = 7, .box_h = 14, .ofs_x = 1, .ofs_y = 0},
    {.bitmap_index = 4869, .adv_w = 134, .box_w = 7, .box_h = 14, .ofs_x = 1, .ofs_y = 0},
    {.bitmap_index = 4918, .adv_w = 134, .box_w = 8, .box_h = 10, .ofs_x = 0, .ofs_y = 0},
    {.bitmap_index = 4958, .adv_w = 134, .box_w = 8, .box_h = 14, .ofs_x = 0, .ofs_y = 0},
    {.bitmap_index = 5014, .adv_w = 134, .box_w = 8, .box_h = 14, .ofs_x = 0, .ofs_y = 0},
    {.bitmap_index = 5070, .adv_w = 134, .box_w = 8, .box_h = 14, .ofs_x = 0, .ofs_y = 0},
    {.bitmap_index = 5126, .adv_w = 134, .box_w = 8, .box_h = 14, .ofs_x = 0, .ofs_y = 0},
    {.bitmap_index = 5182, .adv_w = 134, .box_w = 8, .box_h = 14, .ofs_x = 0, .ofs_y = 0},
    {.bitmap_index = 5238, .adv_w = 134, .box_w = 8, .box_h = 14, .ofs_x = 0, .ofs_y = 0},
    {.bitmap_index = 5294, .adv_w = 134, .box_w = 7, .box_h = 7, .ofs_x = 1, .ofs_y = 1},
    {.bitmap_index = 5319, .adv_w = 134, .box_w = 9, .box_h = 11, .ofs_x = 0, .ofs_y = -1},
    {.bitmap_index = 5369, .adv_w = 134, .box_w = 8, .box_h = 14, .ofs_x = 0, .ofs_y = 0},
    {.bitmap_index = 5425, .adv_w = 134, .box_w = 8, .box_h = 14, .ofs_x = 0, .ofs_y = 0},
    {.bitmap_index = 5481, .adv_w = 134, .box_w = 8, .box_h = 14, .ofs_x = 0, .ofs_y = 0},
    {.bitmap_index = 5537, .adv_w = 134, .box_w = 8, .box_h = 14, .ofs_x = 0, .ofs_y = 0},
    {.bitmap_index = 5593, .adv_w = 134, .box_w = 9, .box_h = 14, .ofs_x = 0, .ofs_y = 0},
    {.bitmap_index = 5656, .adv_w = 134, .box_w = 7, .box_h = 10, .ofs_x = 1, .ofs_y = 0},
    {.bitmap_index = 5691, .adv_w = 134, .box_w = 9, .box_h = 10, .ofs_x = 0, .ofs_y = 0},
    {.bitmap_index = 5736, .adv_w = 134, .box_w = 8, .box_h = 12, .ofs_x = 0, .ofs_y = 0},
    {.bitmap_index = 5784, .adv_w = 134, .box_w = 8, .box_h = 12, .ofs_x = 0, .ofs_y = 0},
    {.bitmap_index = 5832, .adv_w = 134, .box_w = 8, .box_h = 12, .ofs_x = 0, .ofs_y = 0},
    {.bitmap_index = 5880, .adv_w = 134, .box_w = 8, .box_h = 11, .ofs_x = 0, .ofs_y = 0},
    {.bitmap_index = 5924, .adv_w = 134, .box_w = 8, .box_h = 11, .ofs_x = 0, .ofs_y = 0},
    {.bitmap_index = 5968, .adv_w = 134, .box_w = 8, .box_h = 12, .ofs_x = 0, .ofs_y = 0},
    {.bitmap_index = 6016, .adv_w = 134, .box_w = 8, .box_h = 8, .ofs_x = 0, .ofs_y = 0},
    {.bitmap_index = 6048, .adv_w = 134, .box_w = 8, .box_h = 11, .ofs_x = 0, .ofs_y = -3},
    {.bitmap_index = 6092, .adv_w = 134, .box_w = 8, .box_h = 12, .ofs_x = 0, .ofs_y = 0},
    {.bitmap_index = 6140, .adv_w = 134, .box_w = 8, .box_h = 12, .ofs_x = 0, .ofs_y = 0},
    {.bitmap_index = 6188, .adv_w = 134, .box_w = 8, .box_h = 12, .ofs_x = 0, .ofs_y = 0},
    {.bitmap_index = 6236, .adv_w = 134, .box_w = 8, .box_h = 11, .ofs_x = 0, .ofs_y = 0},
    {.bitmap_index = 6280, .adv_w = 134, .box_w = 7, .box_h = 12, .ofs_x = 1, .ofs_y = 0},
    {.bitmap_index = 6322, .adv_w = 134, .box_w = 7, .box_h = 12, .ofs_x = 1, .ofs_y = 0},
    {.bitmap_index = 6364, .adv_w = 134, .box_w = 7, .box_h = 12, .ofs_x = 1, .ofs_y = 0},
    {.bitmap_index = 6406, .adv_w = 134, .box_w = 7, .box_h = 11, .ofs_x = 1, .ofs_y = 0},
    {.bitmap_index = 6445, .adv_w = 134, .box_w = 8, .box_h = 11, .ofs_x = 0, .ofs_y = 0},
    {.bitmap_index = 6489, .adv_w = 134, .box_w = 7, .box_h = 11, .ofs_x = 1, .ofs_y = 0},
    {.bitmap_index = 6528, .adv_w = 134, .box_w = 8, .box_h = 12, .ofs_x = 0, .ofs_y = 0},
    {.bitmap_index = 6576, .adv_w = 134, .box_w = 8, .box_h = 12, .ofs_x = 0, .ofs_y = 0},
    {.bitmap_index = 6624, .adv_w = 134, .box_w = 8, .box_h = 12, .ofs_x = 0, .ofs_y = 0},
    {.bitmap_index = 6672, .adv_w = 134, .box_w = 8, .box_h = 12, .ofs_x = 0, .ofs_y = 0},
    {.bitmap_index = 6720, .adv_w = 134, .box_w = 8, .box_h = 11, .ofs_x = 0, .ofs_y = 0},
    {.bitmap_index = 6764, .adv_w = 134, .box_w = 6, .box_h = 8, .ofs_x = 1, .ofs_y = 1},
    {.bitmap_index = 6788, .adv_w = 134, .box_w = 8, .box_h = 10, .ofs_x = 0, .ofs_y = -1},
    {.bitmap_index = 6828, .adv_w = 134, .box_w = 7, .box_h = 12, .ofs_x = 1, .ofs_y = 0},
    {.bitmap_index = 6870, .adv_w = 134, .box_w = 7, .box_h = 12, .ofs_x = 1, .ofs_y = 0},
    {.bitmap_index = 6912, .adv_w = 134, .box_w = 7, .box_h = 12, .ofs_x = 1, .ofs_y = 0},
    {.bitmap_index = 6954, .adv_w = 134, .box_w = 7, .box_h = 11, .ofs_x = 1, .ofs_y = 0},
    {.bitmap_index = 6993, .adv_w = 134, .box_w = 8, .box_h = 14, .ofs_x = 0, .ofs_y = -2},
    {.bitmap_index = 7049, .adv_w = 134, .box_w = 7, .box_h = 12, .ofs_x = 1, .ofs_y = -2},
    {.bitmap_index = 7091, .adv_w = 134, .box_w = 8, .box_h = 13, .ofs_x = 0, .ofs_y = -2},
    {.bitmap_index = 7143, .adv_w = 134, .box_w = 9, .box_h = 14, .ofs_x = 0, .ofs_y = 0},
    {.bitmap_index = 7206, .adv_w = 134, .box_w = 8, .box_h = 11, .ofs_x = 0, .ofs_y = 0},
    {.bitmap_index = 7250, .adv_w = 134, .box_w = 9, .box_h = 14, .ofs_x = 0, .ofs_y = 0},
    {.bitmap_index = 7313, .adv_w = 134, .box_w = 8, .box_h = 11, .ofs_x = 0, .ofs_y = 0},
    {.bitmap_index = 7357, .adv_w = 134, .box_w = 9, .box_h = 14, .ofs_x = 0, .ofs_y = -4},
    {.bitmap_index = 7420, .adv_w = 134, .box_w = 8, .box_h = 12, .ofs_x = 0, .ofs_y = -4},
    {.bitmap_index = 7468, .adv_w = 134, .box_w = 8, .box_h = 14, .ofs_x = 0, .ofs_y = 0},
    {.bitmap_index = 7524, .adv_w = 134, .box_w = 8, .box_h = 12, .ofs_x = 0, .ofs_y = 0},
    {.bitmap_index = 7572, .adv_w = 134, .box_w = 8, .box_h = 14, .ofs_x = 0, .ofs_y = 0},
    {.bitmap_index = 7628, .adv_w = 134, .box_w = 8, .box_h = 12, .ofs_x = 0, .ofs_y = 0},
    {.bitmap_index = 7676, .adv_w = 134, .box_w = 8, .box_h = 14, .ofs_x = 0, .ofs_y = 0},
    {.bitmap_index = 7732, .adv_w = 134, .box_w = 8, .box_h = 12, .ofs_x = 0, .ofs_y = 0},
    {.bitmap_index = 7780, .adv_w = 134, .box_w = 8, .box_h = 14, .ofs_x = 0, .ofs_y = 0},
    {.bitmap_index = 7836, .adv_w = 134, .box_w = 8, .box_h = 12, .ofs_x = 0, .ofs_y = 0},
    {.bitmap_index = 7884, .adv_w = 134, .box_w = 7, .box_h = 14, .ofs_x = 1, .ofs_y = 0},
    {.bitmap_index = 7933, .adv_w = 134, .box_w = 10, .box_h = 11, .ofs_x = 0, .ofs_y = 0},
    {.bitmap_index = 7988, .adv_w = 134, .box_w = 8, .box_h = 10, .ofs_x = 0, .ofs_y = 0},
    {.bitmap_index = 8028, .adv_w = 134, .box_w = 9, .box_h = 10, .ofs_x = 0, .ofs_y = 0},
    {.bitmap_index = 8073, .adv_w = 134, .box_w = 7, .box_h = 14, .ofs_x = 1, .ofs_y = 0},
    {.bitmap_index = 8122, .adv_w = 134, .box_w = 8, .box_h = 11, .ofs_x = 0, .ofs_y = 0},
    {.bitmap_index = 8166, .adv_w = 134, .box_w = 7, .box_h = 14, .ofs_x = 1, .ofs_y = 0},
    {.bitmap_index = 8215, .adv_w = 134, .box_w = 8, .box_h = 12, .ofs_x = 0, .ofs_y = 0},
    {.bitmap_index = 8263, .adv_w = 134, .box_w = 7, .box_h = 14, .ofs_x = 1, .ofs_y = 0},
    {.bitmap_index = 8312, .adv_w = 134, .box_w = 8, .box_h = 12, .ofs_x = 0, .ofs_y = 0},
    {.bitmap_index = 8360, .adv_w = 134, .box_w = 7, .box_h = 14, .ofs_x = 1, .ofs_y = -4},
    {.bitmap_index = 8409, .adv_w = 134, .box_w = 8, .box_h = 12, .ofs_x = 0, .ofs_y = -4},
    {.bitmap_index = 8457, .adv_w = 134, .box_w = 7, .box_h = 14, .ofs_x = 1, .ofs_y = 0},
    {.bitmap_index = 8506, .adv_w = 134, .box_w = 8, .box_h = 12, .ofs_x = 0, .ofs_y = 0},
    {.bitmap_index = 8554, .adv_w = 134, .box_w = 8, .box_h = 14, .ofs_x = 0, .ofs_y = 0},
    {.bitmap_index = 8610, .adv_w = 134, .box_w = 8, .box_h = 14, .ofs_x = 0, .ofs_y = -2},
    {.bitmap_index = 8666, .adv_w = 134, .box_w = 8, .box_h = 14, .ofs_x = 0, .ofs_y = 0},
    {.bitmap_index = 8722, .adv_w = 134, .box_w = 8, .box_h = 14, .ofs_x = 0, .ofs_y = -2},
    {.bitmap_index = 8778, .adv_w = 134, .box_w = 8, .box_h = 14, .ofs_x = 0, .ofs_y = 0},
    {.bitmap_index = 8834, .adv_w = 134, .box_w = 8, .box_h = 14, .ofs_x = 0, .ofs_y = -2},
    {.bitmap_index = 8890, .adv_w = 134, .box_w = 8, .box_h = 14, .ofs_x = 0, .ofs_y = -4},
    {.bitmap_index = 8946, .adv_w = 134, .box_w = 8, .box_h = 15, .ofs_x = 0, .ofs_y = -2},
    {.bitmap_index = 9006, .adv_w = 134, .box_w = 7, .box_h = 14, .ofs_x = 1, .ofs_y = 0},
    {.bitmap_index = 9055, .adv_w = 134, .box_w = 9, .box_h = 14, .ofs_x = -1, .ofs_y = 0},
    {.bitmap_index = 9118, .adv_w = 134, .box_w = 8, .box_h = 10, .ofs_x = 0, .ofs_y = 0},
    {.bitmap_index = 9158, .adv_w = 134, .box_w = 8, .box_h = 10, .ofs_x = 0, .ofs_y = 0},
    {.bitmap_index = 9198, .adv_w = 134, .box_w = 7, .box_h = 14, .ofs_x = 1, .ofs_y = 0},
    {.bitmap_index = 9247, .adv_w = 134, .box_w = 7, .box_h = 11, .ofs_x = 1, .ofs_y = 0},
    {.bitmap_index = 9286, .adv_w = 134, .box_w = 7, .box_h = 14, .ofs_x = 1, .ofs_y = 0},
    {.bitmap_index = 9335, .adv_w = 134, .box_w = 7, .box_h = 11, .ofs_x = 1, .ofs_y = 0},
    {.bitmap_index = 9374, .adv_w = 134, .box_w = 7, .box_h = 14, .ofs_x = 1, .ofs_y = 0},
    {.bitmap_index = 9423, .adv_w = 134, .box_w = 7, .box_h = 11, .ofs_x = 1, .ofs_y = 0},
    {.bitmap_index = 9462, .adv_w = 134, .box_w = 7, .box_h = 14, .ofs_x = 1, .ofs_y = -4},
    {.bitmap_index = 9511, .adv_w = 134, .box_w = 7, .box_h = 15, .ofs_x = 1, .ofs_y = -4},
    {.bitmap_index = 9564, .adv_w = 134, .box_w = 7, .box_h = 14, .ofs_x = 1, .ofs_y = 0},
    {.bitmap_index = 9613, .adv_w = 134, .box_w = 7, .box_h = 8, .ofs_x = 1, .ofs_y = 0},
    {.bitmap_index = 9641, .adv_w = 134, .box_w = 8, .box_h = 10, .ofs_x = 0, .ofs_y = 0},
    {.bitmap_index = 9681, .adv_w = 134, .box_w = 8, .box_h = 13, .ofs_x = 0, .ofs_y = -2},
    {.bitmap_index = 9733, .adv_w = 134, .box_w = 8, .box_h = 14, .ofs_x = 0, .ofs_y = 0},
    {.bitmap_index = 9789, .adv_w = 134, .box_w = 6, .box_h = 14, .ofs_x = 1, .ofs_y = -2},
    {.bitmap_index = 9831, .adv_w = 134, .box_w = 8, .box_h = 14, .ofs_x = 1, .ofs_y = -4},
    {.bitmap_index = 9887, .adv_w = 134, .box_w = 8, .box_h = 14, .ofs_x = 1, .ofs_y = -4},
    {.bitmap_index = 9943, .adv_w = 134, .box_w = 8, .box_h = 8, .ofs_x = 1, .ofs_y = 0},
    {.bitmap_index = 9975, .adv_w = 134, .box_w = 7, .box_h = 14, .ofs_x = 1, .ofs_y = 0},
    {.bitmap_index = 10024, .adv_w = 134, .box_w = 8, .box_h = 14, .ofs_x = 0, .ofs_y = 0},
    {.bitmap_index = 10080, .adv_w = 134, .box_w = 7, .box_h = 14, .ofs_x = 1, .ofs_y = -4},
    {.bitmap_index = 10129, .adv_w = 134, .box_w = 8, .box_h = 14, .ofs_x = 0, .ofs_y = -4},
    {.bitmap_index = 10185, .adv_w = 134, .box_w = 8, .box_h = 11, .ofs_x = 1, .ofs_y = 0},
    {.bitmap_index = 10229, .adv_w = 134, .box_w = 10, .box_h = 11, .ofs_x = 0, .ofs_y = 0},
    {.bitmap_index = 10284, .adv_w = 134, .box_w = 7, .box_h = 10, .ofs_x = 1, .ofs_y = 0},
    {.bitmap_index = 10319, .adv_w = 134, .box_w = 8, .box_h = 10, .ofs_x = 0, .ofs_y = 0},
    {.bitmap_index = 10359, .adv_w = 134, .box_w = 8, .box_h = 10, .ofs_x = 0, .ofs_y = 0},
    {.bitmap_index = 10399, .adv_w = 134, .box_w = 8, .box_h = 10, .ofs_x = 0, .ofs_y = 0},
    {.bitmap_index = 10439, .adv_w = 134, .box_w = 8, .box_h = 14, .ofs_x = 0, .ofs_y = 0},
    {.bitmap_index = 10495, .adv_w = 134, .box_w = 7, .box_h = 12, .ofs_x = 1, .ofs_y = 0},
    {.bitmap_index = 10537, .adv_w = 134, .box_w = 8, .box_h = 14, .ofs_x = 0, .ofs_y = -4},
    {.bitmap_index = 10593, .adv_w = 134, .box_w = 7, .box_h = 12, .ofs_x = 1, .ofs_y = -4},
    {.bitmap_index = 10635, .adv_w = 134, .box_w = 8, .box_h = 14, .ofs_x = 0, .ofs_y = 0},
    {.bitmap_index = 10691, .adv_w = 134, .box_w = 7, .box_h = 12, .ofs_x = 1, .ofs_y = 0},
    {.bitmap_index = 10733, .adv_w = 134, .box_w = 9, .box_h = 10, .ofs_x = -1, .ofs_y = 0},
    {.bitmap_index = 10778, .adv_w = 134, .box_w = 8, .box_h = 12, .ofs_x = 0, .ofs_y = -2},
    {.bitmap_index = 10826, .adv_w = 134, .box_w = 7, .box_h = 10, .ofs_x = 1, .ofs_y = -2},
    {.bitmap_index = 10861, .adv_w = 134, .box_w = 8, .box_h = 14, .ofs_x = 0, .ofs_y = 0},
    {.bitmap_index = 10917, .adv_w = 134, .box_w = 8, .box_h = 11, .ofs_x = 0, .ofs_y = 0},
    {.bitmap_index = 10961, .adv_w = 134, .box_w = 8, .box_h = 14, .ofs_x = 0, .ofs_y = 0},
    {.bitmap_index = 11017, .adv_w = 134, .box_w = 8, .box_h = 12, .ofs_x = 0, .ofs_y = 0},
    {.bitmap_index = 11065, .adv_w = 134, .box_w = 8, .box_h = 14, .ofs_x = 0, .ofs_y = 0},
    {.bitmap_index = 11121, .adv_w = 134, .box_w = 8, .box_h = 12, .ofs_x = 0, .ofs_y = 0},
    {.bitmap_index = 11169, .adv_w = 134, .box_w = 9, .box_h = 10, .ofs_x = 0, .ofs_y = 0},
    {.bitmap_index = 11214, .adv_w = 134, .box_w = 8, .box_h = 8, .ofs_x = 0, .ofs_y = 0},
    {.bitmap_index = 11246, .adv_w = 134, .box_w = 7, .box_h = 14, .ofs_x = 1, .ofs_y = 0},
    {.bitmap_index = 11295, .adv_w = 134, .box_w = 7, .box_h = 12, .ofs_x = 1, .ofs_y = 0},
    {.bitmap_index = 11337, .adv_w = 134, .box_w = 7, .box_h = 14, .ofs_x = 1, .ofs_y = -4},
    {.bitmap_index = 11386, .adv_w = 134, .box_w = 7, .box_h = 12, .ofs_x = 1, .ofs_y = -4},
    {.bitmap_index = 11428, .adv_w = 134, .box_w = 7, .box_h = 14, .ofs_x = 1, .ofs_y = 0},
    {.bitmap_index = 11477, .adv_w = 134, .box_w = 7, .box_h = 12, .ofs_x = 1, .ofs_y = 0},
    {.bitmap_index = 11519, .adv_w = 134, .box_w = 8, .box_h = 14, .ofs_x = 0, .ofs_y = 0},
    {.bitmap_index = 11575, .adv_w = 134, .box_w = 8, .box_h = 12, .ofs_x = 0, .ofs_y = 0},
    {.bitmap_index = 11623, .adv_w = 134, .box_w = 8, .box_h = 14, .ofs_x = 0, .ofs_y = 0},
    {.bitmap_index = 11679, .adv_w = 134, .box_w = 8, .box_h = 12, .ofs_x = 0, .ofs_y = 0},
    {.bitmap_index = 11727, .adv_w = 134, .box_w = 8, .box_h = 13, .ofs_x = 0, .ofs_y = -3},
    {.bitmap_index = 11779, .adv_w = 134, .box_w = 8, .box_h = 11, .ofs_x = 0, .ofs_y = -3},
    {.bitmap_index = 11823, .adv_w = 134, .box_w = 8, .box_h = 14, .ofs_x = 0, .ofs_y = 0},
    {.bitmap_index = 11879, .adv_w = 134, .box_w = 8, .box_h = 12, .ofs_x = 0, .ofs_y = 0},
    {.bitmap_index = 11927, .adv_w = 134, .box_w = 8, .box_h = 13, .ofs_x = 0, .ofs_y = -3},
    {.bitmap_index = 11979, .adv_w = 134, .box_w = 8, .box_h = 13, .ofs_x = 0, .ofs_y = -3},
    {.bitmap_index = 12031, .adv_w = 134, .box_w = 8, .box_h = 14, .ofs_x = 0, .ofs_y = 0},
    {.bitmap_index = 12087, .adv_w = 134, .box_w = 9, .box_h = 11, .ofs_x = 0, .ofs_y = 0},
    {.bitmap_index = 12137, .adv_w = 134, .box_w = 8, .box_h = 10, .ofs_x = 0, .ofs_y = 0},
    {.bitmap_index = 12177, .adv_w = 134, .box_w = 8, .box_h = 10, .ofs_x = 0, .ofs_y = 0},
    {.bitmap_index = 12217, .adv_w = 134, .box_w = 8, .box_h = 14, .ofs_x = 0, .ofs_y = 0},
    {.bitmap_index = 12273, .adv_w = 134, .box_w = 7, .box_h = 12, .ofs_x = 1, .ofs_y = 0},
    {.bitmap_index = 12315, .adv_w = 134, .box_w = 8, .box_h = 14, .ofs_x = 0, .ofs_y = 0},
    {.bitmap_index = 12371, .adv_w = 134, .box_w = 7, .box_h = 11, .ofs_x = 1, .ofs_y = 0},
    {.bitmap_index = 12410, .adv_w = 134, .box_w = 8, .box_h = 14, .ofs_x = 0, .ofs_y = 0},
    {.bitmap_index = 12466, .adv_w = 134, .box_w = 7, .box_h = 12, .ofs_x = 1, .ofs_y = 0},
    {.bitmap_index = 12508, .adv_w = 134, .box_w = 8, .box_h = 14, .ofs_x = 0, .ofs_y = 0},
    {.bitmap_index = 12564, .adv_w = 134, .box_w = 7, .box_h = 12, .ofs_x = 1, .ofs_y = 0},
    {.bitmap_index = 12606, .adv_w = 134, .box_w = 8, .box_h = 14, .ofs_x = 0, .ofs_y = 0},
    {.bitmap_index = 12662, .adv_w = 134, .box_w = 7, .box_h = 12, .ofs_x = 1, .ofs_y = 0},
    {.bitmap_index = 12704, .adv_w = 134, .box_w = 8, .box_h = 14, .ofs_x = 0, .ofs_y = -4},
    {.bitmap_index = 12760, .adv_w = 134, .box_w = 7, .box_h = 12, .ofs_x = 1, .ofs_y = -4},
    {.bitmap_index = 12802, .adv_w = 134, .box_w = 9, .box_h = 14, .ofs_x = 0, .ofs_y = 0},
    {.bitmap_index = 12865, .adv_w = 134, .box_w = 9, .box_h = 12, .ofs_x = 0, .ofs_y = 0},
    {.bitmap_index = 12919, .adv_w = 134, .box_w = 9, .box_h = 14, .ofs_x = 0, .ofs_y = 0},
    {.bitmap_index = 12982, .adv_w = 134, .box_w = 8, .box_h = 14, .ofs_x = 0, .ofs_y = -2},
    {.bitmap_index = 13038, .adv_w = 134, .box_w = 9, .box_h = 14, .ofs_x = 0, .ofs_y = 0},
    {.bitmap_index = 13101, .adv_w = 134, .box_w = 7, .box_h = 14, .ofs_x = 1, .ofs_y = 0},
    {.bitmap_index = 13150, .adv_w = 134, .box_w = 7, .box_h = 12, .ofs_x = 1, .ofs_y = 0},
    {.bitmap_index = 13192, .adv_w = 134, .box_w = 7, .box_h = 14, .ofs_x = 1, .ofs_y = 0},
    {.bitmap_index = 13241, .adv_w = 134, .box_w = 7, .box_h = 11, .ofs_x = 1, .ofs_y = 0},
    {.bitmap_index = 13280, .adv_w = 134, .box_w = 7, .box_h = 14, .ofs_x = 1, .ofs_y = 0},
    {.bitmap_index = 13329, .adv_w = 134, .box_w = 7, .box_h = 12, .ofs_x = 1, .ofs_y = 0},
    {.bitmap_index = 13371, .adv_w = 134, .box_w = 6, .box_h = 10, .ofs_x = 2, .ofs_y = 0},
    {.bitmap_index = 13401, .adv_w = 134, .box_w = 8, .box_h = 12, .ofs_x = 0, .ofs_y = -2},
    {.bitmap_index = 13449, .adv_w = 134, .box_w = 8, .box_h = 14, .ofs_x = 0, .ofs_y = -4},
    {.bitmap_index = 13505, .adv_w = 134, .box_w = 8, .box_h = 12, .ofs_x = 0, .ofs_y = -4},
    {.bitmap_index = 13553, .adv_w = 134, .box_w = 8, .box_h = 14, .ofs_x = 0, .ofs_y = -4},
    {.bitmap_index = 13609, .adv_w = 134, .box_w = 8, .box_h = 14, .ofs_x = 0, .ofs_y = -4},
    {.bitmap_index = 13665, .adv_w = 134, .box_w = 6, .box_h = 10, .ofs_x = 1, .ofs_y = -2},
    {.bitmap_index = 13695, .adv_w = 134, .box_w = 6, .box_h = 2, .ofs_x = 1, .ofs_y = 9},
    {.bitmap_index = 13701, .adv_w = 134, .box_w = 6, .box_h = 2, .ofs_x = 1, .ofs_y = 9},
    {.bitmap_index = 13707, .adv_w = 134, .box_w = 5, .box_h = 2, .ofs_x = 2, .ofs_y = 12},
    {.bitmap_index = 13712, .adv_w = 134, .box_w = 6, .box_h = 3, .ofs_x = 1, .ofs_y = 8},
    {.bitmap_index = 13721, .adv_w = 134, .box_w = 4, .box_h = 2, .ofs_x = 2, .ofs_y = 10},
    {.bitmap_index = 13725, .adv_w = 134, .box_w = 4, .box_h = 3, .ofs_x = 2, .ofs_y = 9},
    {.bitmap_index = 13731, .adv_w = 134, .box_w = 4, .box_h = 4, .ofs_x = 2, .ofs_y = -4},
    {.bitmap_index = 13739, .adv_w = 134, .box_w = 6, .box_h = 3, .ofs_x = 1, .ofs_y = 8},
    {.bitmap_index = 13748, .adv_w = 134, .box_w = 7, .box_h = 3, .ofs_x = 1, .ofs_y = 9},
    {.bitmap_index = 13759, .adv_w = 134, .box_w = 7, .box_h = 10, .ofs_x = 1, .ofs_y = -2},
    {.bitmap_index = 13794, .adv_w = 134, .box_w = 9, .box_h = 8, .ofs_x = 0, .ofs_y = 0},
    {.bitmap_index = 13830, .adv_w = 134, .box_w = 7, .box_h = 14, .ofs_x = 1, .ofs_y = 0},
    {.bitmap_index = 13879, .adv_w = 134, .box_w = 8, .box_h = 12, .ofs_x = 0, .ofs_y = -2},
    {.bitmap_index = 13927, .adv_w = 134, .box_w = 7, .box_h = 14, .ofs_x = 1, .ofs_y = 0},
    {.bitmap_index = 13976, .adv_w = 134, .box_w = 8, .box_h = 10, .ofs_x = 0, .ofs_y = 0},
    {.bitmap_index = 14016, .adv_w = 134, .box_w = 8, .box_h = 10, .ofs_x = 0, .ofs_y = 0},
    {.bitmap_index = 14056, .adv_w = 134, .box_w = 7, .box_h = 10, .ofs_x = 1, .ofs_y = 0},
    {.bitmap_index = 14091, .adv_w = 134, .box_w = 7, .box_h = 14, .ofs_x = 1, .ofs_y = 0},
    {.bitmap_index = 14140, .adv_w = 134, .box_w = 8, .box_h = 10, .ofs_x = 0, .ofs_y = 0},
    {.bitmap_index = 14180, .adv_w = 134, .box_w = 10, .box_h = 10, .ofs_x = -1, .ofs_y = 0},
    {.bitmap_index = 14230, .adv_w = 134, .box_w = 9, .box_h = 10, .ofs_x = 0, .ofs_y = 0},
    {.bitmap_index = 14275, .adv_w = 134, .box_w = 8, .box_h = 10, .ofs_x = 0, .ofs_y = 0},
    {.bitmap_index = 14315, .adv_w = 134, .box_w = 8, .box_h = 14, .ofs_x = 1, .ofs_y = 0},
    {.bitmap_index = 14371, .adv_w = 134, .box_w = 9, .box_h = 14, .ofs_x = 0, .ofs_y = 0},
    {.bitmap_index = 14434, .adv_w = 134, .box_w = 7, .box_h = 12, .ofs_x = 1, .ofs_y = -2},
    {.bitmap_index = 14476, .adv_w = 134, .box_w = 9, .box_h = 10, .ofs_x = 0, .ofs_y = 0},
    {.bitmap_index = 14521, .adv_w = 134, .box_w = 7, .box_h = 10, .ofs_x = 1, .ofs_y = 0},
    {.bitmap_index = 14556, .adv_w = 134, .box_w = 7, .box_h = 10, .ofs_x = 1, .ofs_y = 0},
    {.bitmap_index = 14591, .adv_w = 134, .box_w = 7, .box_h = 10, .ofs_x = 1, .ofs_y = 0},
    {.bitmap_index = 14626, .adv_w = 134, .box_w = 9, .box_h = 12, .ofs_x = 0, .ofs_y = -2},
    {.bitmap_index = 14680, .adv_w = 134, .box_w = 7, .box_h = 10, .ofs_x = 1, .ofs_y = 0},
    {.bitmap_index = 14715, .adv_w = 134, .box_w = 9, .box_h = 10, .ofs_x = 0, .ofs_y = 0},
    {.bitmap_index = 14760, .adv_w = 134, .box_w = 8, .box_h = 10, .ofs_x = 0, .ofs_y = 0},
    {.bitmap_index = 14800, .adv_w = 134, .box_w = 8, .box_h = 10, .ofs_x = 0, .ofs_y = 0},
    {.bitmap_index = 14840, .adv_w = 134, .box_w = 8, .box_h = 14, .ofs_x = 0, .ofs_y = 0},
    {.bitmap_index = 14896, .adv_w = 134, .box_w = 8, .box_h = 10, .ofs_x = 1, .ofs_y = 0},
    {.bitmap_index = 14936, .adv_w = 134, .box_w = 8, .box_h = 10, .ofs_x = 0, .ofs_y = 0},
    {.bitmap_index = 14976, .adv_w = 134, .box_w = 8, .box_h = 10, .ofs_x = 0, .ofs_y = 0},
    {.bitmap_index = 15016, .adv_w = 134, .box_w = 7, .box_h = 10, .ofs_x = 1, .ofs_y = 0},
    {.bitmap_index = 15051, .adv_w = 134, .box_w = 8, .box_h = 10, .ofs_x = 0, .ofs_y = 0},
    {.bitmap_index = 15091, .adv_w = 134, .box_w = 7, .box_h = 10, .ofs_x = 1, .ofs_y = 0},
    {.bitmap_index = 15126, .adv_w = 134, .box_w = 7, .box_h = 10, .ofs_x = 1, .ofs_y = 0},
    {.bitmap_index = 15161, .adv_w = 134, .box_w = 8, .box_h = 10, .ofs_x = 0, .ofs_y = 0},
    {.bitmap_index = 15201, .adv_w = 134, .box_w = 8, .box_h = 10, .ofs_x = 0, .ofs_y = 0},
    {.bitmap_index = 15241, .adv_w = 134, .box_w = 9, .box_h = 10, .ofs_x = 0, .ofs_y = 0},
    {.bitmap_index = 15286, .adv_w = 134, .box_w = 8, .box_h = 12, .ofs_x = 0, .ofs_y = 0},
    {.bitmap_index = 15334, .adv_w = 134, .box_w = 9, .box_h = 10, .ofs_x = 0, .ofs_y = 0},
    {.bitmap_index = 15379, .adv_w = 134, .box_w = 8, .box_h = 12, .ofs_x = 1, .ofs_y = -2},
    {.bitmap_index = 15427, .adv_w = 134, .box_w = 8, .box_h = 10, .ofs_x = 0, .ofs_y = 0},
    {.bitmap_index = 15467, .adv_w = 134, .box_w = 8, .box_h = 10, .ofs_x = 0, .ofs_y = 0},
    {.bitmap_index = 15507, .adv_w = 134, .box_w = 9, .box_h = 12, .ofs_x = 0, .ofs_y = -2},
    {.bitmap_index = 15561, .adv_w = 134, .box_w = 9, .box_h = 10, .ofs_x = 0, .ofs_y = 0},
    {.bitmap_index = 15606, .adv_w = 134, .box_w = 8, .box_h = 10, .ofs_x = 0, .ofs_y = 0},
    {.bitmap_index = 15646, .adv_w = 134, .box_w = 7, .box_h = 10, .ofs_x = 1, .ofs_y = 0},
    {.bitmap_index = 15681, .adv_w = 134, .box_w = 8, .box_h = 10, .ofs_x = 0, .ofs_y = 0},
    {.bitmap_index = 15721, .adv_w = 134, .box_w = 9, .box_h = 10, .ofs_x = 0, .ofs_y = 0},
    {.bitmap_index = 15766, .adv_w = 134, .box_w = 8, .box_h = 10, .ofs_x = 0, .ofs_y = 0},
    {.bitmap_index = 15806, .adv_w = 134, .box_w = 8, .box_h = 8, .ofs_x = 0, .ofs_y = 0},
    {.bitmap_index = 15838, .adv_w = 134, .box_w = 8, .box_h = 10, .ofs_x = 0, .ofs_y = 0},
    {.bitmap_index = 15878, .adv_w = 134, .box_w = 7, .box_h = 8, .ofs_x = 1, .ofs_y = 0},
    {.bitmap_index = 15906, .adv_w = 134, .box_w = 7, .box_h = 8, .ofs_x = 1, .ofs_y = 0},
    {.bitmap_index = 15934, .adv_w = 134, .box_w = 9, .box_h = 10, .ofs_x = 0, .ofs_y = -2},
    {.bitmap_index = 15979, .adv_w = 134, .box_w = 8, .box_h = 8, .ofs_x = 0, .ofs_y = 0},
    {.bitmap_index = 16011, .adv_w = 134, .box_w = 9, .box_h = 8, .ofs_x = 0, .ofs_y = 0},
    {.bitmap_index = 16047, .adv_w = 134, .box_w = 8, .box_h = 8, .ofs_x = 0, .ofs_y = 0},
    {.bitmap_index = 16079, .adv_w = 134, .box_w = 7, .box_h = 8, .ofs_x = 1, .ofs_y = 0},
    {.bitmap_index = 16107, .adv_w = 134, .box_w = 7, .box_h = 11, .ofs_x = 1, .ofs_y = 0},
    {.bitmap_index = 16146, .adv_w = 134, .box_w = 8, .box_h = 8, .ofs_x = 1, .ofs_y = 0},
    {.bitmap_index = 16178, .adv_w = 134, .box_w = 8, .box_h = 8, .ofs_x = 0, .ofs_y = 0},
    {.bitmap_index = 16210, .adv_w = 134, .box_w = 8, .box_h = 8, .ofs_x = 0, .ofs_y = 0},
    {.bitmap_index = 16242, .adv_w = 134, .box_w = 7, .box_h = 8, .ofs_x = 1, .ofs_y = 0},
    {.bitmap_index = 16270, .adv_w = 134, .box_w = 8, .box_h = 8, .ofs_x = 0, .ofs_y = 0},
    {.bitmap_index = 16302, .adv_w = 134, .box_w = 7, .box_h = 8, .ofs_x = 1, .ofs_y = 0},
    {.bitmap_index = 16330, .adv_w = 134, .box_w = 7, .box_h = 10, .ofs_x = 1, .ofs_y = -2},
    {.bitmap_index = 16365, .adv_w = 134, .box_w = 8, .box_h = 8, .ofs_x = 0, .ofs_y = 0},
    {.bitmap_index = 16397, .adv_w = 134, .box_w = 8, .box_h = 8, .ofs_x = 0, .ofs_y = 0},
    {.bitmap_index = 16429, .adv_w = 134, .box_w = 8, .box_h = 10, .ofs_x = 0, .ofs_y = -2},
    {.bitmap_index = 16469, .adv_w = 134, .box_w = 8, .box_h = 12, .ofs_x = 0, .ofs_y = -2},
    {.bitmap_index = 16517, .adv_w = 134, .box_w = 8, .box_h = 8, .ofs_x = 0, .ofs_y = 0},
    {.bitmap_index = 16549, .adv_w = 134, .box_w = 8, .box_h = 10, .ofs_x = 1, .ofs_y = -2},
    {.bitmap_index = 16589, .adv_w = 134, .box_w = 8, .box_h = 8, .ofs_x = 0, .ofs_y = 0},
    {.bitmap_index = 16621, .adv_w = 134, .box_w = 8, .box_h = 8, .ofs_x = 0, .ofs_y = 0},
    {.bitmap_index = 16653, .adv_w = 134, .box_w = 9, .box_h = 10, .ofs_x = 0, .ofs_y = -2},
    {.bitmap_index = 16698, .adv_w = 134, .box_w = 9, .box_h = 8, .ofs_x = 0, .ofs_y = 0},
    {.bitmap_index = 16734, .adv_w = 134, .box_w = 8, .box_h = 8, .ofs_x = 0, .ofs_y = 0},
    {.bitmap_index = 16766, .adv_w = 134, .box_w = 7, .box_h = 8, .ofs_x = 1, .ofs_y = 0},
    {.bitmap_index = 16794, .adv_w = 134, .box_w = 8, .box_h = 8, .ofs_x = 0, .ofs_y = 0},
    {.bitmap_index = 16826, .adv_w = 134, .box_w = 8, .box_h = 8, .ofs_x = 0, .ofs_y = 0},
    {.bitmap_index = 16858, .adv_w = 134, .box_w = 8, .box_h = 8, .ofs_x = 0, .ofs_y = 0},
    {.bitmap_index = 16890, .adv_w = 134, .box_w = 8, .box_h = 11, .ofs_x = 0, .ofs_y = 0},
    {.bitmap_index = 16934, .adv_w = 134, .box_w = 8, .box_h = 12, .ofs_x = 0, .ofs_y = -2},
    {.bitmap_index = 16982, .adv_w = 134, .box_w = 7, .box_h = 12, .ofs_x = 1, .ofs_y = 0},
    {.bitmap_index = 17024, .adv_w = 134, .box_w = 7, .box_h = 8, .ofs_x = 1, .ofs_y = 0},
    {.bitmap_index = 17052, .adv_w = 134, .box_w = 8, .box_h = 8, .ofs_x = 0, .ofs_y = 0},
    {.bitmap_index = 17084, .adv_w = 134, .box_w = 7, .box_h = 11, .ofs_x = 1, .ofs_y = 0},
    {.bitmap_index = 17123, .adv_w = 134, .box_w = 7, .box_h = 11, .ofs_x = 1, .ofs_y = 0},
    {.bitmap_index = 17162, .adv_w = 134, .box_w = 6, .box_h = 13, .ofs_x = 1, .ofs_y = -2},
    {.bitmap_index = 17201, .adv_w = 134, .box_w = 10, .box_h = 8, .ofs_x = -1, .ofs_y = 0},
    {.bitmap_index = 17241, .adv_w = 134, .box_w = 9, .box_h = 8, .ofs_x = 0, .ofs_y = 0},
    {.bitmap_index = 17277, .adv_w = 134, .box_w = 8, .box_h = 10, .ofs_x = 0, .ofs_y = 0},
    {.bitmap_index = 17317, .adv_w = 134, .box_w = 8, .box_h = 12, .ofs_x = 1, .ofs_y = 0},
    {.bitmap_index = 17365, .adv_w = 134, .box_w = 8, .box_h = 14, .ofs_x = 0, .ofs_y = -2},
    {.bitmap_index = 17421, .adv_w = 134, .box_w = 7, .box_h = 10, .ofs_x = 1, .ofs_y = -2},
    {.bitmap_index = 17456, .adv_w = 134, .box_w = 7, .box_h = 12, .ofs_x = 1, .ofs_y = 0},
    {.bitmap_index = 17498, .adv_w = 134, .box_w = 7, .box_h = 10, .ofs_x = 1, .ofs_y = 0},
    {.bitmap_index = 17533, .adv_w = 134, .box_w = 9, .box_h = 14, .ofs_x = 0, .ofs_y = 0},
    {.bitmap_index = 17596, .adv_w = 134, .box_w = 9, .box_h = 12, .ofs_x = 0, .ofs_y = 0},
    {.bitmap_index = 17650, .adv_w = 134, .box_w = 9, .box_h = 14, .ofs_x = 0, .ofs_y = 0},
    {.bitmap_index = 17713, .adv_w = 134, .box_w = 9, .box_h = 12, .ofs_x = 0, .ofs_y = 0},
    {.bitmap_index = 17767, .adv_w = 134, .box_w = 9, .box_h = 14, .ofs_x = 0, .ofs_y = 0},
    {.bitmap_index = 17830, .adv_w = 134, .box_w = 9, .box_h = 11, .ofs_x = 0, .ofs_y = 0},
    {.bitmap_index = 17880, .adv_w = 134, .box_w = 8, .box_h = 2, .ofs_x = 0, .ofs_y = 4},
    {.bitmap_index = 17888, .adv_w = 134, .box_w = 9, .box_h = 2, .ofs_x = 0, .ofs_y = 4},
    {.bitmap_index = 17897, .adv_w = 134, .box_w = 5, .box_h = 5, .ofs_x = 2, .ofs_y = 7},
    {.bitmap_index = 17910, .adv_w = 134, .box_w = 4, .box_h = 5, .ofs_x = 2, .ofs_y = 7},
    {.bitmap_index = 17920, .adv_w = 134, .box_w = 4, .box_h = 5, .ofs_x = 2, .ofs_y = -2},
    {.bitmap_index = 17930, .adv_w = 134, .box_w = 8, .box_h = 5, .ofs_x = 1, .ofs_y = 7},
    {.bitmap_index = 17950, .adv_w = 134, .box_w = 8, .box_h = 5, .ofs_x = 0, .ofs_y = 7},
    {.bitmap_index = 17970, .adv_w = 134, .box_w = 8, .box_h = 5, .ofs_x = 0, .ofs_y = -2},
    {.bitmap_index = 17990, .adv_w = 134, .box_w = 6, .box_h = 14, .ofs_x = 1, .ofs_y = -2},
    {.bitmap_index = 18032, .adv_w = 134, .box_w = 7, .box_h = 15, .ofs_x = 1, .ofs_y = -2},
    {.bitmap_index = 18085, .adv_w = 134, .box_w = 5, .box_h = 4, .ofs_x = 2, .ofs_y = 3},
    {.bitmap_index = 18095, .adv_w = 134, .box_w = 8, .box_h = 3, .ofs_x = 0, .ofs_y = 0},
    {.bitmap_index = 18107, .adv_w = 134, .box_w = 9, .box_h = 10, .ofs_x = 0, .ofs_y = 0},
    {.bitmap_index = 18152, .adv_w = 134, .box_w = 5, .box_h = 7, .ofs_x = 2, .ofs_y = 1},
    {.bitmap_index = 18170, .adv_w = 134, .box_w = 5, .box_h = 7, .ofs_x = 2, .ofs_y = 1},
    {.bitmap_index = 18188, .adv_w = 134, .box_w = 7, .box_h = 10, .ofs_x = 1, .ofs_y = 0},
    {.bitmap_index = 18223, .adv_w = 134, .box_w = 5, .box_h = 5, .ofs_x = 2, .ofs_y = 6},
    {.bitmap_index = 18236, .adv_w = 134, .box_w = 4, .box_h = 5, .ofs_x = 2, .ofs_y = 6},
    {.bitmap_index = 18246, .adv_w = 134, .box_w = 5, .box_h = 5, .ofs_x = 2, .ofs_y = -1},
    {.bitmap_index = 18259, .adv_w = 134, .box_w = 5, .box_h = 5, .ofs_x = 2, .ofs_y = -1},
    {.bitmap_index = 18272, .adv_w = 134, .box_w = 4, .box_h = 5, .ofs_x = 2, .ofs_y = -1},
    {.bitmap_index = 18282, .adv_w = 134, .box_w = 4, .box_h = 5, .ofs_x = 2, .ofs_y = -1},
    {.bitmap_index = 18292, .adv_w = 134, .box_w = 4, .box_h = 5, .ofs_x = 2, .ofs_y = -1},
    {.bitmap_index = 18302, .adv_w = 134, .box_w = 8, .box_h = 10, .ofs_x = 0, .ofs_y = 0},
    {.bitmap_index = 18342, .adv_w = 134, .box_w = 8, .box_h = 12, .ofs_x = 0, .ofs_y = -1},
    {.bitmap_index = 18390, .adv_w = 134, .box_w = 8, .box_h = 11, .ofs_x = 0, .ofs_y = 0},
    {.bitmap_index = 18434, .adv_w = 134, .box_w = 8, .box_h = 6, .ofs_x = 0, .ofs_y = 5},
    {.bitmap_index = 18458, .adv_w = 134, .box_w = 8, .box_h = 11, .ofs_x = 0, .ofs_y = 0},
    {.bitmap_index = 18502, .adv_w = 134, .box_w = 8, .box_h = 10, .ofs_x = 0, .ofs_y = 0},
    {.bitmap_index = 18542, .adv_w = 134, .box_w = 8, .box_h = 12, .ofs_x = 0, .ofs_y = -1},
    {.bitmap_index = 18590, .adv_w = 134, .box_w = 8, .box_h = 11, .ofs_x = 0, .ofs_y = 0},
    {.bitmap_index = 18634, .adv_w = 134, .box_w = 7, .box_h = 12, .ofs_x = 1, .ofs_y = -1},
    {.bitmap_index = 18676, .adv_w = 134, .box_w = 8, .box_h = 14, .ofs_x = 0, .ofs_y = -3},
    {.bitmap_index = 18732, .adv_w = 134, .box_w = 6, .box_h = 3, .ofs_x = 1, .ofs_y = 3},
    {.bitmap_index = 18741, .adv_w = 134, .box_w = 7, .box_h = 10, .ofs_x = 1, .ofs_y = 0},
    {.bitmap_index = 18776, .adv_w = 134, .box_w = 4, .box_h = 3, .ofs_x = 2, .ofs_y = 3},
    {.bitmap_index = 18782, .adv_w = 134, .box_w = 9, .box_h = 12, .ofs_x = 0, .ofs_y = -1},
    {.bitmap_index = 18836, .adv_w = 134, .box_w = 8, .box_h = 6, .ofs_x = 0, .ofs_y = 2},
    {.bitmap_index = 18860, .adv_w = 134, .box_w = 9, .box_h = 14, .ofs_x = 0, .ofs_y = -3},
    {.bitmap_index = 18923, .adv_w = 134, .box_w = 8, .box_h = 7, .ofs_x = 0, .ofs_y = 1},
    {.bitmap_index = 18951, .adv_w = 134, .box_w = 7, .box_h = 11, .ofs_x = 1, .ofs_y = -1},
    {.bitmap_index = 18990, .adv_w = 134, .box_w = 7, .box_h = 11, .ofs_x = 1, .ofs_y = 0},
    {.bitmap_index = 19029, .adv_w = 134, .box_w = 7, .box_h = 11, .ofs_x = 1, .ofs_y = 0},
    {.bitmap_index = 19068, .adv_w = 134, .box_w = 8, .box_h = 11, .ofs_x = 0, .ofs_y = 0},
    {.bitmap_index = 19112, .adv_w = 134, .box_w = 9, .box_h = 17, .ofs_x = 0, .ofs_y = -3},
    {.bitmap_index = 19189, .adv_w = 269, .box_w = 17, .box_h = 11, .ofs_x = 0, .ofs_y = 0},
    {.bitmap_index = 19283, .adv_w = 269, .box_w = 17, .box_h = 10, .ofs_x = 0, .ofs_y = 0}
};

/*---------------------
 *  CHARACTER MAPPING
 *--------------------*/

static const uint16_t unicode_list_0[] = {
    0x0, 0xa, 0xd
};

static const uint16_t unicode_list_4[] = {
    0x0, 0x86, 0x87, 0x88, 0x89, 0xa5, 0x134, 0x135,
    0x137, 0x146, 0x147, 0x148, 0x149, 0x14a, 0x14b, 0x22a,
    0x22e
};

static const uint16_t unicode_list_8[] = {
    0x0, 0x1, 0x32, 0x33, 0x1a22, 0x1a23, 0x1a24, 0x1a25,
    0x1a26, 0x1a27, 0x1bb5, 0x1bb6, 0x1bba, 0x1bbb, 0x1bbc, 0x1bbe,
    0x1bbf, 0x1bc0, 0x1bc2, 0x1bc3, 0x1bc4, 0x1bc8, 0x1bd2, 0x1bdb,
    0x1bdc, 0x1be6, 0x1c12, 0x1c16, 0x1c22, 0x1c23, 0x1c24, 0x1c25,
    0x1c26, 0x1c4e, 0x1cb5, 0x1cb8, 0x1cc4, 0x1cc8, 0x1cd0, 0x1da4,
    0x1da8, 0x1db1, 0x1db3, 0x1db4, 0x1db7, 0x1dbb, 0x1dbc, 0x1dc0,
    0x1dcd, 0x1dea, 0x1e02, 0x1e06, 0x1e07, 0x216c, 0x2266, 0xf6a3,
    0xf6a4
};

/*Collect the unicode lists and glyph_id offsets*/
static const lv_font_fmt_txt_cmap_t cmaps[] =
{
    {
        .range_start = 0, .range_length = 14, .glyph_id_start = 1,
        .unicode_list = unicode_list_0, .glyph_id_ofs_list = NULL, .list_length = 3, .type = LV_FONT_FMT_TXT_CMAP_SPARSE_TINY
    },
    {
        .range_start = 32, .range_length = 95, .glyph_id_start = 4,
        .unicode_list = NULL, .glyph_id_ofs_list = NULL, .list_length = 0, .type = LV_FONT_FMT_TXT_CMAP_FORMAT0_TINY
    },
    {
        .range_start = 161, .range_length = 12, .glyph_id_start = 99,
        .unicode_list = NULL, .glyph_id_ofs_list = NULL, .list_length = 0, .type = LV_FONT_FMT_TXT_CMAP_FORMAT0_TINY
    },
    {
        .range_start = 174, .range_length = 210, .glyph_id_start = 111,
        .unicode_list = NULL, .glyph_id_ofs_list = NULL, .list_length = 0, .type = LV_FONT_FMT_TXT_CMAP_FORMAT0_TINY
    },
    {
        .range_start = 402, .range_length = 559, .glyph_id_start = 321,
        .unicode_list = unicode_list_4, .glyph_id_ofs_list = NULL, .list_length = 17, .type = LV_FONT_FMT_TXT_CMAP_SPARSE_TINY
    },
    {
        .range_start = 1025, .range_length = 12, .glyph_id_start = 338,
        .unicode_list = NULL, .glyph_id_ofs_list = NULL, .list_length = 0, .type = LV_FONT_FMT_TXT_CMAP_FORMAT0_TINY
    },
    {
        .range_start = 1038, .range_length = 66, .glyph_id_start = 350,
        .unicode_list = NULL, .glyph_id_ofs_list = NULL, .list_length = 0, .type = LV_FONT_FMT_TXT_CMAP_FORMAT0_TINY
    },
    {
        .range_start = 1105, .range_length = 12, .glyph_id_start = 416,
        .unicode_list = NULL, .glyph_id_ofs_list = NULL, .list_length = 0, .type = LV_FONT_FMT_TXT_CMAP_FORMAT0_TINY
    },
    {
        .range_start = 1118, .range_length = 63141, .glyph_id_start = 428,
        .unicode_list = unicode_list_8, .glyph_id_ofs_list = NULL, .list_length = 57, .type = LV_FONT_FMT_TXT_CMAP_SPARSE_TINY
    }
};



/*--------------------
 *  ALL CUSTOM DATA
 *--------------------*/

#if LVGL_VERSION_MAJOR == 8
/*Store all the custom data of the font*/
static  lv_font_fmt_txt_glyph_cache_t cache;
#endif

#if LVGL_VERSION_MAJOR >= 8
static const lv_font_fmt_txt_dsc_t font_dsc = {
#else
static lv_font_fmt_txt_dsc_t font_dsc = {
#endif
    .glyph_bitmap = glyph_bitmap,
    .glyph_dsc = glyph_dsc,
    .cmaps = cmaps,
    .kern_dsc = NULL,
    .kern_scale = 0,
    .cmap_num = 9,
    .bpp = 4,
    .kern_classes = 0,
    .bitmap_format = 0,
#if LVGL_VERSION_MAJOR == 8
    .cache = &cache
#endif

};



/*-----------------
 *  PUBLIC FONT
 *----------------*/

/*Initialize a public general font descriptor*/
#if LVGL_VERSION_MAJOR >= 8
const lv_font_t Font_Mono_Bold_14 = {
#else
lv_font_t Font_Mono_Bold_14 = {
#endif
    .get_glyph_dsc = lv_font_get_glyph_dsc_fmt_txt,    /*Function pointer to get glyph's data*/
    .get_glyph_bitmap = lv_font_get_bitmap_fmt_txt,    /*Function pointer to get glyph's bitmap*/
    .line_height = 18,          /*The maximum line height required by the font*/
    .base_line = 4,             /*Baseline measured from the bottom of the line*/
#if !(LVGL_VERSION_MAJOR == 6 && LVGL_VERSION_MINOR == 0)
    .subpx = LV_FONT_SUBPX_NONE,
#endif
#if LV_VERSION_CHECK(7, 4, 0) || LVGL_VERSION_MAJOR >= 8
    .underline_position = -2,
    .underline_thickness = 1,
#endif
    .dsc = &font_dsc,          /*The custom font data. Will be accessed by `get_glyph_bitmap/dsc` */
#if LV_VERSION_CHECK(8, 2, 0) || LVGL_VERSION_MAJOR >= 9
    .fallback = NULL,
#endif
    .user_data = NULL,
};

#endif